draw_idx,hiv.beta_m2f,log_syph.beta_m2f,log_syph.rel_trans_primary,syph.time_to_undetectable,syph.p_symp_primary_f,syph.p_symp_primary_m,log_syph.rel_init_prev,syph_symp_test.rel_test,log_ng.beta_m2f,log_ct.beta_m2f,log_tv.beta_m2f,structuredsexual.prop_f0,structuredsexual.m1_conc,structuredsexual.dur_sw
0,0.011333906592716606,-1.506825371908636,0.44625175238461684,19.15350879806271,0.1431763710868539,0.8660365664725449,-3.517705948282341,1.032855742778892,-1.2592902688437504,-2.616224467998058,-1.6260872926727794,0.7694187741796766,0.20779677906659944,10.63101366342493
1,0.022333487870175903,-1.6604490233519573,0.5560391104172714,27.862412182926388,0.10028728138001237,0.8035525034013169,-2.1093378685109285,1.3905818961274805,-1.907801352542744,-1.9702889167419058,-3.4220055091582844,0.6454395881741728,0.2296110658302275,8.888101836815887
2,0.044126856576189866,-1.081905588544542,0.14778941207287158,11.668832684504386,0.11445695773643642,0.7004443104409477,-1.0754093319371711,0.6152421145636628,-1.7918897944269192,-1.8581989619942383,-2.6788271683704514,0.6892185503395372,0.0929690400676064,6.383917278170827
3,0.030094960234699666,-1.4478348023919332,2.196418575590335,28.346349042833545,0.2910208693682831,0.5040675078441046,-0.23058109734976595,0.5914409900655627,-1.9369508967832485,-3.6683649453158798,-1.6421423768222567,0.6075576740006426,0.2552456955178114,8.552835075322381
4,0.01648116263366925,-1.7453926267626065,0.9967138920176397,25.859031328430934,0.12888599506368256,0.5997933556907853,-1.128817317062912,0.48494000457033587,-1.5075878233609155,-2.436619298183198,-2.5125346674442355,0.869312058218927,0.1874743184711934,7.441075579799931
5,0.04171781229907707,-1.109990361549888,1.59758417080311,24.251070700942314,0.5682361620971849,0.7815779241619669,-2.1554411381009246,1.1493523339410925,-1.6964500772982278,-1.3193709313794058,-3.3526883133976675,0.6125258819949866,0.07848831634611164,3.2494311734706662
6,0.028996593189029925,-1.0836051657431276,0.22471419639117712,21.369208184649906,0.4463978803682773,0.770748432837345,-0.4323086920964929,0.4732147184996891,-3.2570915017992457,-1.884424769961338,-1.0470982206535595,0.815264670308028,0.20303182282453885,14.866201836829635
7,0.007082299114681923,-1.976707610535698,1.6278618015117543,10.95335285774595,0.16455688339756747,0.8105462354339783,-0.7664794192221489,0.685132439243364,-1.5329951401456952,-1.7570671579377293,-3.856429198027418,0.7764469638706989,0.24462018642513866,6.281230920858873
8,0.0447041065063774,-1.4781802832090971,1.4569471109800858,22.609559047727174,0.42373580078360795,0.8244208055660736,-2.248527716152422,0.9854907646371902,-3.0958536665010676,-2.744400642350609,-0.613818917895713,0.8890148913641343,0.1807986548551151,2.498593731166071
9,0.025050520818150086,-1.1130637880963237,1.2195764521800132,29.894157028521484,0.4047156783857718,0.7266123198224348,-3.632718400183643,1.4666125207818608,-1.227360568385087,-2.684579427686904,-3.58277076421608,0.6159373126569,0.15351438731062478,14.649748366670028
10,0.04227700125037428,-1.9204535811584962,1.857895841275041,10.761884796508262,0.2542108509982384,0.8820995365053621,-0.42160613906397204,1.485917310390114,-2.3453158696833483,-1.276382565012883,-3.139115547409378,0.8569544790995203,0.2348831257591678,12.072658433779974
11,0.009483713638829685,-1.6414279113398278,0.2050741093084174,22.022705157687206,0.5904550089761885,0.6593470287621235,-1.3445328487276837,0.6483359526194495,-2.7947736924536972,-1.2313910232712142,-2.5691719199225016,0.7280672573354938,0.20847517521405634,6.12497576954388
12,0.0490524291660766,-1.141494722542837,0.48898527624743815,23.032329524717888,0.28124005818238734,0.5465959346449265,-3.2360855163847813,0.7918203575224307,-2.1015569196257995,-3.6230954927929373,-3.774747020167032,0.7812932906439669,0.23342433959093456,13.487950645613093
13,0.035972171245942035,-1.1555383192626434,1.7977662417860534,22.822555915788815,0.4027105704518771,0.5973582999979077,-0.687822181406919,1.4949501579363087,-1.9165223134148381,-1.4227920217944594,-3.561957689184044,0.5735303685491877,0.29153892973614626,2.4688983733131646
14,0.04871009258127188,-2.239423131135669,1.3877186476630021,26.512645088473327,0.4170376586029314,0.6650422603609085,-3.4360698715593045,0.6994244099897949,-1.2040986048817057,-2.8308759918480044,-0.9771504438664205,0.6507093982141183,0.10906513957947622,3.4080590362964394
15,0.03954586063465357,-1.6828061565360448,1.4951469756546112,10.479725031587849,0.29214098811730704,0.6128915239941266,-1.3969972083998115,0.3995049847853986,-2.4490220160052387,-2.209540251092892,-1.7046566603560787,0.5774299852804232,0.09694761315603034,4.731922992194631
16,0.015607033065967696,-1.880507569549602,0.2147171383651596,18.76298679717821,0.34227670814719824,0.5748411538943738,-3.600891204101516,0.8543235427227347,-1.321016827449994,-1.8322047277666171,-1.485076202364724,0.5840615789317849,0.12961051533203727,9.592660250532404
17,0.006047324482403452,-2.069191777399516,0.507877904220898,29.946878860778323,0.43794559876338923,0.8997038456141013,-2.276875835922431,0.8405290441848958,-1.8051879967641469,-2.2728634318299408,-3.700856083885197,0.6545031375658976,0.2861233908120167,6.772408739290733
18,0.01738191546768856,-2.0405398170319966,1.6483695325486964,23.350265714650433,0.16530571872762684,0.6063420828802188,-1.552637058085243,0.4496222653449742,-3.164115264734307,-1.6447049432583136,-3.6547829044353457,0.8484988160782003,0.21923252460626047,2.5561602920148045
19,0.037207291987649306,-1.2509056700344747,0.13726868658302682,14.665256798910903,0.4882410076513929,0.6212380377935962,-2.569591211392855,1.433635424735556,-3.6563895163589075,-3.5364492140664496,-1.4327540851025904,0.5914113860568074,0.11843749588147116,9.97978429617104
20,0.013093478740698081,-1.8439965861670218,0.6275561747148799,22.450040828277853,0.5740479455804287,0.6118756063614452,-2.9737797616262873,0.6425055434461617,-2.860611257925293,-2.5318351782563684,-1.9601150388392015,0.6537727111557907,0.1333959651091516,10.315705097198206
21,0.021673463757260338,-1.20392304882515,2.1722620718788543,17.479864941315093,0.22203420409871447,0.7765362750860066,-2.5268929723596214,0.9234617911663474,-2.0212268618317744,-2.120324843187115,-3.1508075060219776,0.6369600674068077,0.11967909208658305,5.655618924913059
22,0.022960030502374874,-1.0545816566916908,1.063196582795749,20.572207375427006,0.11127905009911855,0.5579487322848273,-2.8475145029202378,0.6266900177423498,-3.608536008561281,-3.5210324006150433,-1.387165403352574,0.7087263324188322,0.1909030433170515,6.659160548106996
23,0.0456007458192493,-2.154489446363745,0.8838199601845181,15.356494177295993,0.4469926802867549,0.9072009165859014,-2.4728277878405187,0.6668473775432702,-3.7922810879633198,-3.4354278758971493,-0.6660879955597552,0.8943291610869532,0.09655658096891538,12.11337687790985
24,0.024035735637765513,-1.4036262545599034,1.7262903103251273,19.804270678486624,0.48643765344993706,0.9185616796311363,-1.8099741735687083,1.4736252719821346,-3.2420750730323586,-2.0055115663146097,-3.6506526307919596,0.7912043860871877,0.13117493675386807,10.575881201438875
25,0.010457575144996383,-1.3052658861013784,1.8914589037109166,29.49517129906441,0.22422335807836463,0.9372160523367303,-3.54382240115706,0.8968030211339517,-2.6166014942804594,-3.5563620757475007,-2.777510947757014,0.757526977480082,0.27406908036174993,3.3828659428172
26,0.03910132050724392,-1.9869665309003355,0.0017321471433326616,27.088584572446095,0.31277727040278624,0.5091524501789577,-0.9749091523446722,0.5669178602363593,-1.9745411955281202,-3.490600204760889,-1.3742491882091463,0.6828275860653674,0.17338656044718687,8.741024158388054
27,0.03149250202658339,-1.7878234767975312,1.0165683459320922,23.9375906675441,0.22536616417681768,0.8082809456538131,-1.269795194816993,1.4880534738203028,-1.7069277770328508,-2.512423177156033,-2.246779518502402,0.6925077107076107,0.221969105096674,8.018050060605479
28,0.022011761300004623,-1.833576095257535,0.5909024139313689,18.236378802543882,0.4552910008146728,0.5715569614619839,-3.2138383666013826,0.6302307434917285,-2.6690453613648435,-2.755852041487034,-2.673775082910749,0.8030376468538379,0.2150024711184687,14.788567998946665
29,0.049957413734320395,-1.3247488778175396,2.1252367691055345,23.266726351301717,0.26389052543982244,0.9145248124766618,-3.2872786785749413,0.5044118664044135,-1.7097372822332977,-3.8961432523241624,-1.5554809729001753,0.8419271040691925,0.09983482981065592,3.477205676824328
30,0.04360155964410088,-1.9018519540906884,0.19951569920907672,29.463222805532375,0.4156567913705871,0.8572977772837108,-1.3071184155503954,1.1446023646283077,-3.8403249566222253,-2.4569060645827197,-2.1312444357121443,0.7462658735343782,0.16441823268001782,11.323687523858267
31,0.03139397730506795,-2.0904580055365454,0.3060525210601023,18.499697933987136,0.38375801978611856,0.6475549822331355,-1.4976675568723756,1.4433791480302356,-3.7200639599998135,-2.713196636433395,-2.5432764080112245,0.6938384445198384,0.19834982934591777,7.520166443740993
32,0.03049182495275131,-1.0732751374891898,0.9667606865616707,24.27439028590888,0.1238173695248323,0.6152403082303662,-3.039533916498744,0.8152658670844788,-2.8195957996488383,-3.5641158300849494,-3.297359532351784,0.7545908569342076,0.14952298904170114,8.36371102229785
33,0.02360809633196629,-1.8277935346019503,1.1698819513449223,14.886681603694061,0.5055846114079245,0.8585891083854567,-0.21057688276773368,1.3459665890462122,-2.4352693802025973,-2.8060026653870125,-3.2784844353110505,0.8053435562884819,0.2889349370451823,5.150129467170364
34,0.007485814517947798,-2.1046944266119176,1.614613890254655,28.239212606894295,0.5443186948176187,0.8701735572099545,-0.5423147026685573,1.270731836354731,-3.8220801715296275,-3.139492108857913,-0.6409115904705271,0.7889034749870951,0.07952295172239823,4.228816550981284
35,0.041944699672833444,-1.248794075776267,0.593664515411379,19.445585723211728,0.27868761296335676,0.5126762834246005,-0.12298641651119091,1.3294959500762356,-3.0577293689694027,-3.1764510291751096,-1.9136688217765456,0.7939658632988223,0.295899119002254,12.811509239908734
36,0.04782195873278892,-1.520860459504282,1.463565677621903,24.144174509177,0.38250976392247094,0.667826214913497,-1.2527870185406762,0.568632027155842,-3.85836360376795,-3.6979120221934805,-2.1925378061156158,0.6967981731472765,0.27557175552516505,11.067816655441913
37,0.00994779757346599,-2.0596625499725,1.8738702435767498,29.10851589512056,0.5547439785015656,0.5650987393880824,-3.3267800939194636,0.730540322555687,-2.8374545061075325,-2.5308764614129124,-2.764369499445826,0.8378038782384258,0.22109361245902825,11.24276572416236
38,0.020841823745725456,-1.7122868930673685,1.043756237772621,10.052729489426516,0.2191248528283879,0.7682543730436125,-0.6411271958329023,1.304654782837799,-1.8357530900022252,-3.005331414794999,-3.7288012930396466,0.673677958058286,0.158215336759526,7.223909356758978
39,0.04394111409262371,-1.4635681800295042,0.5007713471381374,14.504414731511828,0.5325511217763493,0.6947739905392801,-2.7016551711648282,0.3083715855113751,-2.784071794883478,-1.3866114033229802,-1.7725798264128407,0.5797614362005316,0.09117796235582101,14.241957434379804
40,0.04608738269981647,-1.2220505887366064,0.039576921728623746,10.424160753301436,0.1622514182497762,0.785494695116973,-0.4533109211531672,0.3437675660731142,-2.9133537440554704,-1.9761239192367641,-3.7571376519665702,0.593348107981165,0.06293118957617726,4.090026137790094
41,0.007122197672467825,-2.242054891491255,0.03139534675644259,21.627525070630867,0.3469162095019438,0.5819891138066127,-0.47594737204228776,0.9378743558359817,-2.414516195287403,-2.3630052241159554,-3.695676668283945,0.8094306957195745,0.16735207784796918,9.005316255790252
42,0.024171259548550598,-1.8475182061083264,1.7044697303719316,21.303452844782875,0.34448744154596533,0.8471022842126633,-3.3774752424239343,1.0828879115735968,-2.2213243791313197,-2.581772507422432,-1.7463877338913067,0.8316095826720656,0.2929354117719769,9.72367125559536
43,0.030514500819205398,-1.3618465273728466,0.8445635650586324,18.014532988617454,0.1802219976028968,0.5988288438932245,-3.1522092092712706,1.2622396452018905,-3.4024862434298937,-2.5548755447451676,-0.7145552508456308,0.5978513255716631,0.12642647646209343,9.638204015111025
44,0.011187502469309711,-1.4605049389588345,1.3652497528528842,20.53060353598095,0.25203776145411805,0.6087654503872746,-1.3820595712859767,0.37814010617522537,-2.178671536958532,-3.545638039529212,-3.7396240439140196,0.7155677108489695,0.09870378190821853,9.331910742563952
45,0.04581129474991701,-2.168216171907675,1.0742559492461194,17.70848651057955,0.26991883587947696,0.8073360765633282,-0.7520904082148223,0.5131469672147532,-1.590084080648654,-3.7754059939660527,-2.015735646279009,0.6353989831425423,0.22912586357514725,3.6365034768142106
46,0.029206715333993712,-1.9846260230934436,0.9900770502520975,21.565691377192245,0.293871187667726,0.904955589066307,-3.2000524950146705,1.1124174604744652,-1.598189203824203,-3.029538575663732,-2.2437672202922663,0.6989272966726889,0.16845554610737995,3.590379108451514
47,0.04916145196236753,-1.1642283643885494,0.31257726915901973,20.27422949585521,0.2746873438634342,0.7833727826131462,-1.2041458084971857,0.7931294434094337,-1.6084420515640616,-2.061510691285158,-0.6729081210846592,0.6871907343903468,0.168219315601642,9.385088883049669
48,0.04730036299441056,-2.234521984028644,1.1620746864053348,13.107175393805214,0.14514116873285743,0.6537546251058044,-2.635847645175115,0.8825384861472034,-2.4954163692215916,-2.893813994258419,-3.4360556887010243,0.6276378400974165,0.21363788311254017,11.908457326630247
49,0.00823694273427421,-2.256480113774421,0.07865658982904945,16.830609557537002,0.47785909854148034,0.6771545048018405,-3.0153233986121624,1.2546986290779332,-1.6183863116696444,-1.3351285686083951,-3.262874077859867,0.8001441310734756,0.15028880065915876,6.537026724034358
50,0.027613794190756005,-1.4979876048292124,0.7740105898803616,23.54171237564728,0.5245279217779165,0.6926577659083784,-0.08856786734477495,0.9768647035624971,-3.1938335251199543,-2.1921968063940547,-1.6558353409334177,0.7580463029435245,0.19265446796406843,8.504222661333833
51,0.0495818615245656,-1.0589471637082737,1.4770149233220973,12.526540389512363,0.5355784631223933,0.6965669758577182,-3.7622281506482294,1.066268110028529,-1.2494305209115932,-2.9909228283437423,-1.2602568225968906,0.638618741057811,0.05896161115707922,10.143827014530205
52,0.02623173232363824,-1.9915494698232272,1.264022738129555,13.996602634495007,0.1948139993862513,0.769423243433015,-0.7831938967260168,0.6532072410975603,-1.7655052526174213,-1.2066995542345755,-2.091182075807402,0.5530139554280861,0.06916528274360434,12.308476950590057
53,0.02437058531543887,-1.7889574250277873,2.1605296588202667,29.234033199566184,0.4211115097316489,0.5338530094697803,-3.674440386309721,1.17263518517514,-3.0387702301562727,-3.8607730690844893,-3.812736190794341,0.7932734926993571,0.19193061803528433,11.740109042063251
54,0.03300038963869177,-2.1143799424760004,1.5500345128733943,18.569282026317364,0.2671474032640054,0.6362743189826637,-1.6958277298726,0.3674471785134459,-2.187164941169459,-1.222110058846694,-1.873439643789646,0.8299635025682814,0.11074114211036483,13.109793530912773
55,0.005113754163689138,-1.56165602428013,2.1445495031600723,21.01003764446068,0.3733254310118136,0.5287199458109865,-0.6339970412325098,0.9913490260555802,-2.014338208150856,-3.8294770455306963,-3.1099556260854255,0.6970947407056136,0.1437879521414178,2.6238516069788895
56,0.009502302569957355,-1.1849599045084978,1.421361529029928,21.512106725478105,0.4736679774629309,0.710598899121706,-3.0672393157756384,0.338343895624843,-1.6581817486546897,-2.9288031705263067,-1.4634991371045465,0.7444291082353583,0.08415080487681877,9.316162197171455
57,0.03084122250187237,-1.9004819681084784,1.0458450451744992,12.445523121924667,0.17851663423813718,0.7286092541779573,-2.140215969461396,0.8794251253541778,-1.2463365977082326,-1.6749293087231907,-1.616297452531278,0.5535095964447498,0.09582999366272221,8.239281541917773
58,0.032601037312710426,-2.2006295585572566,2.2632346047182077,24.67351318668306,0.5135326994997872,0.8561956993803329,-0.516671206457016,0.6189072512339965,-3.4701641721611844,-3.601450878408974,-0.7862631496034722,0.6495591087788963,0.08013646235263117,3.5592130430970443
59,0.007610642933797141,-1.8817873592521162,0.9987548151800257,23.78308903289588,0.5956487164446077,0.7601696887398656,-2.4436603815909166,0.8492895169456007,-2.6277371449202427,-3.4748257926168753,-2.582817181065389,0.5861860134113416,0.14715060634341598,2.151034734418294
60,0.029598129518308824,-2.2599745678065837,1.8380751610708788,27.439469237975963,0.3465098800615177,0.6756655153674869,-1.009236829427722,0.901269673607163,-1.4941798681574796,-3.4513073861292574,-1.1817508276698399,0.5649338676749507,0.08845084761620191,9.110454747753849
61,0.021018177888871507,-1.3983817096333018,1.4066224089262367,21.674775617745947,0.33936824550827116,0.7227244707697258,-2.056964078378919,0.6930754560933888,-1.3554697995099612,-2.6804914448987605,-0.8294567680322409,0.575778697827309,0.17761202288389916,5.345415777781206
62,0.03498502062842589,-2.1071724327708963,0.7387951696819355,11.665123993694538,0.2983679589438212,0.6074342829794664,-1.2481871756518839,0.7444497156460478,-3.7440754178515587,-2.840710514990705,-1.4587250618049166,0.663655512397294,0.20215905001864604,4.573923093912399
63,0.048359692794565035,-2.0372818010352987,1.9787131279330146,28.641519601141134,0.5860098216956781,0.5913033369604607,-0.48460669419313174,1.4172617517064252,-2.5430086462048767,-3.379032674481362,-1.9761022332557012,0.6408845880773778,0.1410387461974998,10.15182177108356
64,0.010358282996469279,-1.1717664397536134,1.2956971279435217,25.565199179908902,0.4442193055979221,0.8386108402402181,-0.5221921283000515,1.246074034638695,-3.3068580270347736,-3.511705657772219,-2.5231497976233346,0.8812041925802988,0.19062296975787535,14.42389312885177
65,0.04643527946710891,-1.5170054589116078,0.944814814800067,15.934362092783283,0.5466960555281591,0.809070501300848,-1.4223049248587145,0.8874488258562887,-2.75030978774837,-2.9511426877953855,-3.085497779027502,0.7228465702158975,0.1744860365174356,13.286497542566904
66,0.011875203301494908,-1.9779242847849074,1.5798779902594053,19.543204456147013,0.3556929535665646,0.5618973058587206,-0.2907419782982865,0.3505149894516469,-3.5455773698369524,-1.4906651874300718,-2.639661741533393,0.8215920508845669,0.21588205095271823,5.764771602044107
67,0.02841558168763646,-1.7142057376247835,0.5352394369464092,11.010234764262137,0.5897008465460899,0.7198796481030351,-2.2357193128626673,0.37101896410790713,-3.584441412826573,-3.2246416437069754,-2.6521579918600864,0.855270790829974,0.23789095800476012,7.925902389165822
68,0.04981328052476748,-1.4054450093005664,0.35352341869767917,27.674134078092962,0.5520377354777871,0.8532235077180683,-3.1360159691829423,0.79788101733527,-3.4474711476273376,-3.238933183982284,-1.3966306903069974,0.6256867255049867,0.06753979190346193,9.692445333751259
69,0.005757019171264222,-2.228102391733981,0.8553764637576561,16.719485516443232,0.2295780256564557,0.9064549181318582,-2.674766880669858,1.012332606369483,-3.409422726163216,-2.175333524167796,-2.9989717285398902,0.7653661402138805,0.2520567615905449,13.648552979066668
70,0.006201709415222064,-1.3121436239701891,0.8692902326774913,16.96874938019907,0.3864118714631227,0.6006190012125896,-0.6173353177215861,0.8637995732412123,-2.2993105399233116,-3.30536972491565,-0.5859094225758739,0.8162906883177976,0.17683863718011467,3.074148633519843
71,0.024511432502586025,-1.218686177481809,2.2669793474107407,21.999846081827553,0.3633443858359814,0.5925786554210537,-1.435217742992232,0.5981669518338539,-1.8640964195018075,-1.8643067145210588,-0.7447405113706291,0.8272082513765013,0.24756512295820415,7.662836551900316
72,0.03204107298074242,-1.2981243359390748,1.3764857423694867,15.2933536428856,0.4625453600454017,0.9260749083580633,-0.3695911593557324,1.2872910579950028,-2.4016359353373478,-1.554629266287329,-3.8444554275111886,0.6719754285301736,0.13592292692526056,8.424183193180008
73,0.03695122884252536,-1.544794677253909,0.9313189501390738,14.113167981257472,0.18342077400055667,0.7559504967671652,-2.9045272603427787,0.4943874391835237,-2.698471861153952,-1.9235900480785681,-1.0154378580910244,0.596775065951939,0.12465058251006016,7.3886268887471225
74,0.026998645635004995,-1.4398830565965892,0.5492429129206077,17.99161286544585,0.5231804605349016,0.6609987651152798,-0.9474335228789692,1.0453483611431595,-2.2602908111767492,-3.7254071754942135,-0.7965013733530535,0.887425490007032,0.2609494746655032,11.479310516986867
75,0.020199822626172804,-1.2299250197485914,1.7171516624230534,29.19075636691777,0.20119413205566794,0.5049878951789761,-3.0893288303204915,1.211189910368303,-2.905910854482026,-3.205234460180476,-2.0748426860741755,0.6134549294366317,0.07395407755747718,4.486229279867063
76,0.0135019263257483,-2.252374889360431,1.4015092790235237,18.887638151949265,0.3032946206960887,0.7648999078307979,-1.0024572984269402,1.3415590902222672,-2.0023415953918597,-1.654736222951184,-2.1190702912276445,0.7409574150472066,0.10537954299829888,3.7554409489026597
77,0.013905169624982772,-1.7235334583332018,0.33583813765779963,12.739155210982965,0.40679354250083577,0.8977350156713569,-2.8163723480140472,0.3250200338968812,-3.6300668414508555,-2.6370963510794265,-3.3392682552654724,0.8749674724397334,0.25896647810320916,6.218724501577764
78,0.01290660197958465,-1.3139789239781776,0.8090826464410167,27.90600117411833,0.5629685723186756,0.7132759159748707,-1.1587486459991196,1.0433292019212888,-2.4226631595608765,-1.7666707019833012,-0.9733602472081602,0.79635429715606,0.27655139244156995,10.8497787776154
79,0.017732644374903586,-1.7279429807139879,0.6063580801884507,11.853827278451273,0.2280767273623706,0.6343657995011798,-1.0512866598786181,1.108268396870347,-2.4133954364826025,-2.964834069508793,-2.8478790151562694,0.5712441390304547,0.2206078065397743,5.774989874088058
80,0.03355048201141564,-1.6432636463419559,2.280844627304262,13.921576241332795,0.2559608410088673,0.7886717226071609,-1.7930205347973258,1.3012553483375395,-2.843721453803001,-2.4315503933305043,-3.515210090231451,0.8783974640302585,0.21908733409419928,8.468460123711356
81,0.034253500388267515,-1.3267592692687138,0.36487370586142737,14.305014871678969,0.3065809680757384,0.8904916033531649,-3.8123099425893714,1.192850144501474,-2.213462788524449,-3.5042017552484657,-0.5949107736766441,0.8471248633707189,0.19354264935027743,14.098606457866817
82,0.017976311383041295,-2.268731391242494,0.7280474060536388,20.3413954146894,0.14150650794504688,0.5462697117169181,-1.871692280631236,1.4557299260792504,-2.9646821159809265,-2.729512433564322,-2.817249182292475,0.7357629388051591,0.1699709680414334,14.885068837053145
83,0.005476530902387572,-1.764598567346951,2.2554061703124946,12.609279935091964,0.4136281256500832,0.9206915873506036,-3.1924611403276986,1.327628975690302,-3.4281348884096987,-3.2777777672345785,-0.8878761521820162,0.8302889495998276,0.13041318449634098,4.87082180718891
84,0.014380298054321401,-1.886533759940185,0.09042106431173269,29.052774710571,0.4987475153157144,0.916821634477949,-2.7916976269777267,0.7032948345399115,-1.2687434662036727,-3.80210421925862,-1.0935471775963426,0.7506778801330795,0.05155232395184116,12.761679940886609
85,0.028032690573919813,-1.8072965599622657,1.1522513107008145,17.334960290278104,0.49354523506870973,0.5597115489814473,-2.8586560157869467,1.1013757044836197,-2.876546604510268,-3.611742891097113,-2.421917852278308,0.7978572731034279,0.07680954422930102,6.952543579891151
86,0.013696013335250407,-1.2880536237643652,1.7683733898547827,22.967587194958515,0.3295663589077617,0.7783720158690277,-2.76133938916091,1.3326935540613685,-3.7636328948385636,-1.7310078428728093,-0.8200023651703239,0.8538910951174359,0.1455710419845297,12.678889210727954
87,0.04059850214262355,-1.8184593504705941,0.9056752768141625,21.119181524077284,0.4418424808371354,0.7795305638551571,-2.075614569052915,0.7364389441527055,-1.5692883787349117,-3.654542420579655,-2.505463972435024,0.8625972655257861,0.1014873514378094,2.884616575909962
88,0.027920677023562705,-1.8168451561916168,1.126623476520577,29.793389535293414,0.5113216914005986,0.5008658989485919,-0.5760602310578018,0.7554612319003065,-3.4233127570093402,-1.929011696991973,-3.7120412008617425,0.8684355178555819,0.21720219198041496,11.521858355649398
89,0.005658427239898732,-1.6478301573448437,1.5282382718315193,22.53802222527203,0.37650028157137205,0.5028388955655672,-1.461992454289922,0.9175217229747588,-2.5139647284521915,-3.4683756189360677,-3.750514557350602,0.7007102229987223,0.212061616227595,3.08347732083417
90,0.03829337373455838,-2.1497532931719068,1.3099871971900396,23.40342363341916,0.18570523173583736,0.872290713551833,-1.6583110011924624,1.1520854634243982,-1.5785741348938913,-1.379938946280487,-1.5535293981922633,0.81788914557858,0.11800206247953751,2.234660716211786
91,0.027780792108417832,-1.7025996820578853,0.34390483527209176,18.993114434726195,0.10188975898944831,0.9431160032508088,-2.5344519975497954,1.3943653224905332,-3.0222616894801333,-2.419283893385039,-3.5597357034766395,0.8697450904437336,0.2505070900170578,2.02906529341743
92,0.04528234302497221,-2.020997110043168,0.7563084972260958,16.622749772678887,0.3607426682943671,0.7920189266799589,-3.421008447626676,0.39448562884976107,-2.5498253683515006,-1.367954836209083,-3.682137364613464,0.7163793871698909,0.05065455085619988,9.428950862208422
93,0.028136669068628987,-2.073986846112591,1.4135816271558086,19.60483300935833,0.20733767578487694,0.5109965785115126,-1.2786131100521172,0.7402179204359124,-3.5544925398263705,-2.2503986103001017,-0.7327988474086671,0.7389946114013495,0.22580121500056383,3.790515185087637
94,0.01811559979792521,-1.1919127237774718,1.982192197538364,17.543190310862055,0.13250597086260116,0.941801363839464,-2.829768010351933,0.5488534011500256,-2.533902721902884,-3.73941877867891,-1.9435580330427755,0.849174075770931,0.29227471517650055,3.899707839787987
95,0.007283763814492802,-1.9413575326717423,1.9607549157022417,26.802305603101217,0.17672736681296308,0.6697165368174464,-1.3846945681490417,1.3096229092227936,-1.789617071594194,-1.5955068902786067,-0.6820317662719315,0.7707205432807201,0.2362651970405315,13.935542983851104
96,0.03605267835555233,-1.7831361627682092,1.8234556697810615,23.508667708810187,0.4676373011789099,0.766822401375232,-2.7226995586572027,1.0966491325672518,-2.732074956671762,-1.414332308055703,-1.1556284129540715,0.8124720345852174,0.08206628546352732,4.666574052363801
97,0.012246480984563232,-2.1153529512907627,1.5222518170162354,16.041551066141675,0.45396880870305056,0.8659398574851909,-1.5969103135995049,1.0379109964240705,-2.921005953885179,-2.784929114518153,-2.2815850565833653,0.6195985020755927,0.19991932487557923,9.195616142185049
98,0.01498925089077563,-2.0136518908806558,1.3663968443463521,12.861284314666484,0.5172472175534417,0.5226928863698882,-1.8599613548910305,1.2302838955145703,-3.103499199820789,-1.7729873998423056,-1.8887028432881259,0.8498408665037487,0.2783677437283567,6.331582700083506
99,0.021394130449455578,-2.245382953964898,0.3845087679297602,24.93032568361938,0.5651068764966481,0.5752437863843183,-0.09281280294869276,1.4477607026507309,-2.087110470209791,-3.227389619789606,-3.6119795550697433,0.5582649643324749,0.2011937932387089,11.12611989026951
100,0.015883247591771902,-1.1753619908619948,2.072566418491386,13.312623054327927,0.531351060847212,0.6390709290472394,-1.6817053160634545,0.727622855786048,-1.5457946630393615,-3.1511317044511293,-3.5926507887304213,0.7343614528695708,0.05346487112040261,6.422453431444627
101,0.029730959711481365,-1.9593104531943046,1.3466617054938397,10.36376696032801,0.12683513070613248,0.7040422942720299,-1.5218400412150577,0.8900682464421128,-3.0676204909467035,-1.4060505926098563,-3.6213521312594064,0.6557099086847016,0.29075853897062404,10.403311102972047
102,0.04103301952341915,-1.6989457368929513,1.950054061612927,18.6258519327604,0.15660804002969264,0.8057637149880238,-3.093182080172366,0.7080970559024413,-3.2730919979126627,-2.1835265175990366,-3.877287448768208,0.6083599418151,0.2639696996371804,4.077871568770831
103,0.01907695972511934,-1.2087698857513234,1.9940761133654363,22.095428685686418,0.23847925200617395,0.9086941716744585,-2.042414914645851,0.9951925309935616,-2.0416682681138303,-3.664848331251664,-1.6090057856340412,0.8627263497084934,0.1847100826868695,9.969408240796799
104,0.047266110656312484,-2.179137168476331,0.698867628167407,24.574779345175106,0.27704871131055775,0.5801892849617438,-2.310477413587673,1.1907170635241862,-2.609028329614059,-1.580146734379201,-2.97595407554328,0.7538999134635609,0.2510650776837394,5.416015501530116
105,0.034709499546220234,-1.9985307661450549,1.7568163014956146,26.03349015317564,0.3091340840031505,0.6717377106278326,-1.1662610024904039,0.5840207404286815,-1.8492675929565752,-1.262448152794943,-1.2752080710978015,0.6105887032861816,0.272005869474042,3.3334547298703288
106,0.029804358652965646,-1.9478478595159894,0.2304013685767121,20.102066328065824,0.5701720743806822,0.6642866582401505,-0.17030771540254852,1.3807111458156247,-2.0312657455918606,-1.346432105480699,-3.5427455941742187,0.7114224071317123,0.25595314249683615,6.045987164142218
107,0.03884784895477462,-1.628859731811061,0.9696043512362517,16.40262753583289,0.5777151461307639,0.6508623773487288,-2.4882047157958267,1.413976950741029,-3.2958203822177663,-2.697550135957692,-1.9871209608599056,0.6307972621834221,0.10655737069234608,13.084728041246976
108,0.048105976252582366,-1.1364601621755541,0.7760119483140283,17.64849423350561,0.3881487929023324,0.876565930010716,-1.1756205905381498,1.3392093320709815,-1.4774076070538111,-1.4344223822935627,-3.083069864630346,0.8221126963068152,0.06024320203846448,9.272408842059573
109,0.021296347605271108,-1.928753962363259,0.6819687082455126,19.981771353191554,0.5128194446600786,0.5073090857025064,-0.007175167777482727,1.1571798872139032,-3.8765469306423976,-2.0297577170352223,-2.084244601561421,0.8816273448495555,0.270154105753151,2.413909572562607
110,0.04477691643760402,-1.3514905920447953,2.13863481308408,20.78824296157215,0.18255419243428572,0.6629119099663768,-2.6241971217103384,1.1329928771630768,-1.4415035311359023,-2.876399654409342,-3.3693153705307797,0.5809880413478977,0.07308086280930225,14.940664843541892
111,0.034064600410606924,-1.5374106487730543,0.6913127720613488,25.70013787648074,0.31726166929443195,0.5511992415850899,-3.6903264401683,1.3775459340610807,-2.3945199503515675,-2.6293875987187865,-1.7555669481967202,0.6602955800437481,0.11326570499964676,2.8226484259309275
112,0.04887841990500757,-2.0875037082628527,1.884993154382652,21.428788843247244,0.5724130621611593,0.9007450804384509,-1.6314264825539446,1.3870992893355778,-2.7818002452743738,-2.3760876734625094,-2.948291734386933,0.6994816026475484,0.2275917508274397,10.783044922486038
113,0.0365897507548986,-1.3641323569282677,1.7760122853948295,15.204079643052864,0.4127589318558139,0.6806644973271778,-1.8425145824540081,1.2913208001049092,-2.30700846015176,-3.849358230408859,-1.3152007949701203,0.8586966404567411,0.23847156592333157,5.437142389516779
114,0.006171211825788337,-2.2824384188687334,0.8226983937162391,17.849019219292032,0.4084778580271634,0.7337899168929658,-2.0300492584402843,1.0527421044958762,-2.9392485533978823,-3.8423016114192685,-3.2200439435849684,0.8973579694604294,0.22464170245841664,11.16792432429283
115,0.039762044787510546,-1.3328454619439005,1.429353878660433,13.441445465718413,0.5202747903481988,0.7441803875984014,-2.9340734017160033,0.537715330551777,-1.8177440576107662,-2.513212570628665,-2.3838423253591365,0.7955612662504318,0.2876583827196293,11.962808179780081
116,0.027140714801936167,-1.9340517753327136,2.0848254514710027,26.587410905301624,0.11634084028767236,0.5683849268196275,-2.131784135035412,0.6565527423287358,-2.645036916880979,-1.6705734823525358,-2.4946645497768256,0.7326861826529822,0.26216387133062574,10.799988298065214
117,0.008113118661949241,-1.800351647415619,0.7847626523958398,18.86014746683697,0.24755294765717736,0.6226991562930176,-1.2933848995640909,0.8061446875581484,-2.244671348673857,-3.4046793727363354,-1.6661852201928533,0.8383968259604969,0.2797783076061486,5.5847875096068265
118,0.04576179074748238,-1.7561091658379862,0.23836515640873918,23.906530146789528,0.48462551754242356,0.9127299934242377,-3.6173067790375084,0.9598595327555612,-2.568486558553653,-1.2458505470498196,-0.6104002718389894,0.8437539098800966,0.05673550367561155,7.553123458131073
119,0.049422742886890844,-1.5560538733053937,2.171717393010632,28.542171764034496,0.39782366628543575,0.7630716254282397,-3.9088929551847214,1.0074868269659554,-1.2922628085689483,-1.257578761494894,-1.9362490228797722,0.8353185734601061,0.08426943488437358,4.273810169363522
120,0.02183828436082749,-1.5668812731214332,2.181704342581875,29.380809674930124,0.48313692683182363,0.7156424922059569,-3.8012198430063693,0.7659788923108276,-1.6244666023193828,-2.480322917546066,-2.6171519188117878,0.606101320624595,0.14312772912210045,2.8347506605662516
121,0.024248304222118242,-2.2087242934316302,1.740842364011837,16.146984516094484,0.2083989561906186,0.5634172455016495,-2.6069442250092107,1.216063258940208,-3.048624844072678,-3.637952289383752,-1.7292924858466217,0.684182266461993,0.20075516014666023,12.98879708704712
122,0.020318669143320915,-2.2160778484093036,1.206648282062703,20.907814455814652,0.4567000357668497,0.6411747052453645,-0.30385100432009127,0.7569192275458485,-1.4597649045330434,-2.1482370774126576,-2.7970932796974153,0.8920321386894,0.132479624299265,10.050459824716734
123,0.025293212328411717,-1.908230023114386,2.007120404997873,19.79631933621947,0.1760862068608976,0.795702349652134,-1.5260918170809363,0.47841425505854074,-3.2345153178505806,-1.2947004363073993,-0.5646745796463866,0.5601994519477876,0.10344449263987193,2.3576703875784277
124,0.04146714422437125,-1.376442171578915,2.029872342887204,25.148048670428345,0.24292383376167503,0.7756538805420992,-0.31331629753951606,0.4801659388240982,-1.3277308508897585,-1.7513199423613446,-1.1088014129301,0.583213118261522,0.242103221815758,2.197186936217981
125,0.025453934118184456,-1.4682513658438943,0.4613761998659727,28.27921650858538,0.38108406064757994,0.934132086054781,-3.170577641202791,0.6681106150082656,-1.3023914067770463,-2.999607752812964,-3.836427573483142,0.7901360095080534,0.15649018986377808,13.566099939721381
126,0.0363319834054848,-1.2630895880759323,1.5888618249963626,24.79506282110873,0.3047790965317476,0.7612591181066138,-0.255327833932359,0.8089023311817227,-3.7371814633197538,-2.078512116600682,-1.8331937916210568,0.7850575207249464,0.15940604192186558,7.353946314089009
127,0.00689809042656429,-1.694859973908152,1.334196750041644,11.880228551346487,0.17456549369777344,0.6872697026804944,-0.3944147526671302,0.952631719392911,-2.317254059061001,-3.909189029714744,-1.0760639234155316,0.5685759645552542,0.2485291463290183,3.8500011631235753
128,0.035867506645372395,-1.2865479793797323,1.3208411231560269,16.31366538608584,0.19238527699102614,0.7875652488292257,-0.9069932177916034,0.8455125518773825,-3.5113248715039913,-2.346982538361223,-3.7888438782192195,0.8361908694521489,0.05193770803634982,11.200421181370602
129,0.044288889417089194,-1.874335750992842,2.2150175122590663,15.194219234423787,0.21629605345350533,0.946338556052303,-0.16616847546726765,0.5590517516920613,-3.8563251821056888,-1.9491000231520672,-1.8685883993073422,0.5996153513527737,0.14458400481214814,12.633145493126882
130,0.03666080440877513,-2.0165033588715584,1.2009619354450605,16.226533535764833,0.23377080810450382,0.5283922244967707,-2.6669002474348336,0.9060736336431758,-2.1962176080827973,-1.5243667964358476,-1.1736999528086107,0.7728774333467096,0.28379118628033256,2.945495008019376
131,0.046967462581579134,-1.8645155454309694,1.1205870513705607,17.77120362259997,0.337051262364503,0.8303998003358002,-3.3908391646080207,0.44172006838562383,-3.46207399340712,-2.4671976702439924,-1.1589505976103727,0.872435587579353,0.14222813469819662,12.415532342541546
132,0.03763816121053039,-1.5248683515826138,1.9477515176841427,11.939613876472382,0.2758329839178111,0.7568658602784306,-3.701422248644446,0.8640046855561807,-2.4516974171821118,-1.7120652387258328,-2.9852016289700707,0.7725266501124802,0.17618129604871718,2.9536140239970132
133,0.03515145828693609,-2.279729573614289,2.2055769741797078,23.20933529708656,0.19677844423591084,0.6286942090590056,-3.266911395866627,1.1966686517813538,-3.174559571942225,-2.0835457859021034,-0.8167703698759561,0.8183507788538257,0.17507824432436236,8.768733905057452
134,0.010959630424891582,-1.6190811671873457,2.290709258311366,10.829281508362532,0.23082416196773822,0.7540449945801255,-3.408784578249774,1.0170033033707377,-1.5590302302874814,-2.6693048792813974,-1.0564596068601557,0.7131131690882997,0.06595789926756554,5.05732776532818
135,0.019815819832017075,-1.4914600781739384,1.676635155611967,26.331922932571782,0.35447273090443887,0.9302344978833179,-3.5554534906575217,1.202899875837479,-2.287779148561822,-1.5565152194977045,-2.059297001328363,0.7343079893016786,0.1601260065723866,8.406599458165516
136,0.013759015049720685,-2.1708140053346234,0.7487787860073939,25.928546857175995,0.15032874624964632,0.7296604212728701,-2.373437614813909,1.4832855832972116,-1.6905543995881427,-2.2831262383919713,-3.0634247074148857,0.5637634111386227,0.15195001146313575,6.5619246043693025
137,0.03191008597871301,-2.064364482397727,1.3547331265705453,21.913315205857167,0.49753794515004035,0.6839605005595001,-3.4715867985960465,1.1238161470026395,-3.499968004972573,-2.067943808765407,-3.095944669185438,0.5623209584012598,0.2569633254987918,4.40021582193578
138,0.032333502734616694,-2.067944759263306,0.06361500874366781,15.12648015359035,0.2142082959266594,0.8230948910637685,-0.9812079513342842,0.9318297927294128,-1.549010809176926,-2.471835821093942,-1.921346737244212,0.7201272218551183,0.08931298704776376,8.026553577688077
139,0.005269797752142093,-1.1915078327836313,0.29919897416141483,25.205002501819536,0.1700801186831985,0.6259819222054761,-2.7353258572568624,1.0761191937097208,-2.3856386537563887,-1.898774628095961,-2.9659269347848953,0.8835754845034671,0.07179184233516248,13.760067442248275
140,0.04450778948837176,-1.861684577028689,1.093176511624876,27.256428014727593,0.32210038328905644,0.8298874740389726,-2.9565737279211843,1.4366040863095006,-1.650552566830274,-2.8514587470790396,-0.6504131935910773,0.6002022983189869,0.11355572960453371,13.207343829356983
141,0.04277377889206505,-1.7606380772518797,1.5545218444582887,10.870495439979043,0.30044308942373177,0.8521771343777312,-3.466829064556551,1.3624871979079611,-2.5927667616490173,-3.480916755401523,-3.1934481868517373,0.6340855510972385,0.06395175499237685,2.5766398477412795
142,0.042051903107006426,-1.9691438479198702,1.2503927212042518,26.15505365383701,0.23276710675375162,0.9483931332839501,-0.032278175075420634,0.49698491728142413,-1.8745322731770915,-1.5319632410048896,-1.2119903933278082,0.8772265827690283,0.11429772335932795,9.173989788673772
143,0.04070705372576599,-1.0901226514271907,2.063761743386064,22.740993800784878,0.16085122468194868,0.7022875415480406,-0.35407316154283164,0.6732498642595605,-2.152217998466295,-1.5134721947932182,-3.029296503484969,0.6614854096654466,0.0646547051900047,11.424052021163483
144,0.005408054550634621,-1.5301817391624044,1.315433199015751,11.441752133141176,0.11724777500209993,0.7398369995437936,-1.3563476329846385,1.0630068230084588,-3.7265806682504805,-3.581587369588526,-2.3226468991447673,0.6487258560817751,0.16372463235033075,14.06428099099417
145,0.007846725291253128,-1.9122038295933266,1.847096680313583,21.838581324821114,0.3681661876691745,0.584325769151527,-3.2331879648344275,1.4599109247174815,-2.7439630770547505,-2.221873306337531,-1.8405215586968766,0.7264145184843263,0.06697303745769476,13.399736285934921
146,0.029902849278296936,-1.342310315959188,0.5261795478691275,23.096867480828116,0.2714220946113206,0.553495571254359,-2.4383332618217026,1.17193507817463,-3.6994637033231856,-1.3108744817590292,-1.8523021009753653,0.8072735684134524,0.23918496187851002,5.09942200375272
147,0.02328036180317803,-1.655540208502889,0.40720897638436243,14.58227937244833,0.569159893489059,0.619863947350865,-0.7748890196607396,0.7042795779229994,-2.2736744154542676,-3.1625352249299796,-3.824258912222664,0.8597446972203454,0.23011705767349222,10.95057573130267
148,0.006608076893964472,-1.1619672746207765,0.472875073622298,24.36461844726265,0.3200391215559748,0.8372202750578661,-1.0340963455117453,0.5758757215997206,-2.2365689347085134,-3.2638979797617913,-3.386878525773569,0.7632884582981065,0.08110432270632845,7.015249398111796
149,0.025196717324881823,-2.132830952986508,1.337673364595513,11.368899382457444,0.1077311685019122,0.7837210659214408,-2.9936358408284094,1.1271446767148878,-1.6814931470729437,-2.0375345800075526,-1.7810479014425913,0.8515896330720298,0.07489671828796593,11.869666454105651
150,0.02258793336909689,-1.7352118840423505,0.8764640931748,24.070872847457935,0.2656557798326534,0.6234344612119658,-1.7827556532418374,0.9400287681709181,-3.517925318465286,-3.426044048284227,-0.924855277032234,0.864377875221863,0.12401840625975322,13.240098591843587
151,0.046247881289978476,-1.6550221781152472,2.100997035640892,18.19736265277399,0.2131529175975419,0.5401396265775805,-0.4599744414096687,0.9758687600020091,-3.1833711406483496,-3.245778942183975,-2.8846190146807347,0.8563839709730847,0.14638416021616427,12.60245663171367
152,0.047586540308338816,-1.5719119474530228,2.070775299112571,15.882890038172224,0.5600153170574148,0.735607210737414,-1.3236228042229623,1.4698727045768882,-1.4685906660367851,-3.0975673339352876,-2.741611541267283,0.7858483489161538,0.09175374618566927,10.257844865910236
153,0.04133496866478392,-1.6044052521875636,1.1335744641152163,19.87138385039959,0.23650943082893391,0.861508596231255,-3.569982976958627,1.3196269163787027,-1.282111152457062,-2.3236087526503093,-2.718998456693651,0.8710675732580644,0.18783132478909048,12.492869383016949
154,0.031835317507967774,-2.1199987481861706,1.516527231419162,12.130502803144793,0.5425863065207147,0.6031021798158311,-1.7264114170629812,0.6022995894720308,-3.3602976009394325,-1.4952718155088505,-1.688702714100892,0.8108363672077183,0.26556016023275497,2.3248911445288103
155,0.018887338507045576,-1.5478261903448787,1.2855894456772263,14.789879884461412,0.5294134500949617,0.8966513146709388,-2.391724908520125,1.292704350555797,-3.7789378800995443,-3.8936964704807124,-2.1863089890559544,0.565204474803003,0.28680155287097475,9.577175496546428
156,0.01692103098640475,-1.3887779353150727,1.851138514665732,14.961055856721114,0.2895609178094052,0.8916056015419892,-0.8621470961624249,0.35774455038611475,-3.6477266987148185,-2.332858270763049,-0.9370847220868295,0.8127147819152931,0.20661039390465163,14.97780280458538
157,0.008561216423277689,-1.6330372572475165,1.9332605956606268,28.0708632379553,0.45850878569714215,0.8402210383701864,-2.3253490618090544,0.3896494601013878,-1.3639108119054826,-1.4787736068057367,-1.3175475962094678,0.6630451565905633,0.11666686221923804,10.213601408070781
158,0.02871912023762773,-1.6865697045212977,0.2615555710195546,12.32748270781523,0.3164766346811091,0.5211055517184137,-0.8078000597360506,0.4107411302101385,-2.507042915333824,-1.8489622117515694,-1.0370607156761649,0.6769449472480471,0.16591802051338386,3.6790233373027554
159,0.018244209138578354,-1.0918613239358252,0.8363084896601332,13.356417968494872,0.42776830690404455,0.84101681091092,-1.5790753225422938,1.2482005944803365,-1.8967689044471552,-2.1145661235487223,-2.1336102533285852,0.5729598122029583,0.08552637986316139,4.533389185239171
160,0.04770546972717389,-1.7056879311731445,0.127648575734283,25.649696712358185,0.3743567978475614,0.86420456068607,-1.8942262680980555,0.44549219063827095,-3.0850580773227607,-3.0124573236185093,-1.525900575125997,0.8454328293690154,0.15468427670304336,12.374540821989246
161,0.006355069606194774,-1.1313435036942445,0.7144937080136963,19.48042182504957,0.17323546886391644,0.8548563516927961,-2.369360005530634,0.4240531523502072,-2.372572077491421,-3.714270216239675,-3.158793937301943,0.5556856755758555,0.1402070670331005,8.82466733010999
162,0.04044148529474341,-2.080718106341336,2.013772243762823,17.292504044716456,0.28374238284093395,0.7492363174978209,-3.8972753800748587,0.40385427921726846,-3.754560630845661,-2.0995815978492973,-0.8606993825690425,0.8852435360339295,0.23548314793413966,5.935182150114741
163,0.043049146456112033,-1.9965091162110982,2.1321603353664313,28.727094470310774,0.4635199520696207,0.8258536844756298,-0.2764469515969785,0.41883075382628,-3.6409658674431333,-1.6887876703266116,-0.5744339329342907,0.7829744334336719,0.2497507290465279,6.114953976523424
164,0.027240727719964712,-2.0438610405820286,0.4221033189370497,27.3513669941426,0.4750852104047515,0.566365245428409,-2.170802953923598,0.5180558190017565,-3.0132765361509524,-3.382370303704727,-1.5711116554788083,0.710496990550002,0.2695015267666327,5.991081463178286
165,0.015050748587401429,-1.1461961076752656,2.107750447145638,26.45461958694888,0.19941313254345744,0.7950687904721774,-0.8238008087206619,0.6369436957863148,-2.35486063889195,-3.8842135466927354,-1.2821332080515249,0.5522551923180127,0.06549727201422471,3.729854649449159
166,0.014860590560537776,-1.2293264785812341,0.32843337240504,20.253458817239192,0.5040439322186738,0.7512530025638102,-3.1111072108792928,0.3624930588871658,-2.989722149632978,-1.3586799260224036,-3.4067002246633535,0.8980286111768152,0.2767764696330976,13.85731856372454
167,0.024714838160135942,-1.5094572661561423,0.6664424296571446,24.062057455835593,0.10545353184666914,0.8850679100469168,-0.8831228319632882,0.5957344068838268,-2.2588716245666443,-3.6848675137360267,-3.2441290677279793,0.8673056174091334,0.246619759322515,3.9563426924969747
168,0.033164794476642216,-2.2756434787599096,0.14255884406223115,29.280298298251424,0.5158518361642156,0.9402490087390081,-3.494598309570407,0.6833994817730029,-1.7440546371039618,-2.5584650412403396,-3.395921332721368,0.6772992760387448,0.12277898836199656,2.706974033160801
169,0.016810502407661528,-1.7739966863248842,0.956596841773563,22.498570452656132,0.39589628678309396,0.5790096524721845,-0.8907087051747409,1.2749965884333796,-2.9313933199288034,-2.7669685837931204,-2.028577125864583,0.6951308607095277,0.1723885113120051,5.219932762184277
170,0.04537285002980031,-1.1969697238019499,2.0481448304863106,20.06609218285775,0.5799212494352392,0.5363566229775447,-0.7039970497642769,1.1638204787100948,-3.3230046735562433,-3.3259274830315246,-2.6602931762586772,0.8909512455038338,0.19636732966894355,8.152859495418538
171,0.011510721597181188,-1.8724332457918307,0.7348499429663499,12.98736724818752,0.27312679017874414,0.7181671165701499,-1.2205048215166325,0.4688309166513184,-2.853654460428186,-3.116691603016063,-3.229581511129563,0.5672115217364073,0.15120343549593687,14.553778815105947
172,0.037500532193067274,-1.8262509730523848,0.28642703395930874,12.53502730578326,0.35263847910546875,0.725693843639969,-3.0316498132944725,1.107570851769905,-3.562113148897789,-3.0592366609205923,-3.4252818917572694,0.7367466277491397,0.26073013026504716,11.698087500988601
173,0.019435201816409207,-2.098371928154208,0.39220485967988983,14.351619935285164,0.4965522985714852,0.6579622294080715,-2.4988911314154505,0.8289706022690404,-3.3327547997259543,-1.5715305957631074,-2.206732660927088,0.8657904594616547,0.2827522719484751,6.855197897999333
174,0.015261871732920672,-1.1820485200748134,1.1095610465681258,17.016258612683792,0.5000038876794356,0.6857594160138984,-2.5584944105791845,1.1298422489653424,-3.0317385688726244,-1.9403058241897908,-3.889904724625823,0.6020283441342812,0.0561808514482787,6.741308374776785
175,0.025601399905734745,-1.282502868624333,1.5378079555497952,19.080650456307367,0.5639587322755256,0.9176937385061941,-2.1203972708499235,0.3355952265329867,-3.4812007120019395,-3.1224223633784063,-2.8108625335226716,0.747541106517664,0.06992465993460675,8.951001418814077
176,0.020566739301854438,-1.85883146344525,0.5769707136507553,29.62710291516067,0.5923477289837472,0.8504921128351837,-1.5706283366677778,1.2405435665847386,-3.313754419741109,-3.0862460070990116,-3.2359582991888853,0.58260789030533,0.2548808271655614,14.514968908453294
177,0.0089939924685112,-1.7970707797992538,0.7943523033156789,27.984343989116056,0.21149041643756417,0.6689925417130955,-0.7408814843882814,0.610466628826358,-1.3914827660772557,-3.314471011755406,-3.2670519139514465,0.8257898969552688,0.16170075328052408,6.922574016754179
178,0.02584235838664955,-1.9556670598788999,2.088570045267481,29.831857236852734,0.5257462447994267,0.5086823883458358,-1.758055976449592,0.5540055998464315,-3.3346114384261702,-3.8369469620289713,-0.9524200435236394,0.79869932442793,0.11226900154982455,13.697689246319555
179,0.027358947288119276,-2.051769681002943,0.026614695978412237,29.69051217255523,0.29756233323214865,0.6898703519493519,-1.9184488894241765,1.4316129884065556,-3.489862641710831,-3.197428502272745,-1.7595846785068612,0.6477355182394329,0.12537615495056484,5.977344313883275
180,0.03647551899729233,-1.7495458493849365,1.4861798065407221,22.691589380943967,0.46514632443265214,0.8807735103028473,-1.1985582232836078,0.7163900401303083,-2.4752136008295818,-2.780340434149597,-2.5585748567220117,0.6880875852300741,0.07109125370731849,14.392619104640833
181,0.020006286113125903,-1.5784279802886512,1.6595385786240529,23.841514544062576,0.429979337976807,0.6042353980101853,-2.9145508987512208,1.010252042846754,-2.678413316380942,-2.0186430032810447,-3.464510968692689,0.8762288421703577,0.16502505676412516,9.5325064833301
182,0.02640205016485594,-2.124249943483629,1.5846136621322657,13.833381316201724,0.5272604325576262,0.7925749973441387,-3.498459856342761,1.20522891372298,-3.2171828209011917,-3.3547278343882,-1.3323703364471986,0.7786305060801054,0.24281860878287198,12.32727320696926
183,0.012387990242774293,-1.6783607601134822,1.0238525615954301,16.106928983248103,0.5949312449458224,0.7728500722163383,-3.8684038957688966,1.320017778801657,-1.9443158458438543,-3.8087342110530975,-1.9024936556549656,0.6680354293673172,0.10954566258231446,7.953136974192021
184,0.03444549125820882,-1.5837453848577276,1.9716092894469246,26.671587853581677,0.3149566376607474,0.7117457003735633,-2.504695424521173,0.7832214871535803,-1.4296788062307555,-1.460743414798706,-1.9657939123633297,0.6921396749365984,0.11545742486599675,14.722563928395871
185,0.04658485084509519,-2.1935660277410807,1.3918929843294046,20.658372640751566,0.5578410153421502,0.8346300225547516,-2.4005312145893356,1.1663725766424367,-3.144223113857696,-2.5936599006051377,-2.000677090988831,0.6857213702972181,0.203786045334705,7.1673500432910915
186,0.021645262800396053,-1.8939511724116005,0.4251017339949743,24.851163182503797,0.5072232461678847,0.610473165608808,-3.062939870304143,1.27672296245776,-3.3658348962159867,-1.3282984420271595,-2.9060750937641475,0.5505900302603862,0.13983543162344728,13.142694932697424
187,0.037726539857514736,-1.4878805525658159,1.6971780840942194,27.469360249196033,0.3196194396139468,0.681602263563807,-0.8550536483280085,0.3543100196643274,-2.28322445290204,-3.7074984379463927,-3.0196457806962664,0.6173851332723596,0.1590979766754524,12.725148854456956
188,0.013266835748642916,-1.8416942314895306,0.8402825650118281,22.171427138783272,0.36589266395613806,0.646686083978642,-1.4581796589536524,0.4072064681468739,-1.2194684729978431,-2.962038859582755,-2.1725924931100513,0.6796599192292194,0.23725745803962445,12.231796587079476
189,0.033690588431060105,-2.2892170674318137,1.6067087273216192,22.276910465534,0.43834483522880396,0.742369755718213,-3.3749533075987075,0.4130216809619279,-3.6001717991106537,-3.875256250160233,-1.5923431960887466,0.6648402897643444,0.2749117147025075,11.610216408257127
190,0.016573895574419937,-2.262482282598253,0.6416991188727539,12.183601265453959,0.23751398277617092,0.587291274557974,-1.9155242047162466,1.3517195422718233,-3.5290579545929375,-2.7246989160694755,-2.72856823458448,0.6299781783652737,0.26633446264928884,9.086218502461389
191,0.008662700130686539,-2.1877525933165396,1.8154183808830961,20.678810979336127,0.13375725334793692,0.7739879322587282,-0.5711628844491652,0.944585397323982,-3.8953548860795686,-2.202184322588976,-2.3620442091543836,0.6261376322910855,0.10063434555886777,4.310905847285835
192,0.026561731301591358,-1.4152578586236757,1.8040858091034986,21.241246164102904,0.103540435856728,0.5255195831281941,-3.5843891337805203,1.1793365358811065,-1.7529817632338691,-3.289461666427529,-1.2181987404329728,0.8989841443977958,0.10192603982270007,5.530247914815359
193,0.01409182039623761,-1.9176206245403478,1.9364006997465126,26.96877297869229,0.5485125261046505,0.6331550779732721,-3.3013613195902636,0.4574287849426657,-2.6570402764978605,-3.787879273420267,-3.3026380708593193,0.8205039180107108,0.13761619703727196,11.566856106582176
194,0.032524523220991274,-1.484075171505229,1.642417514810824,11.096234260632613,0.42581285159549176,0.6397888289353848,-2.8864898458525152,0.4383586345644038,-2.22552099501488,-2.916731647143698,-3.3313786255643647,0.834507226125758,0.22300545243834308,12.88130745020095
195,0.03994959390894863,-1.836134499089702,0.21832311868427992,18.711060409356,0.25954659135137054,0.7078099437726452,-1.0977335167696873,0.8698814990361621,-1.8241767433485383,-1.994500454686106,-1.4415418521280614,0.7450148566168069,0.09402085180209377,12.150191479973518
196,0.020695915233383624,-2.163874004664618,0.6201147720668265,28.18755585975364,0.43083829025630427,0.8719505959779524,-1.1113444127792356,0.8251039509912625,-1.8614637742465487,-1.7914462506349413,-1.0876922553622284,0.7754028965952713,0.20677526308691085,4.699734762634917
197,0.019598877039905906,-1.8120243832450074,1.8984600164350425,20.805392689028892,0.14983246333097217,0.6165263532832308,-2.2829582382449676,1.0002207793122238,-1.632253339947761,-1.7245985649674491,-1.1439145282742382,0.8895104997105775,0.1973651812851731,5.172021120418877
198,0.029016886565279492,-1.7766287437666244,1.828604931809754,10.309684978586896,0.575585672014216,0.5352289277059417,-3.732848990726981,1.4034591145519841,-2.4597583940969123,-1.620139846780262,-0.6314297025365825,0.7595900206733672,0.1389861388014951,10.073351645982743
199,0.03384697256513503,-2.2129673088725577,0.10795318821072375,21.774305717903907,0.45194022838121783,0.8958872908881017,-1.770057806642698,1.0560462103446722,-1.762251780116289,-1.507090863646178,-1.4135801179267058,0.7292544955256569,0.09443376231811826,7.729949533395476
200,0.023450265727832324,-1.1437478732075892,0.2835149687092995,17.4269428032846,0.441468293083363,0.6886328524346659,-2.8731041859031423,0.9690758805074065,-2.1173422441197913,-2.16231343305215,-0.9875030314115443,0.7869812200742539,0.24692207881303663,6.504935653156569
201,0.04804575615415429,-1.106441474700391,0.9418913564586896,21.160218243304538,0.4342756597071984,0.5541150311565346,-1.8293637874921296,1.2572834185262445,-2.071036807976807,-2.4492774572020655,-0.8847391769162725,0.6284710795994809,0.19461232294036368,9.833800284295819
202,0.040278122548962805,-1.6375197669452015,2.055272456198605,10.10325231372285,0.3575620017703054,0.720760384175041,-2.1996502701639438,0.5014273298258398,-1.9951732469200911,-1.8382926730926648,-2.3743610702868576,0.8147800606669906,0.10434421572015656,6.704570077342641
203,0.012734264246436866,-1.5268966300029083,0.6738175468237376,10.560811871362064,0.33627907830799386,0.5329036867226518,-3.8568309775648566,1.4264941222623746,-2.714886406437649,-3.690245593866288,-2.878229569449461,0.6114590236214036,0.23270163649061848,4.819286390232886
204,0.03505086977061128,-1.5026194400660056,0.017286352699234942,19.369473508683242,0.5509759545481531,0.842712075254641,-0.8126278780655247,0.7235829991348799,-3.392211433405028,-3.046564976581606,-3.055039643624341,0.6590169106585844,0.19755774068232862,14.695097032321371
205,0.01015678123902471,-1.3732760653831972,2.241027313941638,28.850030121604085,0.5348025245794087,0.9286748087814027,-0.016620493714844198,1.4783947746584714,-2.896766313799409,-2.9732412055568846,-2.25860877850437,0.5883908392167898,0.10787527216728104,12.039073422282613
206,0.03536774033959479,-1.5393259889402504,1.573247179714148,15.537242206581983,0.4064861531313517,0.6498097118780574,-0.10623159533368431,0.3160748939040269,-1.5254875109132113,-3.74602214544648,-3.7871616279599785,0.6712301547691796,0.05918791592288143,10.917826096982658
207,0.017806539274465696,-1.4566363680931296,0.18125986836572172,27.00458377810137,0.4014179537859329,0.7025043964833857,-1.1394304914439104,0.4534049003844458,-1.4925417918359702,-3.018886394184625,-0.9067574732037365,0.8235042200504199,0.18191300260085214,7.106868685364925
208,0.015719991885375345,-1.3700012533194426,0.07325100893743637,16.38966765479293,0.14459313487485737,0.9217184108135097,-3.156148062101977,0.4651645516862367,-2.9551730949995667,-3.641285533081631,-2.3379607124404647,0.5690468316489581,0.10745000763784554,8.907775767366246
209,0.017047399984465843,-1.273599608816103,0.1200016421151299,25.95351451360089,0.49234284261997696,0.5416885442418591,-2.6153586676243616,1.3644723711314444,-3.6833447147106733,-2.3095053363957554,-1.251397626488337,0.7610664660889895,0.2314628107227008,11.056181907366234
210,0.033352006112371255,-2.1949413608131616,1.0529347387830383,26.122090341213003,0.539527331417324,0.5893725840211574,-0.2650318084325862,0.9128065967489605,-3.8123459368046255,-2.2319061847493495,-1.2948421836781,0.7205938632109259,0.07071004423891275,8.070420152048975
211,0.03327231821364971,-2.095195950812883,1.625954917151187,13.799212727454734,0.2412534216805652,0.8316289699050781,-0.19295743371173701,0.768120825168997,-3.1456516726409736,-2.4098872260327124,-2.452423529709975,0.7255332346765988,0.2855662875953638,13.99104982615612
212,0.03836392320469631,-2.1822501867216357,0.9251085886456083,11.289945848997064,0.249786363211362,0.8196041085936847,-1.6496443511420806,1.0727218881124625,-2.997188632829712,-1.616589395130136,-2.8430961768399037,0.8838123834534283,0.11115532880412757,10.481277256758741
213,0.04443507355357018,-1.5701624458956784,2.0027397543153516,18.1172471032207,0.2582321546923302,0.5426766686164901,-1.0844171862798664,1.085558370722266,-2.565136913132638,-3.422966116063302,-3.4847140656489004,0.6216928863785232,0.2095308243665947,8.30617488877332
214,0.01615173291628629,-1.100809941134772,1.0056214712977545,23.726794678193937,0.3236179647646615,0.5306088560195732,-2.350406727936921,0.9650172999973587,-3.660034248347032,-2.664283620158509,-1.7192708859303267,0.6338707912952042,0.273267078697423,7.774130425551086
215,0.030756059614024427,-1.4544198891720475,1.030314165253997,13.220120650352152,0.13620232324561093,0.6744365832214676,-3.598385006823685,0.6636337606625177,-2.76855930298911,-1.9553183742164688,-2.8621102215377503,0.6051339452360037,0.18293813118214552,10.685268340401457
216,0.035552876766788255,-2.031743123025558,1.9090968357155162,19.276021313250535,0.15732930506307766,0.7244330169902041,-0.0755008179993859,0.5477421702701804,-1.6666331712189995,-2.4968871698267203,-0.7600808383784394,0.6728428849872085,0.1703185117196762,13.483117318170573
217,0.031222353499686526,-2.2927114052983795,0.8643925981588292,13.53838130775473,0.19039212630143043,0.8833289238907938,-3.6479551278316515,1.2240983827046952,-2.5802127702678463,-1.634033977031649,-2.83405504224083,0.8612098795609577,0.1950945350719448,4.3791063960398375
218,0.017202732774411856,-1.245181481837898,1.6684945571806329,27.16696434638983,0.5873044215001239,0.6452725044368308,-1.606740490819234,0.9989204026241745,-3.1320845019871983,-1.984269496280645,-1.2391861005050586,0.6224700557791647,0.2271883984664223,5.880671958833371
219,0.031038544838517652,-1.4180590332464833,0.3781487373011364,27.303436115848744,0.3316395714835122,0.7460539794464602,-0.3366395371708535,0.5771057625836328,-2.728326064992287,-2.3856468233551853,-1.0248314613676235,0.5562872148751805,0.17949266015899534,13.81841701435154
220,0.04246670716228294,-1.4929407026693085,1.2383355267530627,12.881272067264614,0.5403984117008049,0.8460255869342225,-0.4981995182112673,1.2141855432861814,-3.3753489595442696,-2.8009920359116514,-2.901581945001947,0.7915979319468146,0.2667914480123867,2.0882014811410934
221,0.02863017500042465,-1.3381558507178428,1.6572199046571618,15.840648257215175,0.5829038548478783,0.5777450891129584,-1.7467600493889401,0.8752183216463574,-2.9638387584764536,-2.2579535146672516,-2.626834609535927,0.7183779778798958,0.13305710473028406,5.481988161684141
222,0.03902199618225781,-2.302324958569854,0.32004556353330593,14.049654232513763,0.35881472866967645,0.6955153269229007,-1.935816321847498,1.1414702150612368,-1.9275592421033805,-1.814848705432989,-0.5365682742702313,0.7526816913605442,0.05819818338754685,13.035596990815101
223,0.022800312340953303,-1.7198589698526354,0.2518228365198116,22.920466164256084,0.12076376904722796,0.7383066838929943,-3.777565431707857,0.8362242114965495,-2.6611456921477146,-2.241166008826416,-2.7453932181651766,0.6841165494347284,0.2685655259354051,13.363689065170801
224,0.04012354126385514,-1.3340189943024792,2.112415303543237,25.04156408448023,0.32616110394552966,0.657240464117985,-2.7905244556797504,1.1397453456427245,-2.7640535170254443,-3.3671587413194763,-3.4555265422087666,0.7556696633600912,0.13678463792910567,3.9420356769729015
225,0.0483498763074748,-2.142225288178524,1.2713811193635953,10.258414177925523,0.5096897687431596,0.5190023760313112,-3.7173377036989304,0.927772347191486,-1.9253615075615644,-2.154607674422216,-0.5219614920207754,0.7413749051569479,0.24404785726472739,4.785686613541165
226,0.04930987926663094,-1.691615295356268,1.1812553878612317,15.520762661424364,0.18987226889758188,0.5830937986921744,-1.8906362658910827,1.1813120618493682,-1.6436767628951294,-3.171683468855713,-1.4935223769184285,0.8334531214986001,0.055110828665952835,3.024197274083585
227,0.024949345456772794,-2.1293164247180387,0.5607791336954331,25.316177954187005,0.3791808113782452,0.7097393346683264,-1.7090023625663031,0.5236778202131476,-2.131272479467661,-1.3562020051989228,-2.2924102122920544,0.7176636283375545,0.224004142110296,6.202169582999855
228,0.039416985294516954,-2.205286844099674,1.7910437291034476,12.707463096846517,0.1590749829234335,0.6993588510400457,-2.9229893097112365,1.116272821521788,-3.5939309853279626,-1.4560267350718492,-2.312515613386261,0.6670757086133744,0.12672646779323987,11.99194282219976
229,0.016099457563282262,-2.081524924482629,1.5111905314526553,24.46030976978781,0.42274716268191626,0.731448093789336,-1.3403979429143549,1.2336391469026216,-3.8682106904496347,-1.8787097042114884,-3.179119410595944,0.5709848410932162,0.09809950948288938,8.70234064265389
230,0.011708863169717285,-1.2411268393167834,0.6312158917454433,14.420296531305823,0.5997683248691462,0.7582882491354406,-0.204431576740574,0.30322064925407444,-2.1395869430318015,-2.138101286026546,-1.7969243584587975,0.7680358563092823,0.14873474643679568,11.78900295494453
231,0.022525361991911862,-1.7686263901498018,2.149431652102794,25.447675687303743,0.3344079927940067,0.517516879090556,-0.9375586993052378,1.0897481363546604,-3.008609874887574,-2.8585907993367603,-3.6298918082696394,0.6426844118051551,0.1888787191735083,2.658584037215401
232,0.042818086488663254,-1.3942174112019323,0.16140078412354827,11.229799132910372,0.19621513267768947,0.8142665367269836,-3.4430667738508336,0.7327839953589477,-2.3242158581477335,-3.1836364724851514,-2.6033025283837246,0.7062831956867452,0.1282672359173488,4.1365016245034365
233,0.04503923343604089,-1.5863265635491626,2.2309079551489686,11.518128039469572,0.11968536850356057,0.6728548830594011,-2.82906474707573,0.49143928103118667,-2.6027681239536653,-2.572393561271195,-3.0123117492870306,0.8396717525588338,0.1860799009247045,4.001141518645287
234,0.038677479702297846,-1.9373351951932956,0.4964079727201059,22.259649493747794,0.1388922663484563,0.8344495850462206,-2.298647798720981,1.0236230805422155,-3.6700201497180918,-2.2658781006795383,-1.5836593802504288,0.6440087692681717,0.20492485668625876,2.7612204636200923
235,0.034647088269221256,-1.624925761934934,0.4560728251438557,20.433895615510867,0.285855029862825,0.9020505546691093,-1.9658736373613273,0.7740120817581595,-1.424942683391469,-3.7588058498177337,-0.8502935707886516,0.8867942970329381,0.2781200507650994,11.3600256132332
236,0.02934219654927432,-1.3840900347015677,1.1891939761240173,15.664966562402654,0.2206673018341452,0.849392653249907,-0.3903336796079748,0.5802523738399092,-3.4385299426509883,-2.6086983721693255,-3.1217195846209416,0.5860920320338571,0.12021878296234016,7.62892260715421
237,0.014587166353847242,-1.4353023974577608,1.4735587820411324,28.504397625616246,0.5371538651498666,0.629297976602867,-3.124458541240455,1.0926125031875442,-1.4062325803222984,-2.655927969632575,-2.047106497839124,0.8939064578506687,0.2100465452944496,10.741417928800391
238,0.01864606977737183,-2.1574427901843496,0.012536136245501324,13.709910021114048,0.3941255541509274,0.9306753096769461,-1.94678353892871,1.3739169175681634,-3.1568393269926567,-1.9064570316044902,-1.124827931979655,0.7038792380203049,0.28208083728896866,10.59421820461683
239,0.04088067121983639,-1.2067917578831877,0.15524144009414947,15.707152662762606,0.3632785538828892,0.7998258510381477,-2.2042779054139814,0.8226842253980939,-1.9847532467297935,-1.6946382593019123,-3.476223044034589,0.8737726226600918,0.2144350476651134,5.264431639578919
240,0.0412522903779337,-2.0534782481244194,1.3003070438589286,10.160237835473945,0.36947550014393815,0.8880045231713368,-1.8216210593763305,0.3854103567084957,-2.1439826219039424,-3.0674818209192853,-2.3349184592441548,0.6759576433778782,0.0859540300445965,5.719595613193888
241,0.019923912705130744,-1.1518151385261017,0.8979304407304635,12.338973537527359,0.4509084579544428,0.7160685975848591,-2.7682354196268797,0.760534896906336,-3.541222234845015,-3.7816469291634793,-1.3407481438418376,0.84436721132921,0.1812091849445588,14.265737047813055
242,0.03028410919072843,-1.2555613558672505,0.6897141359375631,17.22009109542089,0.326709817301699,0.8764574843441428,-0.6746993751299661,1.2962922785497613,-1.5115602009468638,-1.7375504972520548,-1.4256565344474645,0.6414107093947883,0.1349426438205698,9.460508347406783
243,0.04632148642282327,-2.1393383747761043,0.9756974772962645,28.745832815396653,0.13747350183959264,0.5491224340373758,-2.65373352637799,1.0275967544887927,-2.4827036936602047,-3.2813540152892178,-1.3669203029869763,0.7751032210301387,0.29891707292477115,5.023276513370976
244,0.03925699526859325,-1.383001897058878,0.605907591392067,20.14331442098964,0.28189872050840903,0.752986596388568,-3.8293359321906446,0.5623895478731862,-2.044860222166027,-1.2899864582553526,-0.9539603710447242,0.6143084491520381,0.15672975853382531,14.444396764062839
245,0.037315620781886605,-1.5950145404008276,1.918939053578974,14.716806554011255,0.169873419390158,0.7976570886145982,-2.0906996589699665,0.3827106449087678,-2.8649742193179075,-3.628546471487015,-3.9036791166121065,0.8087808316937752,0.24163297339050582,7.14087766501939
246,0.023018154669142036,-1.589916096686124,2.0210627946572335,13.48289686910654,0.5977864986513497,0.6367675388974819,-3.842804709138266,1.069763031085196,-1.8809943134097287,-3.3165687197047067,-3.673835631821428,0.6389206687559126,0.26255202895102253,12.837566861120218
247,0.04339693355252859,-1.6168721168594389,0.44170377976242287,13.014029453066623,0.311655473693061,0.8025677010481991,-3.2567764141567634,0.7128279168455935,-1.9678209214693723,-2.9217906546387136,-3.2012902367219405,0.8277054420424177,0.28463398985063815,4.970624559489433
248,0.0268171500874639,-1.051532155709131,0.18764018006295816,16.571177638482162,0.2602888084673297,0.8931364234703025,-1.4856834546445792,0.3457428151766824,-3.8167190330209277,-1.7880562655045296,-3.502046341702151,0.6030098540509226,0.18358334914848146,12.454178394802078
249,0.01629854093349241,-1.2784352204550755,0.3744874864141401,11.566775030198547,0.37068621907565813,0.5164962831037144,-2.7495779205539126,1.3135599019662203,-2.6855392731585606,-1.825166636357638,-2.1515298745530256,0.6786153171992925,0.15550663128178177,9.02631789137655
250,0.04183789586268015,-1.0647321299836245,0.437486237805787,19.023675125688143,0.5804697070131202,0.9116493359517668,-2.4188893517334327,1.3967602541051531,-3.268241595576099,-3.3368157573902915,-2.4490441324622108,0.5608415216067721,0.240010050892573,7.244578676295015
251,0.008312163541578488,-1.9674934298146374,1.2310431233096917,23.65518862242114,0.4907610809709604,0.9353519352164085,-2.1844848236463283,0.9605270434863773,-1.2320431519364856,-1.6587531897967747,-2.7046655554877606,0.7688289538214861,0.28074284454348203,12.220013773924732
252,0.006674357406071677,-1.6698745844978913,1.918446952383254,28.932233916068157,0.5192108743300095,0.8222534319111132,-3.3474545277069288,0.800818706149889,-2.36146835328704,-2.7619337359401204,-1.1928160891552029,0.5928124869064733,0.06092600375484881,12.9397557493691
253,0.036817116695728375,-1.4224157455116735,2.300052062550414,28.035269857436212,0.12253319987467577,0.7445035280492245,-2.0096641851887105,0.6885921398575936,-1.4554936368269509,-1.6061471327055452,-0.911532446012834,0.7640609028783303,0.16142294357932785,7.815372010567602
254,0.032825258126193455,-2.009964059771371,0.5171399550551482,17.16571204445902,0.3904815510767039,0.8187441005533547,-2.006926564939677,0.4312622161564526,-2.0703082916708384,-2.4028464021018214,-2.9354341782684013,0.7022699408622337,0.21096899870888536,7.880039789711654
255,0.022135707773215378,-1.9231668284082808,0.2739535006110504,10.703617822442684,0.389462800469761,0.7409194743265637,-2.2666274952250793,0.5309732964314313,-3.124389142531934,-3.037085493683703,-2.5375508363772576,0.8792426395500319,0.062165251020414605,4.915359294329409
256,0.009662729239438235,-1.2953666436133253,0.2579628561578199,24.50105243238133,0.20203440409202367,0.5700611081152263,-2.5924178761617593,1.4226877154297564,-1.3376240235730918,-2.9018011302102265,-3.8785143781782083,0.6806693786447352,0.2709421190639711,14.311743274849796
257,0.01250730800785901,-1.3481397151789882,1.2565449732622544,27.791331666998808,0.4808313181107693,0.706669927519285,-1.9942913109979683,1.0319839873502288,-2.4870758460291236,-3.408745197834098,-2.780546181695877,0.704903258490657,0.25361996032911566,9.87247447660643
258,0.007907746342714494,-1.0702432379842204,0.6554495992383524,16.487031147247574,0.3410574945029644,0.6797603922985659,-3.707562219230237,0.32014286940518355,-3.3850527873604315,-2.0459734134769256,-1.6950195554956156,0.6516919014563305,0.14777629702441186,12.549038376901736
259,0.014617225568504925,-1.946267733340787,0.5400120056854454,26.387348790852617,0.2464893521949793,0.9320522868244139,-3.880711934443284,0.9103372663634142,-3.2854616183460283,-2.2967776850825303,-3.80797048314406,0.7142472468751749,0.08266287832806837,6.830176934125244
260,0.018458514197951467,-2.0271033929398574,1.759053485554294,17.121569323902044,0.2065803248072669,0.6173661834037611,-0.05672489720176621,0.5424426639776334,-1.341605552479118,-1.9158215181192368,-0.8656536078900281,0.7795881086686238,0.20557562522805323,14.211196851742747
261,0.02595235171687922,-1.609735915189129,1.6873456385894925,12.238863141106924,0.16686755524068353,0.5869140638799165,-3.314952772414223,1.2803666172978336,-3.8929765181415994,-2.7085605388216463,-2.4295598088441643,0.7840102210121016,0.26815731583796837,2.2977611646045744
262,0.03419300024082292,-1.1273924625527056,1.148529961120334,10.625945029968936,0.4795062421077012,0.5729812242083588,-1.5099192630151164,0.6764867410764246,-3.79758111157789,-2.5992642191609576,-3.597731532578517,0.6327711095846748,0.259385119015533,7.4959231823931
263,0.04348614312143796,-1.319112066304616,1.088474405617809,26.927029643289107,0.1877533116422149,0.6545715711386745,-2.0683535314571313,0.3144743590863884,-2.802073664496316,-3.077946010354419,-3.5162625990568537,0.6695336985837779,0.09020670790977356,8.26497796824056
264,0.009155088275777521,-1.095954637388232,0.8210651726145992,17.904664895356966,0.5451944245488284,0.8866339058318102,-3.7499877363429635,1.237262776721281,-3.208479054257972,-1.2143816500078874,-2.1018068610829435,0.6040515579634934,0.2971341374064766,6.604851547043877
265,0.011019860320164021,-2.226410307337526,1.189728469596489,24.94970926208456,0.4885797013416543,0.6907514504623025,-2.4610571382753585,1.2207927927333764,-3.7760308917133387,-2.3907776769305125,-3.3183812685160996,0.6567325703248318,0.1526241358440066,5.317974417208902
266,0.03847704098432829,-2.005259986589587,1.4969728454288784,23.183405286716173,0.20381730081685684,0.5603646207535288,-0.9641347413319803,1.4963723903277777,-1.371632939142525,-2.8881918486807994,-2.474079415484579,0.8241958768471722,0.2531208187810805,14.751928097200445
267,0.017480630749279205,-1.5527697733811687,2.193510150282748,18.45406930771869,0.4319058399984974,0.5142338652698772,-0.7183796108197389,0.5331319221089484,-2.090860789252187,-1.7083597444647274,-1.0018402976311718,0.7317663506982282,0.07826261796370422,5.834500317412369
268,0.009282389361827258,-1.3577985002743493,1.746398714037351,12.04374560207171,0.37789724180727846,0.9390827798817949,-3.3633989157750737,0.9833396855916487,-3.252957393707089,-3.5268201909247545,-1.112705936650527,0.6908765278890808,0.08745132135037115,10.979098710002898
269,0.04377311706311884,-1.606620921721607,1.2766909499318615,28.424623564936645,0.21676687985128734,0.5930581092248774,-2.551691122161044,0.7847287362910234,-2.3394801446262607,-2.643674326345208,-2.230748311485107,0.7400753644910358,0.29436831576404143,9.88832056968833
270,0.01218725378703114,-1.1243035423544525,1.8656083226304114,13.184920740679862,0.349125314687318,0.8736082126618054,-0.560204641493621,1.2674884704625906,-2.976382672256716,-2.2934949205530435,-2.406670713517912,0.8529544342665931,0.21831392411666278,3.4666807271596483
271,0.02336565057583734,-1.261343176081766,1.077234411344039,28.94810930194812,0.44930786431043535,0.8895897639256383,-0.6000467010223396,0.33117348069579045,-3.689172028261814,-3.209538596853337,-1.2253054583274072,0.8064829777898906,0.29527825037202704,10.422717965286187
272,0.039959647454090294,-2.1472348359115982,0.47918518029176727,25.12416291016712,0.11239321363512475,0.7909076074086288,-3.278678019979425,0.9344389654842111,-3.3471942674382804,-1.468276932547759,-1.6750082159401982,0.5886855647881515,0.2893595691728342,14.149464075849062
273,0.013169248280100049,-1.596991757773722,0.8003560590525608,22.3636678040281,0.4712154315822268,0.5445082369417198,-3.663421855975284,1.185502551019531,-2.056791183219233,-3.574608270762153,-0.5495283286240258,0.7431181206812632,0.05309140895274361,13.594273023641028
274,0.02664716116513432,-1.4299936841577352,1.1375152019985033,14.247801363942578,0.12552906701094585,0.65203591202798,-1.5472393686091657,1.4095674843349768,-1.3841403034806157,-2.824364829356976,-3.5348565083672083,0.623843642446893,0.2456364436856014,4.197723413635238
275,0.04258639743527646,-1.6648356113404483,0.1046391136978736,16.90726929240478,0.3923268923984361,0.8281701649358973,-1.692657919942064,0.606249854572914,-3.71078097170588,-2.3511158905515464,-1.819946103629709,0.8043004105457932,0.1786034083401537,8.181772563330128
276,0.008757612077884126,-1.410301011511501,2.2215048863738516,26.782840828287025,0.29563314561842113,0.8787994364748002,-0.23955440127726213,0.46318524260367927,-2.522897253522242,-3.8138099604304627,-1.3611140855483748,0.7081856374853333,0.2133317252434389,14.568706419072873
277,0.01924700301136553,-1.2144292743938114,1.729107259408803,26.20569338370855,0.5554785228476132,0.8683045613676499,-1.0689530103788067,0.8358427224678668,-1.3121764904581816,-1.4463378049628561,-1.5417164194046293,0.7492027655052196,0.05488128493976311,13.324589671227184
278,0.032222621084302086,-2.0249860481884925,0.5685495587916053,24.62532793955645,0.4694815602748257,0.8173999001653731,-0.04086102598097607,0.8592307438388973,-1.3948303156912871,-2.095916902117721,-2.2761023169370036,0.7068812641461207,0.11635469347197702,13.714365247419279
279,0.018678064197845637,-1.4752655783561235,0.7096028741191751,14.145340991878687,0.15414782341097885,0.8157882048662182,-2.971382705203377,0.43445450425494136,-3.906570009458122,-3.454406855340494,-2.3533528997306856,0.7616976749606956,0.25778294904557464,9.781344899895252
280,0.047117324406217465,-1.2705875311556292,2.0389697943245033,26.60513710534399,0.4113210777782893,0.9101599137856455,-0.7111616429468905,0.524685408608292,-2.1981779331494598,-3.7577538451757118,-2.16076266526181,0.5948162057187666,0.2979081947555852,7.718438920703761
281,0.048575436400729005,-1.1177367003443015,1.5631276342503406,25.75672656005419,0.4191705047842098,0.6318601726809988,-3.000170101318958,0.6472573692175305,-2.8214991795154623,-3.132179477065995,-0.6942387577530837,0.5571379940061795,0.23232519944948882,10.532717637364856
282,0.009968638097546053,-1.23479394471428,0.6491338703293881,19.20273157439917,0.10842605130140372,0.8004276246661026,-1.226666177584645,1.4616266394983546,-3.0814556854227844,-1.2757082979610228,-2.4620472405856546,0.7222047048130613,0.12223705271174765,3.1643784487007873
283,0.03159578025331269,-2.270321637467014,0.7648814214734828,15.460642741553238,0.46083672073536885,0.643762748204522,-0.34467648606199974,0.7514266311115867,-3.460264715861773,-3.100916678358086,-0.7661635691585489,0.8017701902037946,0.16326969849710615,13.907899959850177
284,0.010691783883891436,-1.0754594901335157,0.917246406313304,20.956545631929494,0.28818776697488035,0.8443384720641436,-1.0247054871621142,0.7790630972951558,-3.111993469158263,-1.5837482739250066,-2.588051724092276,0.7302887882530946,0.10250796485089557,2.0434951806059707
285,0.04670305674783136,-1.7406085136952352,0.09915944257429289,19.711761770850046,0.4362704760410484,0.8614788101376352,-3.5220625584664584,0.9501872322598037,-1.7305952532170705,-2.487411255954788,-0.7797027475107994,0.7805833651381207,0.17262344345354455,4.459557656388599
286,0.019319240976487007,-1.8523593669766871,2.2450565347713822,25.52316889940144,0.30806403562604745,0.734581664934437,-2.689695587279002,1.407310531093743,-1.726895206191212,-2.9375131162373993,-0.5285702159753733,0.8958603588511945,0.12895782593799746,4.623713224378445
287,0.010836839332537606,-1.1697586033218945,1.4489270200895432,13.653774309344897,0.1528085358695375,0.5196464451196052,-0.6623898204084959,1.4482124308354651,-3.836666655269366,-1.543949744899427,-1.5139524563147733,0.5746106159560719,0.13540760237560806,8.657947396932215
288,0.015403943748512353,-1.7536499979659688,0.3521111603325256,15.773818305739171,0.4728111243148425,0.5242297493374833,-0.9177455039276139,0.3047137790694444,-1.9571934040599777,-2.3210751112857406,-1.4987065995848106,0.7495879080770651,0.2937662000910009,6.365408742689527
289,0.026113776559045284,-1.4267579450836745,1.102426132591137,11.152165364488292,0.13008399492849868,0.6264964438548145,-3.7887573287129666,0.8182056087679315,-3.6216134572836127,-2.5476139513962,-2.6909142112664677,0.5955543430432377,0.2263374038639947,14.011996617001701
290,0.014154977018287666,-1.892111702761353,0.052487037854898146,25.360924202988404,0.3514687047948407,0.7478162869401965,-0.8382332792645735,0.4212191407077599,-2.169032437132215,-2.126343818575717,-2.3972754651257695,0.5900783614139142,0.07548361783932542,3.2924245125295957
291,0.03814563925787468,-2.295931243529039,0.0564194057236922,27.628401052789833,0.24473959793373226,0.595323959834199,-0.14825877430736778,0.8949031903908262,-3.5755863237505134,-1.8025390260423784,-2.9204622047872504,0.6655895725421854,0.1712172700147887,5.613262340559709
292,0.04323901310207487,-1.9609070811343259,0.9125839244655591,27.54901247010961,0.33194013153180524,0.5507203170602082,-2.3370330470189655,0.37470717084202887,-3.204238678669427,-3.394079484240601,-2.219210267149193,0.6574439417844177,0.2814207998829195,8.601453777134374
293,0.03791604157313335,-2.2203447003249397,1.6892730162329237,15.060301105869385,0.5021466649552799,0.924908189430466,-1.980987507511506,0.6339256776305946,-1.7755665780163792,-2.8182211346048303,-3.172498507836894,0.6182496317831774,0.18936011885363851,7.058392057243319
294,0.02381157405043948,-1.7341029033582047,0.17409090252909995,14.834430001171285,0.3984149252430452,0.5378026822370424,-0.14196782369509053,1.3704590117564381,-1.4205852739729483,-2.008738215041076,-3.3623755702543896,0.6462741810539877,0.07600130650766655,11.277293229857682
295,0.03564032909346379,-1.6746452394136293,2.2762786017869114,18.299311605528285,0.5841511661446254,0.9244694472894734,-0.5933632066851215,0.5085761167993035,-2.8893664277710074,-2.872092990649173,-3.043476065884123,0.5785495312236016,0.18580543035916908,11.820070089172663
296,0.021128837593266104,-2.174198640445018,1.2278055995551098,18.35397279274807,0.14760818708191858,0.5563764827103317,-1.4115881283968381,1.3578486784040078,-2.6341665719501277,-3.257342702318294,-2.0366126479397013,0.6211592879115537,0.26424358674705134,7.32691954613238
297,0.02833236128790261,-1.3012406817269857,1.4389331466906548,11.781317992746857,0.5585666558365623,0.9449054602490563,-2.2251424578393197,1.3550044810874087,-2.1068313807924994,-3.5907052172006937,-2.9544327354358115,0.7664638616568613,0.12086498803015094,3.1827036358000056
298,0.011900649529906191,-1.4435866558093138,1.7822848811613707,29.562962768830225,0.25064706607591913,0.9485212201993365,-1.625497552145907,1.0484047324306522,-2.7089784758327635,-3.344482356571863,-0.7228270603064559,0.8411016318132003,0.29923433500584806,11.628370507288414
299,0.04518437979685892,-1.8020391207934696,0.40625574891211524,16.767117008350358,0.2631987137346544,0.8124144824951379,-0.4114451754871742,0.6206564599297875,-1.8383768547223815,-1.3982225160862507,-1.8046125341313348,0.723967954996908,0.08818749586475846,10.358897635774817
