draw_idx,hiv.beta_m2f,hiv.rel_init_prev,log_syph.beta_m2f,log_syph.rel_trans_primary,syph.time_to_undetectable,syph.p_symp_primary_f,syph.p_symp_primary_m,log_syph.rel_init_prev,syph_symp_test.rel_test,log_ng.beta_m2f,log_ct.beta_m2f,log_tv.beta_m2f,structuredsexual.prop_f0,structuredsexual.m2_conc,structuredsexual.dur_sw,log_hiv_syph.rel_sus_syph_hiv,log_hiv_syph.rel_trans_syph_hiv
1,0.0279033680782434,0.4552441884808162,-2.092179683456945,1.512672023379198,24.237602401821427,0.2626488452669679,0.6876301659877679,-0.358733318557578,1.230696149476577,-1.9984317905062703,-0.919154945394224,-2.9430435414856806,0.8012561136472591,7.629333138241465,2.491730512268836,0.9769852220447968,0.580285201600963
4,0.0053897817929208,1.0372526161190987,-1.4460668507733547,1.659988439947024,20.89533318895047,0.4099091421950589,0.8085126644063811,-1.699832575177428,1.3029052129455352,-1.666477989081807,-1.391666775174309,-2.733892106107351,0.6789073490361149,6.759361891579703,10.733926044154437,0.3951605723712066,0.3382707024683642
14,0.0208601671123352,0.8660445494416444,-1.4644743647268392,0.5500140023022277,22.84753048897717,0.2638733743913617,0.5740423242068952,-2.5716329636764024,0.709519123381207,-1.59745250546923,-2.6179826751462443,-2.5217000985162548,0.5951428354484813,6.613602282274718,6.539535984872552,0.496427230074645,0.3884746669624085
15,0.0084369662202313,1.3506196962057118,-1.7236297114590395,2.202468042610996,27.84769226377976,0.2082298978432766,0.5070154497048229,-1.690922582569549,0.7171559867173326,-1.6985603839701908,-0.8372817401928008,-2.691552588000177,0.6136581235856997,5.378113623590948,13.74114890982754,0.9961494749320108,0.440283860129901
17,0.0099713601986522,0.5675971868215612,-2.0944794873973787,1.5681480449092111,11.448006566395538,0.4521656054375449,0.9002096918497144,-1.0584802149357575,1.4054202734541208,-2.4072553046922374,-1.1167468290157132,-2.1023090021696325,0.556597216328939,3.928675726184419,9.843785009923003,0.6335423770208537,0.5950081842580398
26,0.0281307695921799,1.401950348861915,-1.8695645474979876,2.0856819904299524,18.94500100952841,0.4553564444995472,0.8572325857420375,-0.1640293166124871,0.8873897945511693,-1.9089174440229144,-2.5697808949755574,-2.4876988888666567,0.5978638811879674,4.500123289199026,4.329431706253718,0.2259839135478105,0.5181202811031691
27,0.0220041578587245,1.036018903885524,-2.11486542754458,1.5068256890188416,17.825315814059902,0.4402808822045185,0.702981575209376,-3.664168893011476,0.9832356099384454,-1.9020434278754137,-1.7770168952656895,-2.39407396254641,0.7720978644667043,3.4423692950904283,12.599809233739547,0.9787780925424237,0.0225141054611451
33,0.018975868865963,0.831255426666617,-1.6413999291334818,1.4064673951638378,26.93754915194812,0.542036808560012,0.9278986519813448,-1.8400728087653544,0.9498151062368688,-1.2081478142685875,-1.6330250475620018,-2.606071224578602,0.7368113678355821,3.716838538188774,14.76297439564367,0.3181994421400552,0.1299232910881342
34,0.0243474262837629,0.6838474949792838,-2.162575313615492,1.4841044948143556,16.699726758867996,0.5024583475773782,0.6430906564282817,-0.0199874377575359,0.7986854825890898,-2.655589145515314,-0.990107897680887,-1.3155257546185006,0.8720254785615376,5.208757912889509,12.378063779729358,0.390082717600537,0.0899923352552493
51,0.0174156364979711,0.5611801878922855,-2.1298569331564674,1.118837444610965,17.209850799866878,0.3864689721070115,0.6423580124463807,-0.4113721743404142,1.2143763586066516,-1.8536974888678197,-1.9077627590208643,-2.095955775221528,0.6031754181279246,3.329741833810795,8.899297107017327,1.0542080758355297,0.1551747239140046
63,0.0206314773535785,1.0381248520371915,-1.5331791535656,0.5942540572157539,22.627561959582945,0.1655694709873112,0.6806226525161138,-0.9061983476101824,1.2655796412222509,-1.954651825819726,-2.6366612784795462,-2.7009975077408264,0.5888653643668603,2.3222589585244817,6.797763583906779,0.0706132358776623,0.0081293606799633
136,0.0213685587595073,0.3773772127553607,-1.6928508207102768,2.1489554946395715,13.301244189208196,0.1817741365215159,0.6887382200470387,-2.0695792085779283,0.9553733312546856,-2.933613769789452,-1.5079733963619688,-2.340794027762275,0.5753639916396445,4.374690383446204,2.3871138867198654,0.8595981336975815,0.3215610565932522
152,0.0224464611313203,1.228343477480598,-2.050249600150733,1.0474205408421964,19.16871111217773,0.5177006858858882,0.7250285412178697,-1.5361318769469636,1.3698090796067564,-1.5682587877170242,-1.0029373878402943,-1.7137395351337648,0.8396718789628825,3.890777095431084,10.341833337483047,0.4527165146239476,0.4305294646048248
154,0.0141570416082449,1.2645791469051595,-1.9545117752374397,0.9856817407636924,13.503032165048303,0.4469269989370416,0.8711770895981856,-1.1003596827157849,1.0509471612243453,-1.830833183989077,-1.9280716899490205,-0.9813243211163892,0.7348406840665841,5.661925077123714,9.796963972830792,0.4265690706503234,0.5119193361943019
155,0.0200672392899139,0.4184364320233122,-1.1956260741385931,1.295176699931656,23.88406911074549,0.4951922020671253,0.8027668094321977,-3.2313204490139,0.9948790881855296,-1.920964919038724,-0.962073955014473,-2.9877500098008745,0.8218865463795921,4.814082617638336,2.0669174432345803,0.7881583302518304,0.164289721219974
160,0.0195361914427583,0.3803484061449583,-1.989333387860186,1.43042330588012,19.85926847472855,0.4548834835207545,0.5904478480863652,-2.779993530550814,0.5180575162961815,-1.9891348827486468,-0.9248163568446736,-2.5273972599496526,0.8894716788505947,7.908452336696966,2.7840398737542555,0.4339721538867819,0.253678688029377
185,0.0133676772112956,1.3554463761543087,-2.0159270787587174,1.9414506461539849,23.247817646404403,0.3547599037905237,0.5473688334055854,-1.343032940555044,0.8711228400203554,-1.4203127672114366,-1.6926683832811311,-2.180000148325586,0.7122751022071103,3.019667823936303,14.933844938580984,0.3530392375837138,0.0235203307470801
227,0.0207435549231803,0.8205956545543502,-1.889273305578464,2.2047355868646656,26.142358094596048,0.2510857987619328,0.5195441546388989,-1.8871398248914544,0.6025972672471122,-2.7646494218770634,-2.1080411935828507,-2.168746800130358,0.8145550512407593,7.756512890752713,3.3796984730423683,0.5711153581894307,0.6057336821735555
245,0.0268004834342532,1.2718478123453174,-1.7928260838698789,2.2826135616185046,12.975077390943367,0.3376770008236771,0.892165713829177,-2.414166204941992,0.4713606326071853,-1.3786080033666304,-1.3790973284377357,-2.785704260596136,0.6762809308457511,5.431735321748707,6.979741563913367,0.643946580213767,0.1468149448316656
254,0.0163848071117761,1.050088870923383,-2.157366777159534,0.9802979633599478,28.04348464572971,0.5092083483451516,0.5073203431263625,-0.881342102983389,0.8573602400087188,-2.0223395238534367,-2.092467955427336,-2.3212419782766034,0.8872297145465925,7.898267471265253,7.540681599896202,0.6113263032360495,0.2263825801226322
307,0.0130045660000398,1.126044131418646,-2.2876185818959747,1.1608406939114295,13.045195660233452,0.1744673626215896,0.8279493561712423,-0.0453915065131877,1.0310715481816035,-1.7597589329961116,-0.9912639157663076,-2.758903681244055,0.7399681080188664,3.899381574601197,7.822158532523897,0.5838741280183187,0.0463535305258408
331,0.0290952574065146,0.4602412394613793,-2.057942441529863,1.8383711255426285,28.545903322219377,0.1681538529918989,0.5127457827468406,-0.719482194217349,0.506047945606193,-1.51043743106819,-0.9555645308711248,-1.9992146875829349,0.5535865113927498,2.876500932766759,11.683693285068829,0.6876669990657982,0.1093991567956117
383,0.0128110445369793,0.8453170528648213,-1.901771551291695,1.1019420203338892,22.810020514691345,0.2634261059984243,0.7089324589076792,-2.3654662902156733,1.12486261852309,-1.334773704218311,-1.331482341872893,-2.528236066629936,0.7080635177078234,5.817131383938479,10.49523644960992,0.7288139894505956,0.5011513213565545
440,0.0213757305642675,1.2854350417579428,-1.7707917503985038,1.920880212415694,27.44527340982038,0.5380830691087816,0.8007715814217401,-2.0366266084662863,0.4772647702307579,-2.826470684326852,-2.9404304381368664,-0.7052722737009121,0.653255984976749,4.292204971183381,5.6038310014428,0.1217611515850314,0.832928405462122
472,0.0187727412943397,1.4640629987741098,-1.9358541348839888,0.9782155057630888,17.69631322893347,0.4796825997301914,0.8120107081582946,-1.1601673252949216,1.1324765730191957,-2.041512792742221,-2.4050948938312096,-1.977577542948418,0.5580194156376483,5.462418883641615,2.35924777702908,1.048636790142046,0.1738137165873637
489,0.016475741814615,0.6468938555345123,-2.03869436716568,1.5357266039632256,12.729221381120896,0.1576457419036323,0.8366559644352528,-2.131067787508698,0.3289525088273975,-1.632973033203324,-2.2287666059579743,-1.8151853497362724,0.7590246510507859,5.469451623776839,4.404969392516449,0.76173328577525,0.7442607701331087
492,0.0230717405145857,0.7245128944151966,-2.002022144978369,1.5649335583157518,23.681176684967703,0.3275644757194741,0.607586246463478,-2.256775484579301,1.392863964640142,-2.512457470223424,-2.283546811908171,-2.216469035835964,0.7132542932446495,6.648575875217515,10.528555899893432,0.5938342144827268,0.2813840425360311
541,0.0251827519522982,0.9295290509794096,-1.9103460301087625,1.7433835542932337,17.846270814873776,0.5595614277953421,0.8223135345348083,-0.3134957107176053,0.6096421534694136,-1.650903574322697,-1.5645267020463642,-1.7547479150975884,0.7925955672395789,4.336924711933415,2.961769709185099,0.635339525445532,0.6530969485604284
550,0.0102931948640325,1.1918525129860829,-2.0127791219954707,1.2518444554347732,14.47441977064031,0.4748735611423893,0.7443970765051191,-0.316897232930458,1.2334338355001069,-2.348361484341872,-0.7940046254623452,-2.110303507080556,0.8861210044857942,5.9826344632618085,2.810339349000021,0.3090912491958608,0.5533545350913451
569,0.0214663057448428,0.659236206358534,-2.222484978349946,1.3670437330156515,24.022117865448127,0.5432505725680696,0.7890850014999431,-0.9107934377809608,0.3010616175904469,-1.2475883424360776,-1.4340294384490646,-1.5363510705473051,0.736127754532713,4.1827693545136455,11.447659895017823,0.9102852922980286,0.5866563774093964
591,0.0076640167152251,1.2578332159587275,-1.88239098115129,1.112115296715486,12.06350939752754,0.4582794315453061,0.8674946002203466,-0.5956900018070543,1.2563551332086191,-2.419127404568022,-1.7800442640676473,-1.4641837929134565,0.857713845845526,6.147876017565373,10.104994885644643,0.1918093553402045,0.788445802312853
594,0.0215432905807919,0.6616007627960379,-1.842193075486688,0.5442339733475632,29.73362869770695,0.3224711319776784,0.6311190201516704,-1.309529195678233,1.0158228816651331,-1.341033112943653,-2.606941733574836,-2.351826942933559,0.8055204441504363,6.320492806061487,8.258498084151029,0.9689763364762286,0.9102563230448693
599,0.0223065445717962,0.3109052837685975,-1.8992931014039625,1.0835849523775791,18.02922913922104,0.5544381278204898,0.8616966171129654,-0.8525708823418348,0.9712682243042065,-2.5521857638357908,-1.9553375780175997,-0.8155886566201778,0.7664208333292113,4.924931468398704,4.695660797252928,0.6070478071349253,0.0520190667727058
616,0.0209387005875237,0.6040711178774464,-1.8798012703431115,1.9090746234061975,26.34229762063372,0.3777749311630295,0.8169501996464366,-1.9070654887443836,0.4552634610823614,-2.72730503156368,-1.4317912839575548,-2.334257388973003,0.8250153666708292,7.821920635474694,4.26696784163559,0.4194291180241669,0.0602787814960327
675,0.0173714088716228,1.371062744080066,-2.0363264007375825,0.4117324332164577,29.66262822844713,0.4561227449519973,0.6127535387263509,-0.330485294744741,0.965560068989692,-2.7846317030206102,-1.1582929384956209,-1.1146434860269174,0.7100227075167237,5.929875532431022,3.217434174411689,0.0504331458688946,0.0841310020913985
707,0.0193746709367212,0.4798208677842394,-1.809335282271761,2.2178999467760026,16.793889998053626,0.2366701379529397,0.9486937373683936,-2.7992333331939303,1.2637081511688737,-2.856919502508842,-1.7333665268644904,-2.4927016083162394,0.5733141666498256,3.550550578729113,3.5940164936838483,0.4314369064335043,0.0342460831023678
723,0.0126613124240431,0.6924608260358895,-2.1717744293356205,1.3626474803602084,13.621591532303343,0.5626751496626914,0.7477068171333323,-1.016423264821566,0.893207219129303,-2.653573338070508,-1.4818435489225057,-2.4855850704679634,0.8957016206131683,3.068127417506985,5.154405814106513,0.1096862825733173,0.4229585144716577
726,0.0252817022927972,0.7086250950984497,-2.2744173730117376,1.3241012351477992,12.389392146073638,0.260178259807142,0.9439927515045554,-1.0818644683210028,0.951318832519542,-1.887999636875045,-1.7556436395934738,-1.1673661829534565,0.553967321807542,4.2794847003581005,5.428570700586203,0.1250600199223716,0.1523222571151319
744,0.0186287599733818,0.4528430090584202,-1.8286768478274569,1.4749433786079202,26.315026611603145,0.3418325994599245,0.7678439820097959,-0.0629375093835729,0.5489126496566377,-1.3215643348782409,-2.4454156627245345,-1.9707244260197332,0.8006991319497672,7.237550628230282,12.091169997716491,0.0771887916238517,0.7726706071590512
783,0.0232900520880377,0.958749453081506,-1.404654669291274,2.05635483701326,19.564865788746594,0.3849372994153086,0.6289525931747599,-2.517769006029676,0.9245117640490136,-1.874901012018935,-2.333833431119392,-0.9545668872061626,0.6550586981546288,4.837978036947765,10.56852868404432,0.3730039765608718,0.3797287527226429
789,0.0183210470640822,1.475984819598098,-2.06657947543246,1.7852926290945363,27.11907992655332,0.1736206057884529,0.5859062570600021,-1.6434239585875798,1.4560460038966736,-2.8370872194055896,-0.6943817170642896,-1.647348800516045,0.8651807919094212,4.12855176385508,4.877604753777151,0.1649573870189809,0.6339943949308475
818,0.018157575961821,0.8408674392666866,-1.7460864501713522,1.293862382947377,20.74036215053228,0.1014979804458563,0.581969878036187,-0.3009362051786577,1.416338629262971,-2.0655562704527384,-1.9509878683141813,-1.3631184356749255,0.7569939503984175,2.801980104829592,10.367964452491265,0.7163690980299815,0.232900887778711
820,0.0249702346196149,0.6104288314500482,-2.083648231719207,1.587565278561616,12.883376215125733,0.1193982520798898,0.5153542518788069,-0.536025849373122,1.329101597015688,-2.6150513858881315,-1.8579768460748227,-0.6978762416108748,0.7878078046279524,7.586295291139152,5.027448230393206,0.4170119671846967,0.5291251001576063
822,0.016009171964319,0.47187637779098,-2.2321274234753314,0.6190840703362542,21.16345686722383,0.5513718295585679,0.9415458154112696,-1.9930440952358828,0.6454299623211002,-1.4073387936982482,-1.0134153966174178,-1.2391496909125772,0.5926352449084636,2.339873585145204,10.71956213997612,0.2548952229566857,0.8611861870296846
834,0.022467283250788,1.277643591234768,-2.197675498099598,1.146785571383682,25.844941546749,0.3772194508145139,0.5761152381507806,-2.066212621455695,0.5646738035851013,-1.6965073917926166,-1.3361723798417684,-1.4619589436914917,0.8432331658410626,2.8183397646498727,2.276811877639802,0.0225545698516168,0.1538628756433877
894,0.0262017320549222,0.7784234532495282,-1.9863543920344324,0.8261809452152079,23.63630003255437,0.365231833232903,0.6018603066610321,-1.0725246011865068,0.5013533486488818,-1.918638347253269,-0.9052552077606668,-0.6333070384593089,0.5996474334411206,2.125415477289003,4.304075609673818,1.0048239477373302,0.3263834006939207
933,0.0274154649810103,1.457541281645054,-2.013420477842914,1.8978800176447272,21.63580313377041,0.1095835743623931,0.714930477307871,-0.6198189641188372,0.5876666054648336,-1.5742164983004865,-0.7713617274430837,-1.3039874251348862,0.674515552109217,6.223361186221684,9.86049315562564,0.6799358936117509,0.1265988299586329
942,0.0198789921265995,0.4903169770732483,-2.175635910107089,1.12586172723398,18.187449481562524,0.3618402487630416,0.9323549027657864,-1.3299505947946444,1.444488102773175,-1.7142234906985934,-1.14428224149932,-0.629029991134201,0.5600279958746227,6.116664776775206,9.47456224212679,0.5250386755651061,0.0585144000583816
966,0.0179916186568819,1.1646175153681608,-1.6755944056159815,2.273521112429481,21.43581309613533,0.1460958426705969,0.7566569434512482,-3.014747156282328,0.9337396945843756,-1.9310156824453812,-2.4181159565252672,-1.2044648546409804,0.6847712309202387,4.30744259172376,6.758703344151986,0.3410595090002523,0.216191758473916
975,0.0236547929947371,1.377467469334703,-1.8473942241422256,1.7095881037425107,14.101289489464946,0.566639976386846,0.8652834879211697,-0.2867870557836802,1.0122625662077114,-1.7381635684513537,-1.7129289584478844,-0.969736862910902,0.8918421673268262,2.8442327007420127,5.094484619047061,0.3159346984140918,0.9075823835117646
