draw_idx,hiv.beta_m2f,log_syph.beta_m2f,log_syph.rel_trans_primary,syph.time_to_undetectable,syph.p_symp_primary_f,syph.p_symp_primary_m,log_syph.rel_init_prev,syph_symp_test.rel_test,log_ng.beta_m2f,log_ct.beta_m2f,log_tv.beta_m2f,structuredsexual.prop_f0,structuredsexual.m1_conc,structuredsexual.dur_sw,log_hiv_syph.rel_sus_syph_hiv,log_hiv_syph.rel_trans_syph_hiv
0,0.045083906592716605,-1.5986946562649629,0.8607170691235451,23.420175464729375,0.4148430377535206,0.7175365664725448,-2.578820426979586,1.2008557427788922,-3.669454947824717,-2.7155196420384717,-3.020578219154263,0.8510854408463433,0.17613011239993276,4.521013663424931,0.4121868277723159,0.05122908569055439
1,0.013766812281947628,-2.0898818813338274,1.4980032900923523,21.95788904005853,0.25206985376652435,0.8609682110478052,-1.1732248016195381,1.3764275155147112,-3.305224631797596,-1.7834471518675437,-0.6861768603685761,0.8462822289399149,0.21070475875661038,14.927067878692826,0.15474041185371148,0.6628828644924609
2,0.03600112619627928,-1.1307107731735184,1.2628178271088173,18.38736857606105,0.4831167974911076,0.6417864426106611,-0.7592833630282207,0.5173207440212699,-1.406509250212813,-3.179339064981168,-1.1309802852365105,0.6196355722517211,0.29013978349883734,8.465126877841804,0.32816472490444715,0.7352062467076709
3,0.020647625674403754,-2.0108573227991964,2.1168439333979006,13.999509182016599,0.4903551260374964,0.5605027237151119,-2.056487450120122,1.1608770838759122,-3.284287181698416,-1.2271604047002023,-1.7821909035331824,0.7318663815808747,0.15360966419850794,8.652919164400465,0.5838566361810613,0.4771889451376591
4,0.03175479225199991,-1.4196109411682065,0.4715755123113431,20.37973666012916,0.14161530360905344,0.6088449239161514,-1.8284089364554093,0.3783658854251014,-2.6198624367797025,-2.722592649848985,-2.0533627672274233,0.7725050521259744,0.1214220052018611,13.021316951028501,0.9537528165821043,0.7184211135285455
5,0.04795035296895089,-1.506689691088312,2.0200270444910093,25.32220180533949,0.5566288132114436,0.5733649282088366,-1.117826139530373,0.32215249107899446,-2.135192480283175,-3.7269823393642576,-1.3741891055368822,0.671687626229076,0.11296153643702164,9.956822413535818,0.30650729120600456,0.14468144343807665
6,0.03299572810841699,-1.8143735505245548,1.8948893311280712,10.735873489030032,0.24848569884882066,0.7659504392992837,-0.8249917958255173,1.2641232944906091,-1.373485471532379,-3.602555064035956,-3.6790337459268327,0.8880157181778474,0.14575300753153875,14.397553896149768,0.4743962536465317,0.0696308771915761
7,0.015154106506377402,-1.3278487269896528,1.7562831730693118,17.34289238106051,0.5754024674502747,0.8094208055660735,-2.8744513970209256,0.3614907646371902,-1.4529698778323934,-1.94101241602362,-3.4368127446753016,0.6650148913641343,0.11246532152178176,12.725260397832738,0.8703577837386213,0.2072511453088432
8,0.03798448955484162,-2.1463557148468375,0.858322418630035,19.338325325441545,0.17403156476716602,0.8459796952931977,-0.09898612011645458,1.175908784515881,-1.8174234374727192,-1.4791314975008425,-1.1659272496333286,0.7330701483334239,0.2645944513909682,10.775402696911303,0.16501952536886497,0.23648935990213146
9,0.009128976589841457,-1.3808312302831613,0.058857383044574746,29.431955173168564,0.30760181423282495,0.8059675818801795,-0.28461652043546337,0.5964153569126409,-2.6675859181666866,-2.8067236152760024,-1.8725355348523927,0.604049053224787,0.0697656385134675,10.291425019163352,1.0227091853667323,0.3366798888836958
10,0.03843383885810662,-1.166395944057566,0.635281584716242,27.26417249625492,0.2424085792176809,0.8804436165742063,-3.9098034506260597,1.3207669941117428,-2.7143168430811198,-2.9276729296854986,-0.5934851259693108,0.6252324333492297,0.26228669575786034,12.056104778631212,0.05432781386271734,0.4274651709268993
11,0.027134735440999546,-1.8223274497007995,1.6586926746622257,29.483426132036207,0.24518201251520247,0.9216598300404532,-3.5797469644323416,1.402736283792677,-1.9150346846859492,-2.239004587134053,-3.258694457270406,0.7458897888872615,0.24271100865720918,9.788626710976676,0.6410885612207501,0.7536767055612806
12,0.007381586310138277,-2.1097895185240554,2.0941759340164174,29.588048779456148,0.2590010286807986,0.9246881569387437,-2.088973792666141,0.5027587053083996,-3.233001125577376,-2.557743586701803,-2.8406542332731366,0.7738321195803569,0.09082171976024317,5.326714905366717,0.3144527843902589,0.08650499620781635
13,0.01053172512430572,-1.7701872643966057,0.06374889167336455,16.89459222605194,0.24133370724723324,0.7882938132107267,-3.11286721480401,1.045044063984338,-1.8009268851366254,-2.7667321920044188,-3.332998203672743,0.5658694921072043,0.2222492094235159,2.8454946913681,1.0302681154484885,0.25975124735860605
14,0.006757033065967692,-1.6424826055354824,0.9361938008366274,14.562986797178212,0.2889433748138649,0.7218411538943739,-2.9358472931787314,1.4063235427227347,-3.009034786137038,-2.0217682418437724,-3.1970122178013414,0.5887282455984516,0.10627718199870392,2.7459935838657383,0.32219428564242075,0.8915229535819238
15,0.03637558570776759,-1.6502998826178632,1.3183632029683363,16.564615360626732,0.5589899736321666,0.774698391569336,-1.8204352227625322,1.0543497137229052,-3.509193172509475,-1.4966758593423375,-3.2845239811753,0.7356545942629557,0.16128841926493642,3.332593618938774,1.0281668431182815,0.5505501883279641
16,0.005027514685486414,-1.7058743729440387,0.007164425537207765,16.493704422416236,0.4680897112596788,0.8617630037143155,-3.2249457290817505,0.4594245122681154,-3.0627872226565422,-3.732980552738139,-1.6364487237096834,0.6081541177056093,0.16657042494694552,12.48575025262542,0.33304286730518107,0.1827247385040997
17,0.04654199271010592,-2.0294457835313273,1.3686510950798039,21.107091302877866,0.4644700148384132,0.5832432106444666,-0.9633357295337994,0.34859547349271114,-3.4520469134088594,-2.8846022850246653,-1.7039287608001525,0.7130423811615292,0.293690639456881,3.2819619615528617,1.0654735494033332,0.24931166947104355
18,0.04527143705769236,-1.3383821765689263,0.5538986751566115,20.72986920890233,0.5817919302183032,0.8583513302876302,-0.8716453432523701,0.9843893874242895,-1.3301640683022202,-1.274400396839535,-2.62840519029898,0.8805837695113385,0.25101750303785153,6.630836070968764,0.016347101704954323,0.4229774469347812
19,0.008621364178381618,-1.8284677579893347,1.9312158070043677,28.090695781917525,0.15955589447083193,0.762290347383569,-0.2539930133096231,1.1223324425256203,-3.6523441895689976,-3.111952247205456,-3.0318655963326853,0.8132845885081854,0.15635044660022757,6.476951121696909,0.3761030452987827,0.705700066902298
20,0.03756254779706927,-1.4318351141947314,0.5808012915059538,25.230971014011335,0.5535857325187107,0.7570211189891598,-0.6103328586200072,1.4778691108957371,-3.8364947417724773,-2.506438033751449,-2.763947617994517,0.71076386130802,0.10358766822598459,5.386035507039211,0.9919293347621012,0.712830269321475
21,0.04008573563776551,-1.5623095639026499,1.5344082192422903,23.67093734515329,0.5181043201166037,0.9335616796311363,-1.0927699559068813,0.3256252719821346,-3.395531251094817,-3.2331609908142775,-2.7436666623487183,0.6162043860871876,0.2845082700872014,7.109214534772209,0.6349387033944961,0.21022369288308612
22,0.04196525740827913,-1.945850107858768,0.03479984999386369,19.031824548299124,0.2853934610166557,0.8003011329252319,-2.627473129308613,0.46960162623390955,-1.230432587251065,-2.0535760158993592,-1.2944286626873627,0.7155643394861042,0.1052851139291329,10.735193640299084,0.26815543446095935,0.04376439285051624
23,0.029549954336250767,-2.101718609282034,1.168465746911051,17.581964337272655,0.11772634663704659,0.8175283400296935,-3.561996202924094,0.4194088665098312,-3.1351387143266782,-1.5328917155115334,-3.4515385178595506,0.7078153666732098,0.19870583911228923,13.269433933903668,1.0811066287856184,0.218445636020631
24,0.03374354607897788,-1.9559315133587778,0.9078497401550853,28.803253689333076,0.5648025357046382,0.6127241994812138,-0.555990713061044,1.3395123132866595,-1.27247074966871,-3.421740413224405,-2.154877171112805,0.711636629044518,0.07347883374066974,3.6338677755684223,1.0090440837159642,0.6247810389966415
25,0.01890471089128363,-1.375199919730544,0.8075834128604638,24.592627439266927,0.5416716089036041,0.9351811999635383,-3.315881665730361,1.4566524136813561,-1.2139602697785623,-2.088594455236594,-3.2393306130339083,0.5947415208151814,0.05825796606084656,10.671128552714478,0.20496809651609485,0.13976235049550928
26,0.022978546718725006,-1.2910907755501764,1.1651218401204873,10.005957451524608,0.3489062182677875,0.649945755934258,-0.9259162500714182,0.9117933683319424,-3.312694713179259,-1.8701665298577326,-1.6812746088996842,0.7636756896832564,0.22661897338320564,14.185291566342194,0.11012564495918006,0.13203105477453764
27,0.012395281882403205,-1.880144985659831,1.9185127382157001,26.586547859285396,0.3247917938678239,0.8697432035147106,-2.0178891197910964,0.4894799526216944,-1.6810511916699014,-2.694801496850131,-1.052008518007741,0.744608118260653,0.15144103437390183,9.465904129784477,0.6812121098627852,0.5356893902385254
28,0.022691824952751308,-1.912626326381086,1.9415217092624835,21.60772361924221,0.1388173695248323,0.6212403082303662,-3.782818287530092,0.6632658670844787,-1.9981539053145014,-3.374552316007795,-3.6601539197290807,0.7300908569342076,0.2311896557083678,6.673711022297848,0.8534532048609274,0.5213653256306291
29,0.03101329741762887,-2.188582727233228,1.0465308105167965,12.003960372686965,0.5914192683501333,0.5967374708923295,-2.169921369108781,1.4301033250820694,-3.5429989680968266,-3.16400623290731,-1.3075909788812123,0.6359778446289457,0.07464341398859888,5.656857206295079,0.05626861757182485,0.8295124685398135
30,0.033288682533585696,-1.3889769158562075,0.2641195101902992,15.178863939245517,0.4099399002762044,0.5218723999337647,-0.42346518035426195,0.879097628527183,-2.346521371525244,-2.1027364997188074,-1.425770418810278,0.6565773934374319,0.27528963911956583,7.359630720087624,0.6672698870356569,0.893233361766581
31,0.02608528727072302,-1.428265165893751,0.7877860679213421,25.56581738369288,0.12877215718586296,0.6891703956699144,-1.0421767145798584,1.1179854682992676,-1.2628302454449862,-1.9243129880386005,-3.5641309722211307,0.5711897205772641,0.2370882152945688,4.0316462086121385,0.2890373524676513,0.01269981027931452
32,0.03859166481246397,-1.5270438512459994,0.9875470471528386,14.455133703653894,0.37947684438366336,0.8183859611499124,-3.8470140874103174,1.0886913063019172,-2.0421734494889296,-3.455014814667917,-1.4422278007205618,0.6391323528573974,0.11906693953677926,4.714186827686609,0.46156939528298,0.15272897485147846
33,0.04718418426629682,-1.4060701691198858,0.8236526091739136,21.152972908967733,0.32935359717472723,0.9310386670481208,-3.729601821154629,1.007163769365591,-2.5446841218178493,-2.1803490325641564,-0.7961396789199084,0.6213576449943581,0.05584238916443033,4.489241324785434,0.6853909931740285,0.8124740094926769
34,0.04577876061671469,-1.1435632272052567,0.8796445120363382,15.927996714423589,0.1754077830453421,0.803849331459016,-3.2791793070869484,1.167397308104747,-3.245670484012796,-2.5752130127020507,-0.9874994584137355,0.8775616723342323,0.13558995055807121,3.235424773162598,0.506876107503877,0.5879737140623784
35,0.02448738269981647,-2.299426741642623,0.8301311369899129,25.15749408663477,0.23058475158310957,0.567994695116973,-1.9398796632158628,1.0317675660731143,-2.8140585700150558,-3.7453833839568746,-3.791149625783192,0.7683481079811649,0.12959785624284392,5.8666928044567594,0.54984806957301,0.7620338240374176
36,0.027963567163419297,-2.0336048735887884,1.2829215556584976,26.77729394696056,0.5408353050691141,0.7692028834384931,-1.1880159218588333,0.6904057899731939,-2.710707903831266,-2.2296994646590402,-2.100063518286371,0.8354380017584555,0.1548403308252811,10.578924330955395,0.7692942448400163,0.7438808345215133
37,0.011403869739136884,-1.7872755662262023,0.3913833252822423,11.248131859559946,0.22216161089050185,0.7990493453403961,-3.3119422260899114,0.8815185691613678,-3.419857501483091,-3.3592326225532103,-3.1059769551389174,0.5899925213954953,0.13253065731370883,7.599446442601345,0.9086739372214987,0.7387926820355029
38,0.042390137974550934,-2.1958500584765175,1.7764205766810273,11.08972650603451,0.4650503081388241,0.7670231328778525,-3.1724971528206742,0.9530649860102485,-2.85362656989704,-2.8951184965555115,-0.7049644939066302,0.7657855618796667,0.18935221406039238,4.188779677854601,0.5859795064479416,0.8232414891251472
39,0.027653312453138925,-1.1809929884907662,1.851326906053681,12.727678715179211,0.2757408971497704,0.9052969103195213,-0.7814227050519418,0.5047096676375302,-1.420950549031553,-1.4600884785965653,-2.8241919536846725,0.6992058373270331,0.28693724530944376,7.38575881149316,0.6380237715561721,0.19283199008707574
40,0.046589085279728534,-1.416467726272705,1.5270056346582612,24.317697656637247,0.5872968370443746,0.8752128120430627,-2.803675169197809,1.4739414826315347,-1.6162940954181102,-3.695646249424232,-1.2409646967588044,0.8674550926383857,0.1994403226592868,6.973034804254374,1.044220795768405,0.5670372605364058
41,0.035021998299328394,-1.0635981059695934,0.693919936175607,11.840203995483478,0.21954195824874156,0.9276701636567422,-3.588467324307201,1.375660753635057,-2.362494074511849,-1.7249803519956548,-0.769400879301608,0.5523347994015888,0.17391969828582404,2.805655848784311,0.5195087715115899,0.019624284339969628
42,0.04805036299441056,-1.862868970041685,2.2749908146857907,22.90717539380521,0.30514116873285746,0.6567546251058045,-0.6537559890915214,0.5265384861472034,-3.6418242876881934,-1.9279427558652975,-3.3680317410677816,0.5996378400974165,0.20280454977920687,5.4951239932969145,0.7455169010272887,0.49492158242950685
43,0.042537205531763767,-2.1419844576430798,1.6556773350311134,25.87353354674847,0.22460817147186557,0.9420119859042249,-2.6589898418978715,0.3338818317788597,-2.880637875912976,-1.9133984118079617,-1.3912078708151387,0.8763173861598994,0.21729885661531112,2.2893586649560245,0.7025426313726841,0.5012894820319173
44,0.030607512960012486,-1.2567847864213388,0.36233498652783713,13.681078392708287,0.11593602290235969,0.9387856140371198,-1.7864214162120042,0.6213016100920838,-1.3828362563947794,-1.8891325594609878,-2.753207732686829,0.8414506240975542,0.10453152438855202,11.658917919849703,0.19902122534986502,0.08871114709824962
45,0.04497309019035499,-1.2813033750743015,0.9514600684871811,25.002681698511388,0.18649499552644974,0.8434383813600427,-3.6674702759012803,0.9237378782643264,-1.8489862918023539,-2.6529248838270503,-1.9882215294603325,0.8066072127703293,0.17907366635979233,2.5033381436204363,0.9226126648149053,0.4499042784756961
46,0.047418946918771285,-2.1034044316188116,1.5704081197482815,20.638892691128724,0.47166389882054205,0.5778318944435019,-3.466870837533604,1.2639950677499523,-2.9326852413946853,-2.111074858050545,-1.8410689992418194,0.7023301184764958,0.2543495157187278,2.0935478393973517,0.17848660011868184,0.9030885387752439
47,0.01831362757204575,-1.991398201197359,0.49364923511868064,17.25144980830244,0.3694487737632419,0.7011044230736163,-2.17832615361913,0.8581569215790417,-3.4309970855552216,-3.678683444720137,-3.3570311943993323,0.6443387603997551,0.1242343140053911,9.236265409454418,1.090598563957809,0.5405159824959774
48,0.014283405579865672,-1.68714502874042,1.7250841725817014,22.628719196637952,0.3256830076953898,0.5542258470003654,-3.520882533012495,0.8885865221626306,-2.64482809613179,-3.8141968898219805,-1.18849081756193,0.736835259867911,0.27728811376353824,11.190185607160883,0.9431423265292324,0.5693115154185839
49,0.03425230256995736,-2.0493663527703014,1.9509561004185585,16.045440058811437,0.18866797746293085,0.566598899121706,-3.2628404660470456,0.9343438956248431,-1.3151620565150761,-2.2517906202507545,-2.347810456336707,0.7222624415686917,0.06165080487681877,7.192828863838123,0.030302717633963583,0.3093761240486188
50,0.005939212942031393,-1.1388399247871286,0.5150881359638708,12.293744630131437,0.48812328943042227,0.6692844220078167,-1.273925455938787,1.0353082242542317,-2.2105306257422104,-3.08148002664975,-2.3701922945903884,0.7553139902311196,0.20750576284839123,14.887998983854185,0.8088463031233102,0.39431868484771737
51,0.03246794295498085,-2.0960303716489435,0.294563631892893,16.381787520566608,0.5465824671727133,0.7721081485866637,-2.8596204242851417,0.9573455158133586,-3.910544817822203,-1.2763514085706595,-3.8054035598083447,0.8892301727036986,0.1376050929184135,14.98900787138232,0.7118613223878584,0.10826420668660547
52,0.024140575024991118,-2.2344248521103793,0.3474925597862754,27.428870813645375,0.21040262960469208,0.6740248743860106,-3.5132479722906,0.44194166779245786,-2.630325140424655,-2.9443105506713483,-2.8182005358303783,0.7198573783312461,0.2507549400307588,8.114781555060734,0.005877549231049301,0.4927121845714206
53,0.03152759387654478,-1.8681333665815316,0.1521360817304746,26.986697200473365,0.19856836189907048,0.6426311258837871,-3.5496672767174293,1.4861207964473009,-3.9005904741668274,-2.9811611307196717,-1.3427477634166918,0.7990634772653424,0.27438190299123355,13.364984107678378,0.022767054667643102,0.7312918352466479
54,0.04563430773547929,-1.8511894286517983,0.7225084313616292,15.413460170945445,0.5015002292047321,0.6976934039493778,-0.5704199032285202,1.3279074396216721,-2.3231126849986263,-3.8883469258420633,-2.4690005356062468,0.8231311670634307,0.16217114175987493,13.816170925494013,0.11495607584184735,0.447207941356727
55,0.04903862900335628,-1.7580582005161562,0.31518259569307255,24.76882398289156,0.4163387630320823,0.6719341910256755,-1.0613853967406133,0.967475565227895,-1.900509236608272,-2.4829358270457105,-2.2719597071205975,0.697052618542835,0.1431303360455345,10.185713271445456,0.5685190255324851,0.2691419665599349
56,0.013958282996469278,-1.3847361443978259,0.021600043153482837,16.098532513242233,0.4242193055979221,0.6586108402402182,-2.2956425574274775,0.814074034638695,-2.241691614601238,-1.399426500912495,-1.434766635491445,0.8333708592469655,0.08145630309120869,3.37389312885177,0.5721396891319397,0.058408308864718435
57,0.04851475372196504,-2.264937764352065,1.7884764296007873,13.869800057815468,0.13821362976582852,0.5252933096961083,-0.4734130275045674,1.389788406983742,-2.143638944011407,-2.358015591531431,-3.5108716846333596,0.6998672415306475,0.24486224056386058,7.059025596109326,0.8270341882610869,0.09208131410478385
58,0.03401236582099082,-2.201257988698924,1.2180979630962678,12.575249824194115,0.3343252417259558,0.7028599775423839,-1.3792795940868317,0.37117274588994387,-3.45112675220488,-3.750629129064775,-2.686414250358859,0.742382871746742,0.18144621682404055,12.406652596770389,0.34357454312801466,0.597380116616249
59,0.019932521105008386,-1.823383459601137,0.5855455071585824,11.54324435670652,0.4685423747669074,0.7319910167813951,-3.6320636482130637,0.4750063743845374,-1.774873083941574,-3.4801905869095746,-2.040684421569324,0.7892973463666269,0.21935220107222692,8.737568000744197,1.049209129876161,0.022816416036065726
60,0.016469514797963436,-1.3564757952991653,2.1327175971273253,13.524955743142097,0.12007958380692386,0.5742769538606205,-3.3767696578093065,1.1273456924891594,-1.9762583208223827,-3.769468690535065,-2.327667996717257,0.8381316029914454,0.16073420557438317,13.226936569002735,0.002484573976711338,0.163074921201817
61,0.029080247880201613,-2.2750261920315906,0.04964460888617998,13.320850737025644,0.47668566016913405,0.9232725381969442,-3.139289116023876,1.142124962811944,-1.575452994880965,-2.7648989508333557,-0.9001650763534088,0.7797748755286869,0.1747146636026578,6.818906862011845,1.0780216989252909,0.7582280193344314
62,0.020030954692420645,-1.084114233284433,0.62228295977573,29.970800693138642,0.18060164391789307,0.5449965368411199,-1.0039994294373042,0.34287641445614336,-3.4612415386049347,-2.6433760662892425,-0.8410708929688102,0.8099889521714829,0.23447309765580815,13.682973146365288,0.21634659630002503,0.8328497655453917
63,0.04629107298074242,-2.2418724388722517,0.6857102144712728,18.560020309552268,0.42254536004540166,0.5690749083580633,-0.004469012182438448,0.7192910579950029,-2.7717361294879836,-2.836439694809042,-1.9737968675970032,0.6626420951968403,0.19092292692526058,9.550849859846675,0.128201434155706,0.41987063816092307
64,0.016001000642179828,-1.85702942121373,1.7964190516890957,14.708910967429565,0.27876914881218895,0.8158952896938214,-2.1067785081774097,0.9011208698599138,-1.948767256733867,-1.8982003063051773,-1.0597709562394972,0.7837450829021662,0.18638136463891664,13.595646544376656,0.9322089638461096,0.5127385571665793
65,0.026586241448141153,-2.117458003244947,0.43245988309386246,20.889139352385996,0.5683003892577623,0.7455101797359923,-3.119157783235017,0.6248873943098239,-2.123451806468932,-3.3636128740212143,-1.0172395291111704,0.7621824100626321,0.27393737289533193,9.273991638496554,0.13445725094147182,0.1995231115296711
66,0.009363450963472214,-1.4766072423635626,0.4640316918917822,15.353240593250437,0.19007846255252406,0.7480849092756692,-1.2812541290499384,0.8214980873723441,-2.515756755374783,-1.4113745013558128,-1.8871731591178316,0.7930336676591121,0.13414731034804436,13.72599733733416,0.5973700378788896,0.6425939955792577
67,0.03223340856704061,-1.5590115479255404,0.8377266284505954,20.97851895507847,0.30409241932993114,0.6852652636158613,-0.39944626962460994,0.8706635549321649,-2.2803704487679273,-1.69063354367734,-3.865810647496039,0.7566827899666111,0.19418482964102957,12.541050367216213,1.0189091857478754,0.23896071194857946
68,0.04092790885535866,-1.4985470046159453,2.0551322115999935,18.090345387042714,0.43785113310649615,0.5911132873854464,-3.645822376300696,0.7143600704470998,-3.4355763855116184,-2.9715718372432995,-0.5319195088923356,0.6104710172270427,0.08249374413933333,8.44210103469706,0.7294876750973237,0.0065998165318698395
69,0.0427792506394826,-1.9884520054491477,2.294021747047919,28.5739958273229,0.17000231747498015,0.6647111137651536,-0.028087850292993544,0.9423087986698129,-2.202518189651311,-2.8823582355103747,-2.5740012650757107,0.8322520859239767,0.15321833540221008,3.0057346877978404,0.18211098208404009,0.009514613117211265
70,0.03985048201141564,-1.9146956228492855,1.6744972194824967,15.654909574666128,0.4942941743422006,0.508171722607161,-0.8802151668640916,0.4612553483375394,-3.710297518155708,-2.4315503933305043,-3.639920660892397,0.6263974640302584,0.2524206674275326,3.181793457044689,0.7581279362824579,0.838960905822324
71,0.04363081866712437,-2.1749067355871246,1.8339981341559994,25.95518237125177,0.33607777050821924,0.8663188041880527,-3.7011926113798235,0.6927150768536086,-1.9208538654154663,-3.4635838447426313,-2.8661414413633373,0.6493983789938502,0.2354239521280072,2.3079686558200936,0.7099089471321839,0.22027913617110628
72,0.04383558571505422,-2.015090713869274,1.0243906346819793,26.46216543465417,0.27491198816433315,0.5644992218837515,-3.761231687912272,1.3169015044748311,-1.4931459724484442,-1.4445583095626624,-3.5585606796400846,0.7749706656766592,0.07154428022098216,6.512698624476443,0.15811548629933503,0.18772066010249952
73,0.016877120018105905,-2.12340973877271,0.6416960684961079,11.750813496259575,0.45957091340112677,0.5018715066283497,-2.0017062604324263,1.176998936048207,-1.3435699003368722,-2.1731650541274714,-0.8194184074128374,0.8530902241016591,0.1577070909911905,3.5115138849185286,1.0726631310443857,0.7233312310343184
74,0.03362369802328192,-1.4040329515071766,1.0791563423382977,23.533974102842635,0.20643798123701565,0.8200196902614595,-1.7532217429425243,0.5584283272932116,-3.4866342130558916,-2.377240930749487,-2.300681472186329,0.5637756492077924,0.27648266839899255,3.704903465239214,0.18936749411833934,0.046624766273924034
75,0.02891503690237856,-1.089705540567486,2.219472923900978,20.219297815217153,0.40828903705833786,0.714425811294281,-2.289857788183477,1.270055231697511,-3.0929297547878933,-2.516642873863489,-2.582811377279728,0.7263689532678992,0.1936989807767583,11.949967322496192,0.9840977162101344,0.6947868593658252
76,0.007052787557215343,-2.1504332518742872,0.3248436976987946,21.262261385938707,0.43999822089162877,0.6946815842917389,-0.23334580216658107,0.39741483694708574,-1.692974098076483,-1.9522094576300422,-1.4798262582822743,0.7874445596172083,0.13838704838013113,12.267422243338721,1.0538798054655136,0.709863345634804
77,0.008270677023562701,-1.7792622671367555,0.9577672363676801,19.660056201960078,0.18298835806726527,0.6763658989485919,-2.1278293565442996,0.6114612319003065,-2.9178100528035946,-3.6892443277084093,-2.283538300563637,0.8486021845222486,0.1180355253137483,6.798525022316065,0.8363717590265569,0.10016465641891005
78,0.027216745182040578,-1.5381059787026676,2.0869109193010242,13.659506469580762,0.38814112260314837,0.6880706461155345,-0.9795962360034909,0.7805904707282789,-3.7653755111247316,-3.2514375676343237,-2.670881417774158,0.5558372099198944,0.10162985408087988,5.709278518218602,0.7385460050190434,0.6201802474134104
79,0.04481347085622536,-1.9217710032789483,1.948214628424156,21.401424390406635,0.31416893408853946,0.8502594918855939,-3.090118508915774,0.9904770705551313,-3.1122231715101214,-2.4910616984290685,-1.1698422248997082,0.8027920667691861,0.16983899306462905,4.162191049238695,0.3373979524595178,0.2944673410208862
80,0.03584619908127082,-1.6820860381824232,0.6183859443576118,16.69112338785702,0.4317887176808517,0.6051008305705146,-0.6831890730420938,1.418682950161609,-2.191969232611516,-2.73463439896993,-3.8719094865767425,0.6787314543552139,0.23870466748051689,7.532768992976591,0.6542392518660324,0.07520122411486165
81,0.026285804034762595,-1.1883195080876319,1.437403221405075,28.04072688589853,0.26130910171239974,0.9026559913841377,-2.7743485507414456,1.1869703105506184,-3.0529102360954816,-1.2935867427644392,-1.8213908090968345,0.6238862277311765,0.24412285334139744,5.729027471389051,0.13772026139070023,0.8829258362310346
82,0.04226315337128747,-2.281724997719622,1.3966058023060668,23.287972079622005,0.5090622199769468,0.7639602013441908,-1.078981063056749,1.0125914186517233,-3.0409011852822663,-3.7627711424657684,-2.25683566343069,0.6365822420020908,0.10972440327771157,13.488586909809422,0.9361163231770903,0.40449630562321637
83,0.0418594487317701,-1.8397333916213578,1.1760460431143798,19.10022730141025,0.5157725201270796,0.5855518760697774,-0.6384888368157746,0.34457743151319037,-2.306940070717505,-3.493126208219843,-2.72022243964569,0.8575631254074763,0.06574907819505368,8.334858274236272,0.24725454757224197,0.2914892082592272
84,0.009652678355552325,-1.762256779959953,2.076740030010406,20.575334375476857,0.5109706345122432,0.8718224013752319,-1.9011747275172919,1.3326491325672518,-1.3870766901243314,-3.030135594713355,-0.9628938946598828,0.8124720345852174,0.19539961879686069,2.9765740523638016,0.2501535538943395,0.7264249329517893
85,0.015699750388880728,-1.9617364096521066,1.1542190187235746,26.66399366600848,0.5492304546713591,0.8547166236590265,-1.7371250318019427,1.4434415053832836,-2.722182243190424,-1.4869111628253546,-0.7726816577812041,0.8860614602383154,0.09382917161542015,5.561611317224708,0.9705345405332707,0.8732839077573553
86,0.016152249579809753,-1.8552293211166457,0.11026132547265127,19.23806492524284,0.3109482060706035,0.774446151670989,-1.324018979953352,0.9600258280128526,-2.738161844641869,-2.2424233918810845,-3.647929064630939,0.7538146076555203,0.28341417570549493,12.918045027685931,0.4506658700191,0.22651477876119827
87,0.03903237434266211,-1.634694662177869,0.8685757172547804,22.722949488601696,0.22910850307837355,0.516626382713182,-1.8069301494122527,1.4384110667941086,-2.796712675028703,-1.4302134026405127,-2.2337446987322562,0.6884709034507388,0.09150886375693928,14.33760461692025,0.34436231726900174,0.5617036707596282
88,0.010119904543924823,-1.094536758843129,0.8455858517783613,14.468273497308807,0.40026307557413854,0.8240849264730832,-2.2445484352613567,0.9168168457393322,-2.996211660963704,-2.1476695852265495,-1.9155079159531443,0.6830328955449122,0.10191263473079734,6.442406003122889,0.9394731576693925,0.06601465001546351
89,0.018595760145564102,-2.2958682241146593,1.2120059341050728,14.328170927649303,0.34036688359354617,0.5323308906606197,-2.7375122242148806,1.009551115965624,-2.504154428607092,-1.7470047816001553,-3.3474902209547537,0.8720283079715454,0.12898441314487363,2.627650587360851,0.4543268020068207,0.7666995726353726
90,0.021914545934692473,-1.3757456055247728,1.0963866233609685,28.929111434753164,0.38634145959817945,0.5411471454279444,-0.7030224665669187,1.0738511244652227,-3.5204930130828447,-3.1826716733016065,-1.2568281995075825,0.7289459129400768,0.2659465526423394,8.068883465363083,0.9764909100230064,0.43648859302055426
91,0.012616110656312483,-1.6320973389000204,1.0826318103330812,20.441446011841773,0.15704871131055773,0.8966892849617438,-3.7970461556503685,0.9307170635241862,-3.638087406032899,-3.051520676978068,-2.307051923816389,0.7013999134635609,0.28856507768373946,5.9360155015301155,0.5788343902144115,0.8515764662831072
92,0.04878390314557512,-1.27322169764246,1.6692241437100783,28.16612047234812,0.12427222085110194,0.5285077776607556,-0.26714267017474613,0.6460882136770407,-2.579858785120897,-3.560579704279719,-2.0820989611349328,0.8974007042657397,0.0928019925164758,9.321130549982232,0.8716339102076711,0.004676121522156977
93,0.0303654866942614,-2.003907865312092,1.3120104468616158,21.01185243026041,0.5022530271172214,0.629327364428639,-2.6918391649149194,0.6854482530230135,-2.692102618014881,-3.0691971320810465,-1.4557652548807765,0.8443937154732395,0.2652734548428216,8.545041231624714,0.7420360192172073,0.6156707645157248
94,0.007128181555821941,-1.933044080002987,1.9592192052745565,23.502686035703093,0.4279741747636455,0.5048821942358285,-1.6578000124283534,0.3552056653458748,-3.5295273883391114,-3.593802461738173,-0.5776556137877589,0.8296819824196815,0.11740772978449954,11.968571311420686,0.32535614196435525,0.8118407141822926
95,0.016656300581966235,-1.6199520098304636,1.8429674214116698,15.082630265151343,0.355486404076929,0.910737229148216,-2.3779581655703144,1.0500863802956533,-2.9655362246523205,-1.3689240209248403,-1.8294509516285706,0.8275181777686161,0.08954146692340978,13.626115444817284,0.5014435193260798,0.3589381924070473
96,0.012682668320709831,-1.2158048248509146,0.7535971634845225,29.17011729112196,0.2936324048622669,0.6376388703931786,-1.1522317456484785,0.7872945776943288,-2.4900031381843544,-2.6337516376482544,-3.0531178043321328,0.8536229225058974,0.29890512768990696,11.001511812360347,0.04346516579359043,0.3804475107532101
97,0.0348045553056744,-1.6025798684396495,1.4795183972298447,17.74912296734534,0.16511666108774214,0.6822531022208167,-3.8421672940681275,1.100531310893573,-3.334295064523495,-1.7330672880052043,-2.947100807991169,0.6527732903790184,0.09934045709349365,10.5166929730535,0.5490089550602539,0.5802691885737585
98,0.03132841990500756,-1.0685898272199537,1.3323727320640808,24.162122176580574,0.10407972882782596,0.9457450804384508,-1.1228634918482858,1.1110992893355778,-2.962336925347854,-1.762262961212675,-2.3247388810822045,0.6819816026475485,0.22925841749410641,7.576378255819371,0.6247381031841253,0.2985028260892221
99,0.031159055090271098,-2.1227668595559774,1.64754076675334,15.496199881207904,0.5061728339492442,0.7922453000393409,-1.6455948965564118,1.1357682186218474,-2.5033791819042905,-1.6138170618407313,-3.4113000974917136,0.8385384489485287,0.2598400656988241,8.70906330264824,0.6745040439572243,0.6131062807321532
100,0.03081300722244471,-2.0526173533767476,0.40158842725215976,14.345701741597939,0.4046079060193073,0.6960856889548152,-2.7118732739845757,0.8309416095786153,-1.4335248053359444,-3.2840488716351635,-3.121279020136744,0.6774282437324901,0.28102345888064234,8.78693955271697,0.9490723853234786,0.4758203852826123
101,0.016849354133649852,-2.267387328339173,0.1842522622157519,16.864090379344873,0.2913200032104859,0.8397216280362694,-1.9535331153426647,1.3876438319796998,-1.4422382060334424,-3.5215860385069364,-1.1385907830294064,0.7924463575094451,0.22817042014383615,6.402231219233683,0.6134672366882112,0.5288163826082088
102,0.008803662137214802,-1.7960111858125756,0.9672163173415362,20.7725437706466,0.37266107599458476,0.8016149795484112,-2.5981814967767933,0.7010807390147885,-1.824608923038097,-1.827707066599936,-2.5568525442001406,0.840266010450125,0.2540121872726646,6.096567448546609,0.881491968452135,0.0953062686993393
103,0.03531385926629143,-2.2892336489086187,0.1744896613909607,22.981724373754094,0.10790878608313756,0.6032974428559157,-3.3896870644479904,0.7103918088073717,-3.3724411997968025,-2.2767819757881265,-3.5197424509614663,0.7669590303870387,0.08903171535812532,3.5322991519178992,0.8906709635998356,0.6407592548945561
104,0.03666239066161008,-1.3498630193035734,0.9375483252026119,27.184822590213386,0.5232491066855832,0.8376988646907761,-1.6079170906585083,1.2255243344753057,-1.5177452553583093,-1.8099287645204667,-2.5490593460473816,0.7390717366312121,0.17689302086187797,11.81754701423251,0.3336973372700893,0.878028087472883
105,0.03773828436082749,-1.546001890313177,1.0994893488746735,14.980809674930123,0.16980359349849028,0.8281424922059568,-1.6365671133361288,1.2979788923108275,-3.4117797350468413,-2.1643837274174746,-0.8598666049530075,0.5932679872912616,0.14396106245543377,12.801417327232919,1.0338748316149933,0.9116387528465044
106,0.012021720464918877,-1.804800697345583,1.7809680096746183,20.485210911184424,0.41847023333895716,0.794023722102578,-2.430045031154452,0.3374471057882946,-3.8892206155686897,-3.000192070974582,-2.3598730642204098,0.57751889593332,0.06760371746289397,14.467691109877183,0.8393844916234283,0.15154598643111575
107,0.041303003219016476,-1.1286774141438412,1.3485372020106083,11.681987125764143,0.1427719057602779,0.7960904557396766,-2.1471592160160085,1.2766816183636571,-3.7317070390365576,-1.3864968131374478,-0.938377877482099,0.6380092228902022,0.08625366243483237,3.6876075685426537,1.0167719869477234,0.10120400519693122
108,0.0243453660744446,-1.7989594978176964,0.038797420667015685,14.796607951030332,0.3987504904149256,0.7261135810757269,-0.08954110573553731,1.4890157280841625,-3.87488394896331,-2.740483702191023,-1.900002664063884,0.7555908517324961,0.2364619168808375,8.836667660105087,0.46131761915429725,0.6170957996340805
109,0.025143497467991813,-1.3531392585233921,0.2705998406334731,23.897892472086973,0.524206443631516,0.5788257016383147,-0.07355175986156137,0.41119386009843045,-3.748529517783758,-2.0688495885820544,-3.088361425357005,0.6333249558203854,0.2790491439167083,7.764531662589545,0.4288144035361925,0.12851925109881854
110,0.04455017554284448,-1.5098748319406345,1.1343165677880338,28.793999907263665,0.5264664822831644,0.8478930431987227,-1.9167585647018077,1.1477037692665237,-3.118858048468081,-1.7440235004558784,-1.5150885607399602,0.8909298465946691,0.23030757332685614,9.89177241361908,0.6458431560744585,0.8597185600166856
111,0.011643087545935805,-1.8701621874883794,1.294466797720496,18.76882316983665,0.27138380982483573,0.7268051424052959,-3.7459016058268872,0.4553858738146518,-2.163040989508394,-1.3379497078568692,-3.881754630884886,0.5783662751522431,0.2717863253077869,2.4299643977665815,0.9053846079234387,0.0632006478466547
112,0.010817506645372395,-1.6164422277501793,0.6530914461877536,10.91366538608584,0.47905194365769277,0.6285652488292257,-0.9069932177916034,1.3015125518773827,-3.2946808554158147,-2.545572886442052,-2.643774093059627,0.8011908694521489,0.22527104136968312,11.330421181370602,0.651572041878188,0.8538399021160599
113,0.014838644730193144,-2.135912126980168,1.9247894575519011,12.43726915788013,0.2504284894835699,0.601644406884523,-1.340907824302772,0.4858168068570421,-3.259928323484897,-2.4088074112336075,-2.1490598939386487,0.6601103273790572,0.1958933578265285,9.43202145480544,0.5546942606989663,0.3219173778012126
114,0.020789372729405346,-2.1609053280298074,1.2394379028548348,15.301227227386264,0.2551305250262707,0.8112597401293455,-1.2449142207377082,0.42415120004586115,-3.2751850701101772,-3.3178847749120264,-2.338594133754439,0.5627222812052736,0.21499952655895088,11.081282354689979,0.8284663005829331,0.7949327083849209
115,0.048945177636829575,-1.6577044041857656,0.23674962619379275,25.603928247682354,0.5663877250005931,0.9085600411734538,-2.899151197276958,1.1134337546961426,-2.9859804929665894,-3.7834776671082495,-1.737871965287931,0.8919432428382668,0.0770831586255722,4.957235963599111,0.6597176673953405,0.7757963974298697
116,0.047566408150160916,-1.0969547939823565,0.5353477100576063,29.115808577856015,0.5623625920974343,0.5450097162152813,-3.1946920132764864,0.36589290707455074,-3.701147381890859,-2.2859288621091896,-2.2220012840509256,0.7259288292681155,0.292892881892548,11.410577060964666,0.14903334102684018,0.36822728535784494
117,0.0410021568347732,-1.5926236343646545,1.397622279942607,15.68010344367813,0.29621811583212865,0.9210187248888991,-0.7895412113031943,1.397756890501752,-2.869473351040684,-3.556696762213062,-2.0686683853765473,0.7882926301497986,0.27138870839460133,13.98900399679899,0.5671504424612833,0.17046455245303901
118,0.0221224218681618,-1.072565127264491,0.5048197705637231,10.28271059333184,0.3007433647903052,0.6739682659828651,-3.420625469071021,0.7752919943555145,-3.5388164327174434,-1.802226508118049,-3.1644959041804595,0.8159359091792694,0.29118189391836774,14.089058650252822,0.39605415339602695,0.3080099165971809
119,0.015409015049720688,-1.3356386930043782,0.7487787860073939,29.795213523842666,0.176995412916313,0.8076604212728702,-1.04334979296834,1.1392855832972115,-1.2482395334081149,-3.2399706427814188,-3.1314486550481284,0.8192634111386227,0.20695001146313574,12.975257937702635,0.2651338647156966,0.22310717710690922
120,0.01917589045945074,-1.8069096805975877,1.5544196816446498,26.17602224708889,0.21629264017887553,0.7789310551259898,-2.338766604497547,0.317154362609161,-2.8018888579621866,-1.6773325640536765,-3.8399630768226194,0.57028786187263,0.15935279297009275,4.911544145654743,1.0007929277809446,0.002740327185462352
121,0.006878746633399347,-1.5200400481986482,1.2261605939291305,25.530496545490216,0.45129401613187325,0.515817658397401,-0.2009988333740269,1.0992933320746914,-2.664734941171308,-2.476085584738401,-2.406441584143138,0.694748831598505,0.21415178253402067,8.936584959516033,1.0914642454834833,0.38785959979211465
122,0.02483554710548349,-1.7053103101232405,0.8143022933520097,21.468619322586918,0.12574946082383728,0.5118827657901719,-0.9499668376080139,0.577544686976764,-2.256634675297871,-1.424383299487741,-2.954833572068096,0.5673208235910663,0.26688352497786155,2.5600825833481,0.539309575347241,0.8465030413360094
123,0.04212912969836533,-1.1020616319145282,0.4504454018533278,18.935369427751628,0.23711145920906743,0.9479465171700494,-1.0976459432414214,0.7271216816311916,-1.5240997439218478,-3.649726393804671,-1.2334003293449065,0.770248882293791,0.14178369905548427,12.296944644002915,0.40336750528552345,0.48795016666112334
124,0.024707200908209555,-1.7928219374824974,0.52761516171851,13.82047156062761,0.11002114563340476,0.7832741025691354,-0.7313970669964327,0.7413032192302207,-2.452742636838364,-3.0370632191426314,-3.48659336449439,0.5502872675404155,0.09642906466632067,10.825481301974778,0.8574826402764526,0.23053852849774176
125,0.02632359020467903,-2.2585145182334925,0.4148262457122354,16.623280360685484,0.45814016855780126,0.5646723605176598,-0.5410231996827974,0.6594334441281083,-3.498166949751326,-2.871116515706088,-0.9421810362627014,0.8424989739409339,0.12571684367460845,7.9608866447165845,0.63201570597938,0.5726148901735074
126,0.04170805455063462,-1.6638097891352435,1.6070939774616635,25.37508546647451,0.14724777500209993,0.7233369995437935,-2.1909125408093093,0.4990068230084588,-2.182992053622221,-3.0219236613607356,-2.4813694436223344,0.6288925227484418,0.055391299016997436,9.124280990994171,0.7652866136549805,0.1725218659264788
127,0.013648275311090176,-1.2269681538991113,1.8719994747391897,21.747811962290093,0.4434293262486525,0.6154665967690556,-1.6900118392772887,1.1529446237308465,-2.407112637640312,-1.2381624398701851,-3.726457701610448,0.7670826435956838,0.29918249599053853,10.968165001726723,1.0127559662303656,0.5450494705508917
128,0.018777988515018853,-1.1472715735339531,0.7138961881703423,22.265584636243837,0.3975791534474593,0.8677360180674227,-3.2512027918095114,0.9380808059889794,-2.0071628532444787,-2.67963338129986,-1.3285972927784964,0.8649396582597226,0.20337881952296671,4.328481592091414,0.6976039211119437,0.17992681330980764
129,0.028336451731917418,-1.7677810223787365,1.032307129615117,20.135257656546514,0.38456860727127096,0.5877431821404441,-2.2801816905864314,1.238206990581785,-3.7249823774783324,-2.5025323009511293,-3.7350461152083883,0.5552141561604298,0.061686227444654046,5.0252523905605795,0.7276424100054689,0.5588424504879446
130,0.03749122434351349,-1.439014586028052,0.593452663161834,22.187911902748944,0.10054197874599022,0.715604786857716,-0.43495459839383166,1.4106045573918147,-1.2916843094295727,-3.609321750982755,-3.62134872858001,0.6890052734944541,0.2553567078119657,3.897400664411287,0.09191689388759738,0.362415432674983
131,0.009944153093369403,-1.586399713872717,0.18325554771748953,11.650768903752283,0.47542148187885436,0.5508038722799355,-3.6878242396683585,0.38425237084747615,-2.5905534714763454,-3.4039057617281,-2.0154426347280268,0.5745083907165178,0.298048718114832,12.86960954944615,0.3862751303155631,0.05334873771737447
132,0.03197331312675558,-1.3112867405735589,1.419819062677174,22.40482210650305,0.4728923762036312,0.7414406596874147,-1.4879803230806101,1.3830390042068814,-1.8924846941217517,-1.6917180109434606,-2.702096408821271,0.816941567974091,0.0838511492271379,6.879976064714575,0.28439773482110875,0.463252392098774
133,0.007536540308338812,-1.4675150334117422,1.901919058959674,24.349556704838893,0.2966819837240815,0.558607210737414,-1.297542650853441,1.2338727045768882,-1.2970808199669785,-3.3864260220528566,-3.0477193056168765,0.7590150155828206,0.08425374618566928,6.054511532576904,0.03381207987893064,0.251044116880547
134,0.024603731056625344,-1.2040340816249635,1.3424505397877644,20.800382054722448,0.21704984880306855,0.8343600936420135,-2.160169937919583,1.231863282356287,-1.3102203281107792,-3.1248760657505787,-2.909830836120044,0.7181669962094307,0.24241843059982093,13.428043300178231,0.2584881732684133,0.6840340670371334
135,0.02878276758686433,-2.2911649619643066,0.1658418875383556,10.704993157867179,0.3168676471108539,0.5040944885442086,-0.5071773929558363,0.7302961161407486,-1.6041125663674212,-1.5425017553160703,-1.7740047462202693,0.6850330656347691,0.07874776722933662,2.6867552582332506,0.29167449511097826,0.3556252909835954
136,0.005687988763341522,-1.2537047557753034,1.1953738360197104,26.335348561411266,0.1353587966319144,0.5180486104610038,-2.7493454687469905,0.7914315842965933,-3.5647287471325804,-2.9296324669227007,-1.9712796823730443,0.8176518108259528,0.16478045890470258,11.44971737787969,0.47930555000622715,0.19680745225822344
137,0.021691843916799992,-1.6597458467274908,2.0063355999154093,10.945606585635794,0.2932207878093033,0.68373163554334,-0.3163334458647067,1.0773483021938524,-3.8499064482950414,-2.36786616451378,-1.0084744101689878,0.6734496965101451,0.1497306117630291,10.597869151098369,0.8213296428108953,0.7164090679544225
138,0.04412655630170585,-1.2089403576232567,0.7598548817937781,23.636309858570435,0.33854578041808586,0.7422764359930563,-0.5857909884668757,1.0276489624689138,-1.3313777126907826,-1.970618496077614,-3.4352600836030684,0.8996328296446239,0.06887069592750511,12.12039382315716,0.5221478564791501,0.4667278176890831
139,0.0381652436924091,-2.1783665774171834,1.03842540970209,12.395522954817668,0.4966020811141193,0.8935194042911346,-3.825163261414928,1.39337816242912,-2.5498197846581707,-2.440196379560266,-3.7844612616447697,0.6271443548948032,0.1590529412049629,7.012793024681309,0.20738744342941998,0.6916859660545168
140,0.03615546972717389,-1.6931603014881906,1.6166536025370992,15.583030045691515,0.421023464514228,0.72020456068607,-2.6375106391294034,1.213492190638271,-1.7220061427679818,-2.0104787492106917,-0.5849026328661342,0.8839328293690154,0.09218427670304337,5.961207488655914,0.9266201308137567,0.7650356271987465
141,0.03441353036352237,-1.5333622079978253,1.8109162572851565,18.23806007523538,0.272169469320219,0.9140199321313276,-1.6751070776365644,1.471628858183493,-2.535990566394694,-2.1980670150724584,-1.6190663317057217,0.8072410435029613,0.25606380719301897,4.388994320835264,0.5433408699698663,0.3463199031747459
142,0.03203681445568406,-2.193354413924274,0.45384678428783765,14.064237986954474,0.512406349505337,0.8911755960353036,-2.2149919361157355,0.5614064092591865,-3.599877093862393,-1.6389588221449305,-1.3536312654719893,0.5876789260230364,0.2823297003789903,12.222611405702004,0.31534556602548697,0.5138429827540322
143,0.01937003076040128,-1.2180778438876363,1.7041273381282218,18.686121034216058,0.3439824633263103,0.8925385572718638,-0.7471849858496191,1.255841905525239,-2.086151587569528,-1.204362539915596,-1.6446131535351425,0.5864822557308289,0.051709271869042395,14.143884867931815,0.10080998124485788,0.6612991001974919
144,0.029984579536602638,-1.4103031806810578,1.1165871073491442,15.837923269523927,0.38900305353326536,0.9111528198792483,-3.168673556815999,0.5676850268404683,-2.525363042714016,-2.0360727374965695,-3.745955240458189,0.7141646148116936,0.09735455239031102,5.086890037685078,0.5767850423265384,0.2842967752962289
145,0.030345111133512955,-1.4509859663323792,1.4475333694514032,16.461314845306397,0.3095621173393086,0.881020955385385,-2.3238584991929834,0.6072075290343516,-2.4277735539169063,-3.862357349311205,-0.9142126023487847,0.6685604755087567,0.10264436470008755,8.883994842770827,0.5037928613703423,0.3705181563323907
146,0.013419764533957566,-1.928299487854272,2.2828769171971315,10.462057336999516,0.2630494681864803,0.7368962927563009,-2.408865732644962,0.7628477601251114,-2.4201016894137592,-1.5475918627086025,-2.4252751418978216,0.8850252147688704,0.11659255938079142,7.935637218053523,0.06937264634345842,0.29976869679812956
147,0.007964794476642216,-1.908166341334602,0.8947366411069527,19.280298298251427,0.1541851694975489,0.5367490087390081,-2.9729952421799877,0.6393994817730029,-3.170294409684459,-1.3127619487333235,-0.6636261027861035,0.7064659427054115,0.19194565502866323,9.640307366494135,0.394536145246834,0.7928401802845323
148,0.023245012840475147,-1.2607934350607701,0.7409547829296939,10.378206776541534,0.5511575323127147,0.7396237206625174,-2.847496961370724,0.40340023408826375,-1.365301323156471,-3.5834653790926803,-3.6074320212133246,0.6028571641100895,0.22679361127666836,4.113040120877735,0.9039726121246783,0.8643412706918001
149,0.012342912449171527,-2.2138988761771863,0.391537814345079,13.39700797850158,0.40208654840153357,0.5853922067512386,-3.450301702221076,0.4289756988702871,-3.3646286096715556,-3.469806845160461,-3.7033616928096835,0.7845102146005033,0.28978531881430125,2.251788711321887,0.6184311009208247,0.6488705010361986
150,0.025910533235095963,-1.3078590199788223,2.2430780565116155,15.940497233680327,0.10865704550276284,0.7336290993753808,-3.0977468582751406,0.9068103521636257,-1.4687279083105333,-3.135100954230203,-1.4708917658543288,0.6666963111845404,0.19798590621940104,4.056711038487994,0.715976191975432,0.8182253666860485
151,0.013064494700821008,-1.4236784827969602,2.2636915578753114,17.60456920471274,0.20479359386342771,0.9377030288803746,-0.24470122777432346,0.6036122618328428,-1.2572336353066782,-1.8243482987747877,-1.5659747890130125,0.5515261784285002,0.20864030954819057,3.093848191247937,0.6634585606646756,0.410136769465796
152,0.030712073555709356,-1.3226006680200655,0.09442691423151876,23.33620189435795,0.4806874636991185,0.8890034826973486,-3.6178014248699992,0.8049755167610277,-3.559955423222704,-2.5233383766666657,-1.6922021170978137,0.6917039892815582,0.2945988538356153,9.818565309338041,1.061812167872891,0.5332681443597553
153,0.011512553260690166,-1.4823810971967495,1.6835171769240116,12.885318931399823,0.5939307546610986,0.7763146352669158,-2.0423988894085428,0.5458499693498512,-3.077999477623651,-3.2088434088655267,-1.284860561313078,0.6345513669225655,0.28260584398716526,4.65724109922752,0.7796836468676775,0.6059971986504782
154,0.04966673930185444,-1.3451986463621493,1.0681888668228183,19.693769581827333,0.5573477289837472,0.8219921128351837,-2.679034854872419,1.3525435665847385,-2.402044185370032,-1.3079597083752268,-2.124900487845915,0.7494412236386634,0.20654749383222804,9.401635575119961,0.17074857939463578,0.873701099915029
155,0.04347422699077119,-2.249279361226068,1.0200010622603572,19.777446298359806,0.3536404489407482,0.7799249858098842,-1.509682353697411,1.0927891800954925,-3.181849811822779,-2.5364116734176982,-2.777826803666888,0.6055308389126126,0.2332908799258308,4.733323550088825,0.8426954401543872,0.48098500755770507
156,0.038067162031948404,-1.7355500853177,1.9662583793510333,18.43342666410719,0.2016102036747624,0.8364754775653265,-3.4810549423930954,0.39268339803861696,-1.8744607421956223,-1.6557958611995631,-1.8592909964269961,0.6737400934876404,0.09538965390023928,14.018832912160901,0.4926814695291978,0.7470220073124455
157,0.0493820827346107,-1.1922059557553575,0.09031711848110485,16.744223950239565,0.5697569461654406,0.6391599520221279,-2.7194899198340803,0.7591394751276869,-1.277660716006566,-3.339390591398389,-2.17024820907331,0.8782694808331861,0.25673982888299274,3.4667902976378135,0.08820599257716343,0.6325384301235508
158,0.017325636862499615,-2.0797239307306583,1.9063858256885573,21.557385822670902,0.3205158407479703,0.9049752766991057,-0.6775375116261397,1.4656575849541378,-3.3864939616232057,-3.5453284718113185,-1.111844379098006,0.5599053095634775,0.21624400823390338,6.574397130839837,0.8153910768087197,0.5062511605408977
159,0.035520868268825424,-2.1538206519622474,2.034180946804287,11.055138179482205,0.10613389072062153,0.5940590592936131,-1.3893329219062625,1.3100028789721034,-3.800485101703216,-1.6277826767811114,-2.9629213825933314,0.8361917665025358,0.12664579983082902,5.36862983284821,0.7526822775798525,0.7421008253599934
160,0.014957349580916955,-1.2656243705140344,2.1203221914809958,10.165561699677133,0.573993425558369,0.6329059021230823,-0.6134215468911073,0.6156001925769019,-1.4175025258912886,-1.7094353869588468,-1.9508450151218497,0.7091828192537026,0.1202074927059312,10.240839757452733,0.36054549257939195,0.2882653208695379
161,0.03459549125820882,-1.0617608146513244,1.6952990782876394,19.538254520248344,0.34662330432741406,0.6157457003735634,-3.8739034764210243,1.2232214871535803,-1.8358863363960873,-3.0584930334490092,-2.3852749227683288,0.7516396749365986,0.20545742486599672,8.005897261729206,0.9566435259566342,0.5806438758871858
162,0.008352114912234938,-1.4554016734051558,1.3562579967314654,13.00577878021118,0.4531854425116535,0.5518897162409138,-3.0115079700054572,0.40419734063412205,-1.668053201334316,-2.852881073918047,-1.218918022420194,0.6867876293706576,0.29747368222442255,3.597086523546741,0.4445197762141705,0.41467484684044054
163,0.02845009215510963,-2.253941237844931,2.1499494476213745,23.145382707629338,0.19751193699988537,0.5123406573693577,-1.3466635573589794,1.2100229608927524,-2.261895020456673,-1.5186562369901515,-2.59488741132125,0.7379474920535228,0.08676876918231312,12.748417495310756,0.4825532303805717,0.40643045369915276
164,0.0430143180212972,-2.204128342832763,1.3004971907654306,25.77715984288998,0.4928524116550651,0.7441380284930337,-1.1355615388776537,1.0620137404114112,-3.0895679543716277,-2.3109348299978967,-1.8658737216854417,0.8749999749287074,0.14627966531140235,12.520931314938549,0.42544516768899543,0.39339909313716476
165,0.013292506586490904,-1.8380605216858212,1.6380984167137633,17.40913824166968,0.4628482494125823,0.6471775741681357,-2.226324604737124,0.8168050006889529,-2.3834602755236736,-2.3851010227280973,-2.8122242782571982,0.796843143336388,0.2409884035969087,11.587734877087552,0.4341244454076089,0.2567845247730942
166,0.03704083611056411,-2.0001074198596966,2.217343835277851,12.851614987062248,0.5069321730491104,0.5489051709157567,-2.886995834078286,1.4230160759272377,-2.6256234277849533,-2.050742342615078,-0.7590582066607747,0.7505848664959485,0.2245209827239666,5.056418154057999,0.9974876573892003,0.4323448311987445
167,0.04979020327687199,-1.3148728634896347,1.4077851819763147,28.366601119264548,0.35754642591496555,0.5797732470350628,-0.12708399714842322,0.7386344860232752,-1.5542191732125001,-3.63989691420048,-0.5352404639338193,0.7033202037946474,0.1630955733386673,2.5746358660498423,1.0428072325774138,0.7493077307149826
168,0.010361731301591355,-1.6282275632678882,2.1341230057659786,10.107912830769571,0.4552071025233947,0.5555195831281942,-1.4849367875340822,0.3073365358811066,-1.5724450831603884,-1.3486923556376125,-2.091172735059592,0.6119841443977959,0.24609270648936676,8.26024791481536,0.3830939270862116,0.63586820932706
169,0.02124356623940777,-1.1603509178971456,1.5435572255140255,27.91800346547876,0.4497160141514023,0.6175357943534996,-1.4470833160896381,1.059010973706773,-2.479010131910245,-3.7146918902915758,-3.6043344048428465,0.7865692028695201,0.11958068456106259,2.433728859286571,0.8532110837224037,0.575563484256878
170,0.03522315664359427,-1.078249184442503,1.7472377840861744,11.305977242740063,0.3647201033656686,0.6188887771525463,-0.37535481152432215,0.7674533467168846,-2.9767839407405106,-1.672401443687502,-2.608261369031445,0.7806514477509403,0.2862041314291229,11.388855932748069,0.8778935903081424,0.3406767796205796
171,0.038872771533783546,-1.5406113318420527,1.836643982749585,26.494980336491434,0.5715114844485691,0.5302333870787517,-0.04140195447325157,0.9489407519975555,-1.505113087849669,-2.0956683934393863,-3.1434235151146246,0.828615560879022,0.15708581179481879,3.1685727726964044,0.03945740250119571,0.26656726229495264
172,0.012824392478254187,-1.2464256726040779,2.173010358085649,21.813498853063123,0.46021719284048834,0.6699523571681317,-0.11311162117286333,0.8458996270666206,-2.5999978428069395,-2.448945713202494,-0.6366758449869967,0.6814649414425129,0.25910628752200343,8.372391775882425,0.21076779543361301,0.5477117328601496
173,0.011773831990324352,-1.2794577535363771,0.35949660498366587,24.680032492952115,0.3951876285031054,0.7129266869347237,-0.16631431894919935,0.8985810987152136,-2.0673768102468886,-3.898609565156329,-0.876564793368968,0.898675575077662,0.26906921063909234,14.648856009499298,0.07456724695449443,0.304356928937327
174,0.03691750498426912,-1.7751379964063263,2.097755953030351,17.897388780509534,0.14344173697189025,0.8519218786528379,-1.875630683164053,1.3076994423682713,-3.846486665875396,-1.6100760512136154,-1.7561921645584335,0.833990391160805,0.18697769494639405,6.708024119524398,0.06342843461759763,0.3977605990867555
175,0.008450265727832322,-1.899581530866461,1.0587186166839617,21.893609469951265,0.22813495975002973,0.9436328524346658,-3.8119897072058975,1.0410758805074063,-1.765295717976504,-1.4491935467619008,-2.631415099214919,0.7473145534075871,0.09858874547970328,9.754935653156569,0.966675206445774,0.6732944788806395
176,0.025357619839806996,-1.2068214128602615,0.9176983268766986,14.805112495845982,0.16785365164173105,0.6114812819473416,-2.4783194424731407,0.9121765578632441,-3.0272195739250893,-1.7161470125241403,-1.6044830506985428,0.6617433409874516,0.29598956971646007,3.3980913224569624,0.12735862889334218,0.08108801789495339
177,0.043180580159327485,-2.2475738095768607,1.7293654014686117,27.82378883043066,0.3222502876290612,0.8145942948809263,-0.21348837028893364,1.499817350858253,-3.774697248373,-2.4626113338488516,-2.0009835976006993,0.7958804176909108,0.19732547726545047,12.157861049718676,0.15295410174597007,0.8824972917867903
178,0.03413487388760287,-1.5733787845923968,0.1198861223353077,22.37124544789895,0.5803082586276532,0.9000187446560902,-2.8265414142328926,0.9442418206368819,-1.7876557280639949,-3.446524350699408,-1.5396627730926382,0.61129911973529,0.08048797727407656,11.293904396245184,1.005897752407748,0.5189130030387771
179,0.021137772199171078,-1.5764997823136393,0.8027545278193984,11.89620441858577,0.546782148031324,0.756445666503432,-3.541964646847266,0.6181690592533996,-3.099790838938509,-2.126962502660806,-3.9020289865895212,0.5812470734966467,0.18310452479711592,8.049276725466772,0.5363826575177857,0.20463523971103012
180,0.006625719595905689,-2.044071467848292,1.5615389639854254,20.311395008639916,0.15575267043994215,0.751667265046738,-1.9563274553493974,0.492234532394919,-2.6041097543266343,-2.8570285598580485,-2.2017484389335853,0.7763551773886745,0.20115194979985834,10.033554102092832,0.8642903788164902,0.042490115405378164
181,0.04280382486611866,-1.6979349252715816,1.4918980599262253,24.971994428979812,0.19436008031087137,0.8646031350072807,-2.1144383639535524,1.480011723955695,-2.462125029829733,-2.952008150398176,-1.0773280022401908,0.8952661321078912,0.106730946364229,2.712061506634645,0.36728660696045,0.38438645377035424
182,0.046019991885375346,-1.8460511813476825,0.5644691621094995,17.989667654792928,0.49792646820819075,0.5377184108135098,-3.7168713595466776,0.4651645516862367,-3.794668657341252,-3.090648658857515,-3.460355848388976,0.618046831648958,0.2291166743045122,9.60110910069958,0.7335653970102254,0.3127967744509181
183,0.03014522229454684,-1.9380197203654026,0.3715275202197141,11.986157521860406,0.2690614407606915,0.8256771391742916,-2.981833041306745,0.5381128339704246,-2.9400278193461733,-2.7844440355246896,-2.508968171552534,0.866153615454732,0.1150111450687292,6.367025769074422,0.4657571340838129,0.9096670345210743
184,0.028207459827559168,-2.037075667502003,0.7957395934168182,16.21344327914934,0.43007051098664095,0.5331870582745237,-2.792579077700825,0.4128932452946028,-3.0287287652958486,-2.8460746986219645,-1.5257188711777068,0.6802742220639338,0.17986914541888815,13.179488272845576,0.7241761184810293,0.7791097308235067
185,0.04913041067115917,-1.446404260107726,0.01457719403168871,19.42718808376629,0.35290474920994874,0.8726855874413413,-0.5127417469874125,1.0228661377990265,-2.0937825429711556,-3.8324362820121345,-3.112391676493035,0.6577407190241154,0.152393181605681,10.193007581595335,0.07871291660398376,0.4586965820928272
186,0.01000191418540684,-1.5163092991311653,0.6085261833672059,24.608326673529234,0.28731065760825514,0.730582674272418,-1.5921869689146178,0.9935749975221995,-1.4573231121741248,-1.3596070983229702,-3.311833058392219,0.5645262978128257,0.24069971822921427,12.373549016157883,0.8174009950340371,0.7732825473629537
187,0.03975356847377936,-1.9708073344284385,1.6995917015376936,19.16847418785639,0.39224147684762534,0.9451848693142646,-1.5514984557389822,0.5156076806916363,-3.197361526728201,-1.9856433344983602,-2.1348390401084276,0.5829633791658964,0.07659626592026911,14.359775227173886,0.18460353902261614,0.28065755947374516
188,0.04953807416553615,-1.2241684633728114,2.0163512320197188,27.340713209948852,0.2070632116316164,0.5199527146329235,-3.198451832057498,0.7211642219239135,-1.6548464422650473,-1.7734898419836673,-3.5302517805863634,0.6663928823569615,0.25800562488799944,3.051165584956329,0.8478568074774595,0.21511228932760038
189,0.006452876766788249,-2.019215493340604,1.8630451338556355,25.676021313250533,0.5323293050630776,0.6359330169902041,-1.3143081030516317,1.2077421702701805,-2.92136309772969,-2.0726259716540407,-2.2566076863097875,0.6086762183205419,0.26115184505300953,2.9531173181705728,0.10552423712718273,0.8441006404422214
190,0.022793042101027755,-1.9974299082224543,0.07088336114231045,23.83684106181306,0.29875080837076956,0.5135368935142607,-1.84466203785554,0.8374298964484459,-3.478000772233326,-3.345577208091802,-1.586585331535645,0.5848861978420983,0.2919596265245103,14.836077013280915,0.48480073482565345,0.6032383698757221
191,0.04330739793501115,-2.0401381985367633,1.7713359552584405,26.315340043736242,0.5373370344322833,0.6988371483893824,-3.8891308357922116,0.9764687626714217,-1.4871799888225068,-2.2099776330236156,-3.712596076624492,0.8706210665521772,0.21189031082047483,4.277233475301683,0.4979780366605219,0.43687516189668785
192,0.023927635458260692,-1.566476436129494,0.476872342910422,26.20621284975963,0.13443751715602595,0.6655835619823749,-0.34698089432209445,0.6549308013247577,-1.2059763304564908,-1.2591620302290458,-1.0851667130991625,0.6295889278437975,0.06603253918373583,14.812961400321983,0.8854622428786377,0.8416019984323403
193,0.009567977980963923,-1.4879512813062046,0.9910723577839616,28.472262777913212,0.1519162293581067,0.8060531281933454,-2.4706446490795724,1.0838101060102676,-1.6560688051028518,-2.155313332659083,-1.4887570220428947,0.8671350693100788,0.1142056635212428,9.358198484502207,0.5604410219894331,0.6879485194190762
194,0.012103858149181218,-1.60803667892896,0.442622291857623,28.423571530796114,0.2663555131361979,0.686093441851196,-0.9689010829683125,1.1309792539508259,-1.688814555049547,-1.9591256802407888,-3.474983868143453,0.8794288127261941,0.07320042244019928,8.210822440012581,0.9877600723506772,0.49090936918329503
195,0.036625673009758435,-2.0074858230046346,1.9853560177731553,19.96972139921985,0.10301596749222276,0.5477104886957619,-2.5629193427306367,0.975484490381318,-2.6815653058615467,-2.9095384510300613,-1.1052052237571304,0.6481153771346576,0.05491806950739511,4.381471836147055,0.6015950763891289,0.48330969784637146
196,0.017473541263855138,-1.722375514536043,0.23964609457474656,29.308230751146894,0.5778277706121964,0.526740464117985,-3.0382859126901995,0.8757453456427247,-1.861370116658041,-1.8506506287022386,-1.369458814789311,0.6518363300267579,0.052617971262439014,10.875369010306235,0.24169168372635738,0.6670641472438898
197,0.0077969212041015,-2.069252926156218,1.4875763590680533,21.71121671250272,0.2098829443818555,0.5404146301968074,-0.18146604951015544,1.4147515890025852,-2.1335763061600947,-2.918749611923147,-0.512442000673162,0.6856659216466211,0.1553326625923941,5.220071960165443,0.6954355274408855,0.1490849000312643
198,0.01848850420078237,-1.6787263986140193,2.1415070537806726,28.28853436415614,0.1504820641082968,0.6545231224376851,-0.30876308640904515,1.435839273709486,-2.899817078652169,-3.825046555783399,-1.3951864147917195,0.8935748934595125,0.050052487499269785,11.56551567022155,0.1629919019270228,0.5095377402376499
199,0.04834134609925004,-1.9563236841321325,0.2246784943843689,14.07572836861719,0.3480945019345792,0.6795675221482843,-3.4060032139363634,0.7358925768922943,-2.8247718240919837,-1.3456933956263706,-3.851344255100317,0.7828806041948141,0.19037082479505008,7.152589030045763,0.7684635355290905,0.36367031016997337
200,0.03278577383782701,-1.951488829816467,0.24624857903557915,18.82337382552615,0.49845293558647974,0.7093749438453762,-1.5518162815958045,0.6317497155366154,-1.4757661483507647,-2.4505366366265116,-0.8322580768907395,0.7463485173917057,0.21100779266116626,4.8777574247784,0.4242604963487563,0.8681918775924401
201,0.027896779712129362,-2.2692323391210114,0.7807253343683006,13.444626629723935,0.5612095907746365,0.5062821947702186,-0.8183942529545507,0.5412177918783494,-1.7378107863121022,-1.8611970351959242,-2.2417763275005957,0.8612726893657717,0.2636265883914321,7.439047828889841,0.3645951782994287,0.19207859564184537
202,0.014522254358623227,-2.0608015553171253,1.5798477391860268,18.324496912381683,0.17174315286821668,0.5430727029643342,-1.6998418606373136,0.5307116775748159,-3.017447962723092,-3.871970635241123,-2.607314165324049,0.5916500876098675,0.057404304437973376,7.219230533715286,0.657902002582966,0.6572800609515446
203,0.011018086488663252,-1.239709978420837,2.0418452767353523,27.029799132910373,0.36121513267768945,0.6912665367269836,-2.412900715754755,0.5087839953589477,-1.3493177857509382,-1.8747455419524166,-2.4445799839061575,0.8602831956867454,0.18910056925068214,14.666501624503436,0.014385313193970014,0.07184610318767098
204,0.020549195654986887,-1.1551714699938391,2.232058608617249,15.015772580417828,0.3500807630114162,0.735289730386695,-1.9946059727745489,0.3136209499860996,-2.9068097589825985,-3.6205458708772253,-2.19673248980683,0.6470435537071167,0.20043044279054362,13.070221127874364,0.9948892739780567,0.6777336530613987
205,0.02335030397136107,-2.1315145050489077,1.9781076027757751,20.060384675703595,0.11968212140446215,0.728541903630654,-0.46459806741906906,1.086315780348017,-3.5698172807520865,-3.2028151135432985,-0.6962220005698367,0.7626594643216681,0.27951747782650077,13.852032150082062,0.7489350489232702,0.8339275055049431
206,0.014336555866744483,-1.1354149810298477,2.0686484142124284,25.464901393246336,0.2534291512278003,0.829521239042349,-2.5331123420978865,0.8640023642984491,-1.6256946608597684,-1.5745005433959323,-3.266497118653744,0.5581369148420465,0.29533365091707264,8.323565538330648,0.8608235606891477,0.6690849407768635
207,0.025768091889987795,-2.2174666932599876,0.4275755116999537,19.929068497172782,0.527104232591347,0.5628473210168765,-0.18367675178649412,0.8347551075631829,-2.016500390098702,-2.417486528273371,-2.7863137530688165,0.6062317595800077,0.2203297439135009,9.156635451198397,0.7748640562707002,0.3333808617038088
208,0.017224029003425245,-1.5685621894827393,0.6758536586161816,27.71500194174419,0.11495633085968701,0.8746359889355675,-1.0088675386447021,0.6985946012668429,-2.8877000155241745,-3.1075797848658038,-0.8089103968853957,0.659059100957381,0.17554988420525963,7.641056500760493,0.2337934783851587,0.6869018972405954
209,0.032374550712014366,-1.8126373783406633,0.13204922401586713,19.494025009806315,0.112043583731135,0.8534109349121586,-1.8521194861767132,0.8515356027683938,-2.025764241153758,-3.5719726330179467,-3.248738399876453,0.8039176296024002,0.18786616710411136,6.269173603565313,0.8031663573794745,0.8867649057546507
210,0.046202290377933705,-1.3644586154519671,0.6709337851072228,27.093571168807276,0.4128088334772715,0.7935045231713368,-3.073468421113337,0.8854103567084957,-1.2322723875328654,-3.536877189110335,-0.5549584961742942,0.8007909767112115,0.27262069671126316,3.856262279860554,0.17392040091678912,0.6462160654010072
211,0.026898480599398783,-1.2457350309488342,0.3342208001495037,19.803048781549293,0.5995220934983679,0.894700586339876,-2.3201216039807324,0.43777267033451683,-1.7564392172973657,-3.006498385878131,-3.0792849271597142,0.653898048723172,0.1838006066151579,7.881697741935608,0.47189687146327214,0.40103408381141564
212,0.04145388355715292,-2.164899526546753,0.6006642797014694,27.471537975829353,0.2832086974429544,0.6408347449323408,-3.2429621914469493,0.7494081464964168,-2.8384510526438977,-3.4321061649023057,-0.7435063419460999,0.7426082697311074,0.05093500759917275,4.434791330007826,0.020083002882947412,0.07864306300192977
213,0.01782410367441333,-1.5221171518349765,1.5376751812391727,13.591068185384731,0.26748137839583214,0.6349184270387498,-2.351119469098113,0.45107167815732085,-2.175440964532158,-2.962280794084422,-2.0420141077104432,0.5921746690339854,0.07761602692087116,5.2785016734475185,0.22463323977421853,0.16675693221198967
214,0.013226871367671558,-1.302582347200455,2.110040166914065,16.274768522973602,0.23512618373431735,0.9172675802944829,-2.5892705934145686,1.181769605635498,-2.7925566423162618,-2.614396676302422,-1.0898902299260849,0.6403444022557987,0.12722601200182493,13.556031986511652,0.5273079517034904,0.7831346314890366
215,0.01801039494465866,-2.2783143077324417,2.3022747664523577,11.375709228234959,0.583535051879356,0.6269949937886039,-3.7774373416703835,0.7929738121463924,-2.0103227421939565,-3.088971091615745,-1.6750767978207386,0.8141808840665156,0.06499917294662448,5.638479400143345,0.36989958683796925,0.8558696538261238
216,0.03335936521118406,-1.7467855405377013,0.7136444731340181,23.013876847347262,0.22591475709331474,0.822815662693999,-2.516822374499263,0.4788472027951977,-3.5938390563029623,-3.910154638444641,-1.6629213145223463,0.8821485344456461,0.07974136450726012,10.364773561575513,0.08628057010198413,0.03834027505563819
217,0.014667150087463898,-1.0807632916406897,1.1393753518338305,22.771177638482165,0.30195547513399634,0.9066364234703025,-0.025194865951405188,0.5217428151766824,-3.320243162818856,-3.1601350340629826,-3.592744938546475,0.797843187384256,0.1302500158151481,10.070845061468747,0.045129550792017276,0.12600178492286482
218,0.007668703200116601,-1.1980589547463025,2.1599148593993673,27.99983480460953,0.41690672915197724,0.8770849632373325,-2.922661125054482,0.7767345717096966,-2.1131289589005764,-3.7112508674475513,-3.0094817496341877,0.8103367637421892,0.21798831034822302,11.031944603372358,0.9191699293765261,0.15990839177038693
219,0.04029227363118081,-1.8330792202346946,1.5926477680428073,27.546004235085885,0.5338643788047246,0.6225828889404199,-0.3385083069938841,0.6771709312232186,-3.8667799621231618,-3.315992541858135,-1.2808443501478908,0.6016187332019038,0.28782547552625254,10.442539271240408,0.35322819818853224,0.8253782697467735
220,0.028621871426194167,-1.4626836869667157,0.10661233087692994,24.10793731013009,0.5141567259690105,0.7813515120561964,-0.05357628364956879,0.7473858868238215,-2.655827277174995,-2.1922701670282096,-1.4977252464156816,0.6141474268645262,0.16793877049833805,11.916210255209942,0.7554602790832176,0.6511915636783765
221,0.04396575549373144,-1.4740585150499337,0.9812508998981854,21.313094489893707,0.14518534084303095,0.7976838528627765,-0.4549146638006998,0.643099008783282,-2.949130841998702,-2.607383281672936,-2.693034771678903,0.7751694107049524,0.13240462890085739,2.049748181790598,1.073477203888045,0.3892610763364277
222,0.02144839442476113,-1.9748590687426937,2.269639185829893,13.080059503437337,0.37750286806881617,0.5991112367316839,-1.4686085315745139,0.9819427226675412,-1.959618731654337,-1.7952659337836394,-0.6798028503460367,0.6419514797122987,0.2800222094302118,14.704805076086448,0.4143206288651772,0.3772585559374806
223,0.045824419767599364,-1.3308869048346421,1.5061827093407707,16.990636656107398,0.17948824680672915,0.7078314010049603,-1.5820523526976196,1.0664519315375032,-3.6125135987000165,-1.7659534832248385,-1.9364406940296697,0.5697473359193698,0.2318618840770708,6.212345659477377,0.6064277623593208,0.02528205617838143
224,0.04836272923943823,-1.17426622332544,1.125269907852244,11.167719099047996,0.4737010707586904,0.6810611081152262,-2.840179333172209,0.8946877154297563,-2.0778244118743623,-3.669082020522519,-0.9648219545542953,0.7401693786447352,0.26927545239730444,7.725076608183131,0.8937164096109423,0.12388764944964861
225,0.015606974666797977,-1.8897162817196982,0.12663289967180216,18.185330111968227,0.5917740819054345,0.6514939952563358,-0.8885925110048913,0.5750140965876662,-3.0652965582922556,-3.8779537338820638,-1.5499599875254444,0.554284569241968,0.26782081301508054,9.978088822875327,0.27977056653405935,0.2422228819676467
226,0.016345174505266798,-1.167413716347852,0.6499385360708176,29.335714490086392,0.35896364769257816,0.919583733320849,-3.435420137754131,0.568657947850276,-2.7806758501188025,-3.799735083507334,-2.8563498713685096,0.8630488204990805,0.11113105855767409,12.6517767140542,0.5159581759589028,0.702596027620429
227,0.01586017124448495,-2.170692885626528,2.1829349364720403,24.262545869261885,0.4536297878768265,0.6616750316966535,-0.14089210846640832,0.5898624862269455,-2.3348236244425333,-3.6234370174986177,-1.415723635177057,0.8087941298349525,0.1849568290703001,9.853911964997543,0.8885940812022891,0.02935388059271494
228,0.023562939861907894,-1.1118722196332604,0.4889360647236635,28.9859871620166,0.1611512504561064,0.5956952756372489,-1.2038293034365792,1.4956682551085274,-2.758019277215329,-3.220721454294416,-2.9016345921511357,0.8625998274621574,0.10898943774436665,2.0039716873931974,0.1395603273330975,0.327789415136985
229,0.023713928966885716,-2.2249965154049187,2.03232898443434,24.058094099391653,0.5443666693424768,0.5921362675923945,-1.7129435953930359,1.3615567017981363,-3.6619458956443447,-1.974375629942409,-1.0413066787863583,0.7939752994806238,0.12223163826539078,2.8852343152750377,0.6727968953720139,0.5954260755919196
230,0.04988932142279594,-2.086153601225788,2.168837806687448,22.300863633774725,0.3763592140263682,0.7248581669740048,-1.764948468841271,1.2881908563697988,-2.301772445631072,-2.7961385157916623,-2.926116909351906,0.6204663478383771,0.1482564519658872,13.76315642358794,0.26091327571748774,0.4293628862181856
231,0.01530508827577752,-2.1106926418694796,1.4350878640796783,18.904664895356966,0.26352775788216176,0.7876339058318103,-1.572294929987962,0.5932627767212809,-3.822303766507806,-1.4671330021107605,-3.2242019970314546,0.62271822463016,0.17130080407314327,8.511518213710543,0.9123330616342884,0.11069289196995397
232,0.025551162918903015,-1.6751778508906492,1.060323709383962,17.477842242769,0.5037828903962,0.6247972972750161,-1.5248372363995673,1.1980991704858948,-1.7513445555579357,-2.327948496170052,-2.9239869227156983,0.6929967471299833,0.1393168943573794,14.53202796841419,0.3553575479940405,0.7872497503127693
233,0.021543557073517117,-1.2868320143404293,1.712077333100811,13.739539838796297,0.28071079023048595,0.749631270221204,-2.610196827399176,0.3801001491903049,-3.625466317614439,-2.7089693224762357,-3.7736599718450647,0.8259852485779534,0.2189906718999758,14.255145050017147,0.6267345220637643,0.1358836049976157
234,0.00903647945269426,-1.7209565591734322,0.9267891870513069,12.074907016616608,0.4461507136899501,0.9136995937548648,-1.409434842565438,1.2579538754534494,-1.939215092007985,-1.5718281344871747,-3.384436099311323,0.8715988813695883,0.08811528757030587,9.701280307696301,0.007588305863471236,0.8058316440721771
235,0.010551773536316427,-1.55229248718731,2.202127985502842,18.050087307947475,0.3199026427007423,0.758314955346254,-1.2324509376520192,1.2946520535245327,-1.9862567405251101,-2.753254160458943,-2.7322595568096526,0.6422118627304603,0.17276609685361216,3.741227976486086,1.0554279449066883,0.8995186300977528
236,0.02019433125679499,-1.6431233962090757,2.0588332732305377,23.202544466187177,0.5198583754114571,0.7162458263231122,-3.6112272960867506,0.5550952444407917,-2.436359612299424,-3.2704665793438137,-1.8141670227055684,0.6711841372182556,0.10804249647870379,11.676413732216796,0.7938515325029852,0.27694957427848466
237,0.0406965063409993,-1.2300259042387864,1.2544304791327545,27.623127328913057,0.4289184802815069,0.9008324592938326,-0.14885614501327504,1.2829060371350354,-2.0436090110605662,-3.435466016373405,-2.532411045581952,0.5859587586674395,0.13664987960708616,12.956510603624508,0.407709303919342,0.5906117290051637
238,0.018959647454090296,-2.1597624655965517,0.20287496913248176,14.190829576833785,0.2440598803017914,0.8989076074086287,-2.7570749525890053,1.0024389654842112,-1.5869616367218442,-3.3278047373046094,-3.296245634532492,0.8465188981214848,0.2851929025061675,4.572797409182395,0.5107142940048252,0.15872878637135598
239,0.025441559900196215,-1.5030925746408959,1.8246394927508756,27.311477197409772,0.5517739886892171,0.916063456632324,-1.531894906760142,1.3295163130411662,-3.1484768984037927,-1.2984854016943506,-3.495833325302435,0.8504868378159764,0.19276200647296843,6.028269183246253,0.9675294320585518,0.820743051145155
240,0.02199761603098513,-2.1841686142833123,1.5146970559853286,22.02612473891628,0.33673483026988416,0.949237483755957,-0.713713638401102,1.1691782026750617,-3.399626215419268,-2.000891551431862,-3.395313293053387,0.7281760190811263,0.16552771408422504,6.186391706729774,0.946257232459008,0.01765420394351794
241,0.0269293562201185,-1.6905583362484278,0.2862401545673236,25.86123716791728,0.3658833910097927,0.771457670701734,-2.4603483348602424,0.3746251596920117,-3.5865988948726604,-1.649213485987742,-0.8913493862291735,0.7246997144950229,0.05948323947587722,7.266428164827559,0.22935132474491043,0.17652741261985783
242,0.027483271798404284,-2.0650607294456464,1.8804518607497416,13.172512618209517,0.32833011715354443,0.692070606814061,-2.5430754932724073,0.5343256554977818,-1.7069252255979221,-2.033670634219103,-2.9791072864610886,0.5587924366192834,0.16668796496751326,7.848296160068558,0.4358308757962473,0.49831130140266267
243,0.01971066049743105,-1.9403477303247327,1.8793510864997427,15.755778981375155,0.18414023427002313,0.5577152480588834,-2.91999420569321,1.1895196763733868,-3.7162405789513526,-3.500399975654346,-1.759444815991372,0.7912756336196785,0.06071387494149205,13.924887375214173,0.2757338376163535,0.10528075130420991
244,0.04424384482495587,-2.221859111399584,2.2042424101555524,26.674584452288556,0.4340883062863228,0.8122701723172704,-0.41090984606945113,0.48210187964324835,-1.7172876182338745,-1.5865875658662527,-0.7307233818289944,0.7048109367638343,0.12790108189308783,6.136389831873457,0.30885484602121144,0.5637310670663829
245,0.04786732440621746,-1.9262001513348714,0.3120309745789688,22.805137105343988,0.34298774444495594,0.6311599137856456,-1.7282876243582086,0.796685408608292,-3.3445858516160616,-3.514029327076513,-3.2151338535770777,0.8584828723854332,0.18040819475558517,14.30510558737043,0.21424005040591862,0.35043982017409453
246,0.02504859677294333,-1.1861607426256928,0.5411251720380809,20.12711878582217,0.12321159787539708,0.7067215134565739,-3.497229708465094,0.5495667969721145,-3.751145095012405,-1.9972664975172938,-3.574281391960777,0.6175603466470025,0.053436878319700294,9.52720247170334,0.12295147761900962,0.9133615752498438
247,0.04460834461712634,-1.2950083697558588,0.9665566130488793,21.36044399163924,0.44168487010826296,0.9395796256573641,-3.3918022186689623,1.1584161307876384,-3.77946879320036,-2.387659092893876,-3.3076846307189665,0.5975138435749131,0.18221261183072895,14.779417782009604,0.7965013521673854,0.5279112295556136
248,0.041235186436463074,-1.8939477693778015,0.8830118341658536,10.590334497786857,0.13246352141024895,0.8882045302620215,-0.913801131706304,1.3471907655246316,-2.0529896374464083,-2.396773209848888,-2.874583931802672,0.6554062152254329,0.24909388348744022,11.730889192964149,0.2944967675335282,0.772023121159607
249,0.0338941882382726,-1.73914173071996,1.326134501813735,25.102216471605402,0.3733492630351245,0.7460056024055913,-0.8082190196143042,1.1943076544547986,-2.4684578532236037,-2.263033226461846,-2.180107385817431,0.6969835189959386,0.16908730532475968,14.503695016147873,0.09763124812434758,0.24684764279404622
250,0.03954258500440119,-1.113951543570151,1.5822453867464155,12.250601522649125,0.23243601084985563,0.5282237911742762,-0.3846209818777351,0.5833901339640863,-2.5684832823014587,-1.2185260771273376,-3.665592492092812,0.6512989049023418,0.20422519312488746,2.2148031924679312,0.5325883849467291,0.5847515048098141
251,0.046812408668839546,-1.4943557589519023,1.7416159746607665,29.88524865693841,0.486297171419372,0.5717099219602602,-2.3904400728142887,0.8603905203189475,-1.7347187487625484,-2.6297331824341823,-2.4002130170332836,0.8548932582371292,0.27043330750047817,13.444108592654098,0.5584214141734423,0.0844360074678276
252,0.01960394374851235,-1.1063891309100289,2.194179234727762,29.240484972405838,0.5978111243148425,0.6457297493374833,-0.5265432033847994,0.4327137790694444,-1.6412542139313864,-3.846610057906652,-2.4963911648723762,0.8044212414103984,0.24543286675766757,5.542075409356194,0.42025036582564873,0.8971552910275001
253,0.017694991374062306,-2.2304155878833503,2.2338943511447207,12.488730837991758,0.28408805621509314,0.5818271032879743,-1.1844066209885087,1.2446013711902155,-1.5586645329131512,-2.5666042711973773,-3.066203211141914,0.6003999089192766,0.20919431676826483,8.599508148962922,0.07264921386679885,0.5999073410652458
254,0.04443218343153567,-1.4665292638502514,2.2543742173815144,14.220319011795999,0.21348318387644966,0.8327284852239947,-0.3572049668301016,0.3574115248477057,-2.4444372512847856,-2.586656468454808,-3.3341490448722184,0.5740256354990144,0.1777923258111817,10.338460684313391,0.2374605007247645,0.2551848508396563
255,0.010944579343072813,-1.6689968910079447,0.33979040029956636,17.112689864664855,0.1640997634127783,0.7041151646970956,-2.5107269236368497,0.9255319083593578,-2.6940615942907216,-3.1373232684581223,-3.198916071794855,0.7707743848935849,0.18513673243256928,10.918586937294902,0.2225815165621094,0.8084029736760491
256,0.014061338357456928,-1.0524186686504913,1.1843979332886163,29.67298714958577,0.5361749330991724,0.7105118615161898,-3.215157693282233,1.2187766510383498,-1.8350154368412386,-3.849697080312288,-1.153787988436933,0.848984147334807,0.14423722789359172,13.330861507664775,0.10868343468988487,0.11353532235676617
257,0.029784378457725146,-1.548840691582856,1.3833328162841414,17.182141626528185,0.2473508227826609,0.7597022248178182,-1.21687367400749,0.826065800070277,-2.3950729828359014,-2.5832568986816353,-1.597928110603608,0.5822172117622946,0.07166957895030454,13.130055490463702,0.04936881434544192,0.7010257152427456
258,0.03923023517137998,-2.0850579108862757,1.997637328804255,22.491545584257977,0.4109542846819192,0.8637345111243864,-2.6668169588311637,1.3679185261052627,-3.681866232309045,-2.827502797308752,-3.1604635265555245,0.6750716732741875,0.11384126250852623,8.997077826400439,0.7212994513574965,0.7288084915106214
259,0.0062788375932661036,-1.1218777469089094,1.2047797486251695,29.820639459414735,0.3126081870819186,0.6448764827103316,-3.0155175606223787,0.853848678404008,-3.879869664457144,-2.9865376822080734,-2.4560936583447006,0.6911592879115537,0.23924358674705132,11.270252879465714,1.096960983772557,0.5430324547665856
260,0.005221432644594519,-1.593856283856532,0.02410034076553073,12.173576011069173,0.16226874074038594,0.7906266804077782,-2.777789391544582,1.4543833818575471,-1.9309622991063156,-1.8399994404344198,-0.6351055389392033,0.758008687630513,0.1308369418328122,6.320547396086395,0.37796271464031045,0.11742095156088293
261,0.019458235946832728,-1.9058177443484838,1.246051696602912,11.406745540510872,0.18712374960880124,0.6048089208174129,-2.0303324249556183,1.250062737645258,-3.6224313202724634,-3.1971594457574577,-3.6864571220734352,0.8835104317490708,0.12327532416516783,11.121959388761066,0.5307001500321112,0.4406635212303033
262,0.03626714621278244,-1.6254077660979314,0.22043571361583417,18.49872394772259,0.3714708671901491,0.7641730849960247,-0.5890855289426948,1.1515905509945983,-2.352231680507761,-3.792925047193947,-1.7137816856016288,0.7814498345893555,0.08271151558282072,10.634119816379076,0.2556468566038161,0.2838619085524066
263,0.02938267904243417,-1.4348483219778752,1.4222356558536373,10.642887146689638,0.38091774343161144,0.5988297726003474,-3.1500593802863235,1.3432579032414724,-2.8620125178502382,-3.5245115724175395,-3.7643644947240635,0.7230347185249832,0.1490152253601567,12.356055898696653,0.2990625420910162,0.6562082865846162
264,0.040217238300032064,-1.9846870950952868,1.760685471101243,17.321569489798073,0.42573890099885425,0.8791163290198625,-3.3509893654296437,0.4238689710789452,-2.3299107376162578,-2.601082956732501,-2.019451242359273,0.5801328190750634,0.09801307778408004,11.842379957517075,1.0673494451990915,0.2637228069328539
265,0.03308254807468147,-1.5836165863703713,1.4699988405530962,24.83274712408177,0.36213665690485375,0.5101049864618965,-2.449636951738758,0.33191685270209664,-1.6300012002543962,-1.418813258465979,-1.3196332885572954,0.664158528361859,0.1006777043702405,4.620333889249437,0.8318465879658221,0.47320108948144235
266,0.023145427863631305,-1.3941864872697465,1.6274964063990691,11.514732679772392,0.22006804910155492,0.783668478235115,-2.494346749897492,1.4487322077429754,-3.1419064914010155,-1.5606394662132308,-0.6176562828104557,0.7053819134514203,0.2626724338060875,2.1405327587758225,0.14282598430494398,0.23371976607087686
267,0.04537896155332701,-1.8885990400265404,1.2801482586010378,26.863862237196464,0.3943254193296857,0.8407148949733447,-3.8636326276456963,1.4451999593837304,-3.352425627631925,-2.1369445224457264,-3.8963266687856675,0.890515283278249,0.2600861609065438,5.849894794324927,0.2713213709380531,0.6101995695226938
268,0.038600858198912624,-1.1776237773257543,0.19891000373747128,13.262314851034755,0.33320846383956754,0.6236151608790635,-2.083929167757654,1.350388149032918,-1.794732473122684,-3.66459105560666,-3.5439345478097053,0.8560305946447152,0.09460684523319748,7.299066036980557,0.6774874261829532,0.5548131284494938
269,0.0223981676805627,-1.65167294405973,0.41021693836855594,12.977049480857023,0.3901000290104917,0.5755588308648389,-1.02391145293962,0.8408078419949119,-1.540299910302867,-2.222377856466971,-3.8213591133233176,0.5982770430775084,0.22255436904079517,4.825859402078533,0.24223070109081002,0.37446678037453834
270,0.029176364158084982,-2.0752120871426434,1.6224126606224947,24.46273897737761,0.196330747171376,0.7376735533767297,-2.986944331113315,1.2730342127736491,-1.9698099158041054,-2.692681539187115,-2.9835161698301507,0.8242369930439735,0.24744364999364227,4.232790897309794,0.7805997322604928,0.9069130730733664
271,0.005897265339051653,-1.780704701381456,1.454379748123506,22.079226883693554,0.13145428888154567,0.8838130846188806,-2.954471225344599,1.2430628175967524,-2.7451261031248775,-2.3047919197835807,-3.42186549217368,0.5956432954058913,0.0754003449520236,9.070599496817241,0.06158489740597858,0.5251312644794733
272,0.0224516070334813,-1.7474104575371947,1.8121921754270125,26.887229723526175,0.1267463321243185,0.8865291700155301,-1.9753911210317558,1.1050332385398194,-3.805892522985393,-2.319164566132077,-1.2665656422951335,0.8218580565698118,0.1468794139214647,4.811547663154574,0.19234748042835031,0.3311206818754376
273,0.011278006528570347,-1.7322938409806037,0.2818056696058708,22.592078163849195,0.5208132634442276,0.5897515503784815,-2.3679545330348253,0.7073212122710325,-1.8694634578554048,-2.288955298488517,-2.119549868273813,0.8439694224173597,0.16373166884412854,12.602795460144915,0.592426396423757,0.12073168006430363
274,0.029623697069551366,-1.1204582341150697,0.734499710599367,10.856383758526995,0.27713309925405616,0.610127001911816,-2.258554532457195,0.30095881684765025,-3.2216410860436304,-2.1215811287017643,-2.884400409595443,0.6311543861784806,0.11068304825135422,13.883884312402033,0.9259213815428619,0.452713891983617
275,0.03728029882176732,-1.7127283347062754,0.3068622703250447,29.64845778582622,0.5308861037620137,0.7001066834319247,-0.8595917111755305,1.3584975761114852,-2.2499574049963664,-2.3428291378442143,-1.9208632022596035,0.8311056709873752,0.27771459225745365,11.18013838051124,0.30300818203942675,0.32444256422169765
276,0.020369792492386594,-1.2962571899876223,0.6677325211378361,12.765955957884007,0.23949174081041802,0.5237295328310072,-0.29488299906585347,1.0190862541131303,-1.398882074039086,-1.2435037111198204,-3.1772141085565915,0.8205055444724865,0.0673026161640606,10.145373941986104,0.3907100094017491,0.4156845918119175
277,0.03937529568111754,-1.2351141349798636,1.0087177545634092,24.49550929606573,0.20195210410134382,0.8356455648477246,-3.4855653904133144,0.8107928582650175,-3.8130967580011323,-2.8135898920847966,-0.872235879998601,0.6691026810778333,0.2132419705451929,5.446817463196535,0.8005904554292058,0.3436415246845204
278,0.0404667920713912,-1.1501277600594335,0.07796367192727147,14.868422395121778,0.3822443253133273,0.5005093216422599,-0.7240891154959481,1.4266629063531424,-2.830147723076359,-1.3807548932378908,-2.9942092276591765,0.6762047470043595,0.0704825735837745,6.92202731695298,0.7055757926244315,0.6964745587168695
279,0.03272376245708439,-1.0546298438456219,0.3824936809394126,27.75609816780995,0.571680174468784,0.5536467872443973,-2.241662433398856,1.3708855337631674,-2.1576388597416742,-2.775007498281643,-0.5617943121899502,0.6145696683726746,0.25288640018564784,8.186360466655122,0.19471622219862256,0.31773866584295324
280,0.03913112058564619,-1.4909446838266627,1.1068494822504649,23.117234062625215,0.3668925826967854,0.930079698642035,-0.8446818009969093,0.8035516030702943,-3.1744258360274618,-1.3261385449384253,-2.4327846942939586,0.734507830284766,0.1408365606186345,6.762020863346061,0.4494372038948574,0.631148391907293
281,0.026678162238828504,-1.728376633606186,0.5460488823549022,15.215296046480994,0.25830191403493674,0.8563174673591252,-3.2941590548071895,0.682158417651628,-2.225184359780614,-3.39205456578929,-2.488187179371446,0.778447664757142,0.05853641073794087,2.376072637193826,0.6899688462766158,0.14197701871041662
282,0.017018385938117542,-1.6098991030540795,0.260082642874375,26.113312022058466,0.3309479750531236,0.6600521866268718,-1.7964425238914394,0.7550189366275628,-3.6871174028670044,-3.410255603416976,-0.9277373615982771,0.5606743443991489,0.2377222126263639,5.1824915772650115,0.9787749582005343,0.8012003718896927
283,0.04711484500512575,-2.0585082770056955,1.2298060213672868,28.712191955874992,0.5289100447554719,0.6627777793587217,-1.4279295886398322,1.4636397798488714,-3.2410242869142034,-1.5277264076218056,-0.6484769714542056,0.7175728767274142,0.24995944378763263,7.71871595160769,0.5932885068895783,0.4444209449470718
284,0.027596672147204716,-1.8819694130088853,1.266575209766052,10.516516614298554,0.14879048600710376,0.5355743628562911,-1.9178104612151168,0.9972668935419282,-3.2621056785544558,-3.656344688963686,-3.81282568475466,0.7206295450625833,0.13435854152720778,3.9619553529845737,1.0399299739069265,0.27273779508804646
285,0.008001478157891637,-1.368201916773859,0.5121391452742368,23.945764896694634,0.4413993386582399,0.8440091244867431,-1.2616929635986311,0.7718513573527226,-2.102628089192125,-3.303396641597606,-1.1945053307253986,0.7333109312190362,0.13736437523391679,13.20755156258808,0.48760562944272945,0.7996449585335054
286,0.04072679387955085,-2.1275284605292137,0.2111529701555408,10.26164462250362,0.31553682735823085,0.7538140977664165,-3.714463999112316,1.068074950997024,-2.2752053911325296,-2.6642352731522374,-0.7206314124389879,0.6457684736152888,0.15029686801483377,3.9117127723957754,0.6106986057609707,0.8659047054253877
287,0.03159052716184043,-1.9651856325237114,1.6025121885941138,17.66813048397296,0.5392756493987713,0.7862272768206142,-3.6555437861722035,0.6704104954069363,-3.1593934363088474,-2.340658954895372,-2.8008131614229685,0.7604063514479371,0.2335833980326686,14.119387402646481,0.7878618979533808,0.0329321048487857
288,0.018184042902603358,-1.8765340040215046,0.6994935857330855,14.646423657697458,0.1922080488060316,0.8307994724638801,-3.0425514841363395,0.4468529031569588,-2.7487893161221493,-3.2941300623185583,-1.7289825682024484,0.5727357825096501,0.06398720236043383,12.012660204266494,0.34921738525471513,0.35155143050884585
289,0.006183609325095087,-1.319679173194077,1.3596806281075418,18.644605281345704,0.40634142805144,0.9271024680412915,-3.3287786313405987,0.39021120414030586,-3.3372480485265363,-1.594575412507755,-0.6088766150480192,0.6327714622330495,0.1722163635182169,7.473444081475913,0.8123291246293368,0.31697267320784556
290,0.009319900006188063,-1.3588408573682618,0.9020471680346291,28.264069414038925,0.44787843364704183,0.666507794863112,-0.494458794359661,0.6671396967673746,-2.2177765532310505,-2.6705056972120107,-1.2119758151837536,0.8955635797350414,0.08572813213619476,5.157940549904905,0.8993359861238087,0.0339940948038011
291,0.03711768725013567,-1.2674160522397693,1.4615712812921546,16.189621653524995,0.23385645114999537,0.8481253501281066,-2.066262342639913,1.0396676689012316,-1.5973554979561913,-1.6319216146676658,-1.5630529098531563,0.6942695981254192,0.2151042523329395,14.59813964900249,0.9625399370308121,0.4572092821729498
292,0.04774476263122659,-1.3975943275568588,1.0003955671960691,17.857181134762893,0.436481058378689,0.7533014220631185,-1.6179807886897013,0.6325014583526282,-3.216452323569518,-3.0097599048484183,-0.984273113104023,0.8688066562954966,0.14000257547949163,10.478258937992088,0.7862932612561575,0.46897872586847983
293,0.04687151372342763,-2.2095824491909095,0.5720264267033697,17.050362477114277,0.5954549737645527,0.8587182096979367,-3.3565151027067293,0.5853256582167161,-2.2908055322482563,-3.808020278222008,-1.026956310381681,0.8734283198836408,0.12335207834655923,11.514077466285677,0.44185338485460723,0.18517138889193757
294,0.021029916639593724,-2.024041342878913,1.3808875473793587,24.904807049121384,0.5797210712178149,0.6524803898810384,-1.3665162899224765,1.3150162893976436,-1.5344622996327972,-1.509993141525932,-2.660007434434858,0.7166072419517655,0.06304602817169504,11.76775066768869,0.08237171138550063,0.057577816423519224
295,0.005532980548296415,-1.4487981773382335,1.149240692086424,23.759170298977345,0.489883066500858,0.6539950894496517,-1.4057760368445678,0.6509628607963673,-3.4932246382233103,-1.9027402927710737,-1.6254712464682388,0.5757645130307717,0.17054728190159968,5.803077377602229,0.619217064913714,0.7887859921852278
296,0.03564773004294527,-1.9770735729888096,0.14482335393405285,29.024110669079356,0.4846509452724562,0.8851615430215544,-1.8879310685936415,0.6748563002046523,-2.5586441115703376,-3.2533929883007384,-0.7879458669983936,0.6449466833260347,0.22094259563884017,3.8151984762152527,0.12012712780746737,0.7558488337175823
297,0.03494538374566371,-1.7158015146339975,0.15408803770685184,28.63034055640902,0.21264146564897987,0.9320158401399503,-1.448298929344952,0.3082715462065153,-1.8855137727757914,-1.253654299183629,-2.5279846878782553,0.5680747886904748,0.22380132742455822,12.691525494341588,0.40041189185828624,0.21206130237956164
298,0.005417848184457833,-2.238733488772163,0.770260098653673,26.040177741052897,0.5899926651301608,0.6073301282747358,-3.0514569425458977,1.2877000060428037,-2.372321434909919,-3.1454815923119943,-1.7950686126974413,0.7522352600700146,0.2022428205478255,8.890101894254734,0.025940792115847655,0.679321730556969
299,0.023754957929204762,-1.7549941199310124,1.993126110675973,12.616693583600979,0.5864386136933267,0.6774731728634319,-0.6453675022292455,0.9719326962429886,-3.2013785462234723,-3.27974186785386,-1.9429092081311943,0.821621636468815,0.24817705712785648,9.042567425198849,1.0845403497453037,0.6268711359131334
