draw_idx,hiv.beta_m2f,log_syph.beta_m2f,log_syph.rel_trans_primary,syph.time_to_undetectable,syph.p_symp_primary_f,syph.p_symp_primary_m,log_syph.rel_init_prev,syph_symp_test.rel_test,log_ng.beta_m2f,log_ct.beta_m2f,log_tv.beta_m2f,structuredsexual.prop_f0,structuredsexual.m1_conc,structuredsexual.dur_sw,structuredsexual.fsw_mf_conc_mult,log_hiv_syph.rel_sus_syph_hiv,log_hiv_syph.rel_trans_syph_hiv
0,0.0485339065927166,-1.2395692719629576,1.0372485929197552,13.55350879806271,0.5548430377535206,0.8300365664725449,-1.2878528351882972,1.052855742778892,-2.1980810052258497,-2.110721763792312,-3.020578219154263,0.56525210751301,0.28779677906659945,14.011013663424931,0.37166975740351804,0.3763580616020044,0.47477731090662395
1,0.013540427411584375,-1.6796596943591773,1.4074039869390365,12.682794150660975,0.5277424567197836,0.6620439529634077,-3.349905999209505,0.6248864660117048,-1.9639838319410243,-2.480969411870647,-1.8491265447314467,0.5649866622592545,0.15526412587229796,12.714393639910663,0.31309747080269734,0.7678354162596427,0.5058827089864573
2,0.02022956662830863,-1.731281213055332,0.8663098672896079,25.501619671584937,0.4262884844182485,0.6084952790079762,-2.496355141334238,0.7766692872157686,-3.4489488140714366,-2.9941056188734354,-2.889762065848519,0.6132277749162538,0.2930104346841415,5.8008391154963554,0.6649525134880752,0.41329884941210443,0.5766525809702058
3,0.006948895659537349,-1.7463037327965845,0.1791038885346799,14.81965564142491,0.1303654516149634,0.6223116263366925,-1.2983840206002961,0.49944081200748935,-1.683428850482898,-2.5459777994533397,-0.5615158927976367,0.8305072245424386,0.2901958342854867,10.335828872799976,0.689339261798026,0.492327690371629,0.6007692250713385
4,0.04714537732481481,-1.4692334585735614,2.1858088401149462,14.706098090418358,0.5352443282112197,0.859649090771202,-2.2958137687404028,1.394874464431912,-2.425245616937805,-2.7806169314679483,-3.374146678689017,0.8407521187560425,0.07944640538306051,2.1990565693375967,0.5655579388460018,0.4241852899460511,0.2259490109885776
5,0.019386492820883654,-1.5539437953780704,1.992028708510939,29.655915214731095,0.14416492537482772,0.5402715318459302,-3.2690992422782963,0.5142153748977039,-3.599523230659404,-3.652966518900438,-3.885156749962935,0.7327445519543544,0.08492695840056992,8.538219744241445,0.8381143070063515,0.21639519802676216,0.8041987268434664
6,0.041710119505781074,-1.5758538556233534,0.16287910607747244,24.485540654056067,0.3242510641630937,0.6930916376572323,-0.6141405497219425,1.2083895904138247,-2.2551997656632627,-1.2328800068393901,-3.4733360753752773,0.6554909105029012,0.05735268934755064,12.62288004768933,0.24472444141049438,0.7590698173277255,0.3590879450449902
7,0.048705903673894636,-2.008536978134899,0.3634258578874708,10.194370378590675,0.4509736543297157,0.6829375787392071,-3.85326430016886,1.0786805551506689,-1.801048444430832,-3.0192998404895355,-1.843954919881694,0.6968009748700403,0.16839573323468598,12.93815401727965,0.3419593905863955,0.03079441192502383,0.02436476959772625
8,0.02795621611801379,-1.9997601436114398,0.6540666784382004,19.261151333338503,0.2841889027819364,0.7392639395084681,-0.12959001905271528,1.4617130877904956,-2.499084177077163,-3.806110942377809,-1.7843650849385346,0.6462258821971166,0.18380090711641245,7.459063476538519,0.15752112422741693,0.8133533571214101,0.7631472467604519
9,0.008366894578469144,-2.027430638817636,0.23277415955223008,12.514584414410733,0.2639009622755135,0.6954095080785696,-3.5308439271234864,0.5275690362161763,-2.791937441840348,-1.27826557983646,-1.5202716719527896,0.82701933878571,0.281357564763448,7.554042444464262,0.1035752455838071,0.2954639423241575,0.45523492299004126
10,0.04185636232427898,-1.9831934127407713,1.7172989314293283,19.00426376199674,0.34139232030403,0.5659326340709115,-3.017931413207426,1.3520304977437765,-1.9161148792798435,-1.8155282428975537,-3.6727010677315226,0.7251243122536859,0.1770676180330113,13.989643074420666,0.14268396270366704,1.0668929303214543,0.33483200464098983
11,0.029885829999790774,-2.276472458297004,0.4968789779104982,28.137545789964413,0.49459838237499054,0.5583158631013827,-2.3710916529198327,0.911386862733502,-2.189515935986265,-3.050857470039156,-1.7678465241201065,0.7866041595566664,0.2397413969392499,12.062979123676216,0.802084520721817,0.2142266820360478,0.5554435375105623
12,0.034547909556843774,-1.7606801552123004,1.1426054899417073,13.421489421759143,0.22479694582561913,0.611740505102569,-3.7515552439263913,1.0936755335631163,-1.9188960322616957,-1.5181438590669836,-2.661690777066721,0.7311378519954319,0.20405745187370222,3.3813040018418183,0.7152173123469805,1.0715220543010455,0.7962537484070199
13,0.04047671239319727,-2.004690019684794,0.806245386637247,11.314236918207863,0.5334586526178133,0.7564627107629206,-3.5150204532477414,0.38146409955327565,-1.295197062647755,-3.81399465363457,-2.48827174021496,0.8942060627691663,0.29450329787230467,7.809568993730657,0.9465869172531611,0.7490068266866549,0.5473775342069485
14,0.016397324482403455,-1.705890516535859,2.1427133202466706,20.61354552744499,0.4196122654300559,0.7332038456141015,-0.5425456368492863,0.6445290441848959,-3.276561939363014,-3.6178616983773715,-3.1793391520303333,0.8038364708992309,0.2527900574786833,10.975742072624065,0.869638309353771,1.0867185671498405,0.41160799091070943
15,0.023188097857963486,-1.069935521105441,1.9180128717040679,25.795562742869656,0.5073426105604059,0.900280740133711,-1.3799617361825773,0.3947586613043037,-3.398792175275444,-3.342619076770437,-3.823201095456986,0.730501159903939,0.11403865550400663,5.071662097241168,0.6579365559509908,0.6040338985099816,0.6775217337161435
16,0.0051419927101059235,-1.0648182977898943,1.905920950111748,17.6404246362112,0.50613668150508,0.7017432106444667,-1.1198166497509248,0.41659547349271114,-3.0458393832435275,-2.3249385767968747,-2.8149865721431233,0.6313757144948624,0.24202397279021437,9.955295294886195,0.7208522376402173,0.7932946985241599,0.028943324486799402
17,0.021334749214564443,-2.0596887958964967,1.3581263828027315,14.471677208732128,0.5781681447640336,0.8452346375726033,-3.676032214634253,0.6560817172776536,-1.3556419028726014,-2.917080645390463,-3.250404895154848,0.6610911709196589,0.24322120649298906,2.5834370517756025,0.9294573313894288,0.7732122196722893,0.7713249879825022
18,0.029692236575584948,-1.4867840241844572,1.218324917744487,22.45734877260307,0.5375368712099604,0.9478746659471077,-3.6151339715377215,1.3225299527595393,-2.073856232503424,-3.797630411477275,-2.2724130450727777,0.8151999660969681,0.20975260293785725,14.69888282317567,0.5262509559413855,0.10077603325475988,0.70454094911359
19,0.0079196847815255,-1.1160037567796592,1.292114142779145,18.546373878136862,0.3741121295398905,0.6790506235560986,-1.060003782771683,0.4410604273507588,-3.1646228557869285,-2.248330542123358,-1.4162325190754808,0.7108458800231482,0.08698801688288174,4.0758791842433695,0.28982285311518574,0.9957657240973907,0.18345380553063645
20,0.04292938881049433,-2.07691604764755,1.6517142537388185,17.493754533035577,0.49869562649228405,0.8243073277415254,-1.6684260044095782,0.6549864665846432,-3.0056392882140375,-2.179728870051328,-3.034697356747959,0.6734668268118917,0.13869587449043963,10.685194677725201,0.8606020445410563,1.0124714475667977,0.6085272348423536
21,0.007580113292523191,-2.246177992208591,1.9679458465972097,12.87125091762066,0.3831337773524981,0.7143243446511498,-3.026441523105694,0.5973685468598378,-3.157547656763322,-3.1517317860048557,-3.602187884891127,0.7421107559486171,0.20175136121053205,10.200290273626939,0.3061883951772695,1.0753063568075503,0.0570713515533903
22,0.035876358252706256,-1.501433918278611,1.3820412956320367,27.170806397520085,0.2893611336287043,0.6459054714369838,-1.011296976703596,0.8442554400526461,-2.3845048768618993,-2.9414521225131165,-0.5717791563129162,0.580348929864255,0.0652351998033303,7.115448231399834,0.23764456426834887,0.5681637009344668,0.07135744223186503
23,0.021031711748249738,-2.112951263952364,0.746911812835891,23.332513154274093,0.2792428033969304,0.8482619007332055,-0.17337250124190984,1.482165807672806,-3.410512997424922,-1.802469297012136,-1.6096214597986682,0.6622551569586632,0.1815745096575032,14.263461831493705,0.4123623999270768,1.0646142356790864,0.1776477086703155
24,0.006334037070219293,-1.2502604609229075,1.806257620655341,20.95665833229608,0.3881825987883598,0.7716544499016551,-3.5994393207395006,1.1270366877678353,-3.0286843077941143,-2.131721627960692,-3.347403880813223,0.8394375887350141,0.28361977580056047,2.995099615878563,0.933983710497614,0.8530663707907685,0.7281276043114508
25,0.04987977772837109,-1.8901694805229479,1.8969508897431713,15.596184537323115,0.39866506024393056,0.6591083068547415,-2.6050436130006056,1.0092075168640855,-1.4913689667719958,-3.62352675642662,-3.846286727083716,0.7085209223741434,0.29541289084150585,12.84437518110575,0.36810996446627076,1.0442268382453779,0.6256579326925387
26,0.03683980683620972,-2.29921533386954,0.8498783341925236,14.419339686847913,0.3383663253585022,0.9325826845910343,-0.991756516328627,0.7535347641202899,-2.5674070302797936,-2.5118179374265655,-3.8747184263572123,0.7469646841791737,0.20909023249514647,3.465380226748519,0.22905991846133744,0.9614375052093613,0.3671757748358948
27,0.03565453874868384,-1.845628997868904,1.1041269287673614,19.403598369762793,0.11449776227914214,0.5486329741762886,-2.004256864747947,0.7894030673790187,-2.0519589562687264,-2.658633013039137,-3.9064490408324937,0.6801952932108024,0.14210485939209783,14.691500573864763,0.49859771617038173,1.082945800779957,0.28922807174553106
28,0.0241358145179478,-1.7831519313647735,2.1518837452865984,22.505879273560964,0.5859853614842855,0.7381735572099546,-2.4852861286978696,1.166731836354731,-2.116008544835235,-1.2438569680863663,-1.6385961557580928,0.5684034749870951,0.1461896183890649,14.108816550981285,0.7008939934566688,0.25763209443488566,0.4072837990275941
29,0.0484525678772264,-1.6711400753827395,1.6075947261905723,12.237905453654674,0.15562331253176492,0.7934590139983246,-1.2063732140669234,1.301053177246071,-3.3784143769265365,-3.604398045727428,-2.9880722377286624,0.888893012366136,0.18683344132436347,7.619707136691084,0.7934878529129648,0.07875533421830559,0.21344730929485714
30,0.024789191127939064,-1.6630161622148059,0.6749984610878584,18.514625904257755,0.21277644993249742,0.5027405083322126,-1.8557840828490453,0.9730292297330996,-2.6664524525126483,-1.9696936178299538,-2.300496549819351,0.5845656948312765,0.2598719892507828,7.520630248989047,0.6156409823324053,0.6395208187415524,0.6384761797265176
31,0.03230068032911245,-2.293281678028036,0.4197538825914468,20.88748899672226,0.30715765605752665,0.7469182374572545,-2.3425309635135223,0.7959570894200974,-2.2981068475518933,-2.761328137906026,-1.6917638844331613,0.8928064419874775,0.21430307975787483,8.673804236550378,0.9173320917159147,0.0005893332375733854,0.6780847021511341
32,0.021778760616714687,-1.7532412052063355,1.0177996176159811,21.327996714423588,0.5154077830453421,0.7033493314590161,-3.2009388469783855,1.003397308104747,-2.8304361198437906,-2.593266680709399,-2.1779185419954894,0.6500616723342324,0.05142328389140456,9.908758106495931,0.17924066448095563,0.39003193486047133,0.8213504425756158
33,0.03736344988189164,-1.2997215625997112,1.4687607853922455,21.023390063324385,0.12221632790774775,0.5588556454714407,-3.1825364501392412,1.1745335664602696,-1.326191870972234,-3.2561193136521336,-2.3343716917614517,0.7139369987399815,0.08519281034211719,9.156412660935148,0.10748562555128952,0.8755590133601454,0.6426645606675709
34,0.021822458855174944,-1.652570614496879,1.592630436166381,17.164572597266364,0.3348250338068399,0.8654021712399476,-0.1554029971282591,1.1174766710385409,-3.5886593037500987,-3.445686430810954,-1.658067674441528,0.5628043730129018,0.21922711628457997,8.870577682442203,0.8190773947827376,0.8327536913973204,0.10993254726319864
35,0.01230829668400988,-1.6457323772246202,0.2177188628832261,24.801212936830495,0.18063273715056993,0.6777837411895584,-1.6138585712397329,1.1363866885121439,-1.24658574301878,-1.6640092523350942,-1.6534239307839123,0.7041553983220278,0.22990491327401363,12.888262081536936,0.1616797339014179,0.44840554957313145,0.01021938317330461
36,0.026904527732494167,-1.6176769368549593,0.5734340397103773,23.417749766837474,0.2370833607701079,0.6179802607080304,-1.9315466207077054,0.8038362121588571,-1.4727679378085865,-2.0208083029376223,-3.242956917909078,0.7792908643011074,0.14918506918410512,7.312165039904924,0.9736189535483202,0.6844910482868629,0.3434396276162311
37,0.024529691031952145,-1.4921506034907197,1.321510511752551,15.464201951519922,0.24604549609782211,0.5359269522915292,-2.5833602330389964,1.2852987774853302,-2.0589336640111613,-1.9872647768103113,-1.1215157896769363,0.8233039966201108,0.27849927367324445,8.671211572574324,0.5402963945486762,0.770413227909486,0.5379905575943702
38,0.028399324981259057,-2.2546236028619124,1.6219617594842954,13.131359514058092,0.550997740737411,0.7626565476779243,-3.6990995843171657,0.7270493665465576,-2.746232498649175,-2.822917712870768,-3.5022166405603152,0.7549845657403613,0.19367473312426403,4.886132597064261,0.2071755248477348,0.8683191389019882,0.43008367614045523
39,0.03033727826131464,-2.0242292080518833,0.3936066654406065,20.27950455960158,0.3016687610498887,0.6285554569144832,-1.4527681063340965,0.4034527148878815,-3.4658705787265234,-1.3664339717901464,-2.9222845556621775,0.7266389183528511,0.07550635908923184,13.140337053720959,0.33550925021160893,0.31078142464877734,0.6036359067054231
40,0.01593992499967284,-1.8566097404267938,0.5524848094127651,22.703114672233326,0.14727576622508035,0.7304850613064316,-3.734943742378803,0.4481631629086217,-3.7743815076447027,-3.474590362329606,-3.8925742884817525,0.8697868370680982,0.2573040857359328,5.712568481677611,0.14827280555673117,0.543704898674152,0.6544077609859594
41,0.019161388280875435,-1.85431910581308,0.7115035271477091,24.117241862558224,0.3727958460880523,0.8567668376538748,-3.662622598102916,1.1908670122669995,-2.6443078824683095,-2.4568249185038593,-1.8348417463703317,0.6836552160316518,0.2579364522428444,4.340229590879482,0.697976207569063,0.37054493879905476,0.22631601017849942
42,0.021081861524565603,-2.119619810367685,0.6787854244174947,24.926540389512365,0.2905784631223933,0.5615669758577183,-1.4150143473913412,1.266268110028529,-1.2765110229226155,-2.3048834440645156,-1.226244848780269,0.600118741057811,0.09229494449041256,11.963827014530203,0.19763464647276474,0.3386798748188048,0.716806390143564
43,0.030042355927613774,-1.0920469194772338,1.286496471913497,25.329298103278234,0.4038363504573168,0.8506894691877127,-0.22562034006215237,0.4664234968912876,-3.0853149430921816,-2.3142883777103513,-1.1696610290620164,0.6784934413423023,0.15749897244790673,14.327979414581442,0.6205314939804785,0.44188715196757133,0.7653125091648194
44,0.026332912829371016,-1.5293848153672749,1.0955673120769929,26.578500637268817,0.11292919524495279,0.5697802048991734,-3.7122915198513526,0.8670869884981462,-3.3824252958539893,-2.3858596523061095,-2.767503866073409,0.8166291021272205,0.14690703496533603,14.386813659499175,0.9698578779399836,0.2814710403593414,0.9012671581942892
45,0.03544861103272683,-2.140512316410306,1.250831124025219,27.125958035495856,0.13563308452228617,0.9241375416368913,-1.7287126911758897,0.5936392184689354,-1.978921406386886,-3.5690461130552946,-1.8696421783943316,0.5632776943991685,0.29986438042824587,2.139839379847471,0.12743352537462824,0.2004811296297805,0.16518036039587622
46,0.0364318313854552,-1.7705927191382664,0.9748788418843546,25.575897594757386,0.30531140109029986,0.5610224013232573,-1.9925134617011206,0.8095970643245494,-2.6231387498493084,-3.581767492114032,-1.206003562997029,0.8602422068747396,0.14080847102491692,12.42831925826569,0.9099428975565476,0.26672296729556183,0.21769484646377932
47,0.012543786314647462,-2.217975905724072,2.2771250015173066,28.073998702858816,0.1940102824199526,0.5238109604873801,-0.18443517595305758,0.7692276182922811,-2.631773713112638,-2.373013637808343,-3.27703957208143,0.5733286577944778,0.18581951683175202,10.536966334783012,0.7702460834975976,0.6074340502008233,0.024748089658474758
48,0.017917942954980847,-1.8287742717032653,0.43271873747253575,26.71512085389994,0.5115824671727134,0.8546081485866637,-3.368183414990801,0.5653455158133586,-2.141285353102093,-1.8450419508021243,-0.7443259163124054,0.611563506037032,0.2501050929184135,2.639007871382321,0.6531676896002938,0.049241484240504736,0.7990172268624846
49,0.04104835688546003,-1.9256110502905504,1.8684178005812997,11.616105184187683,0.2733609715400118,0.6568710914181488,-3.162408760169303,1.1599501204882352,-2.8269617086235863,-2.9689014655013173,-0.9802811237556908,0.678223582709729,0.2800919529819372,5.189549686264909,0.7489522552053723,0.2997403446232984,0.5315660635473055
50,0.020723233735726727,-1.4473636605867584,2.027357228378549,15.872494483723871,0.4213130876541278,0.8262952986677378,-1.3135724982794295,1.0124865370647569,-2.36282920255296,-2.5536381199578218,-2.7073383523466292,0.8606470080272384,0.15101419989164494,5.5286362011922,0.5016861547095858,0.0809165549112672,0.1622886114188658
51,0.005930285384627251,-1.2423294597123982,1.395332815314758,24.55042664232616,0.11662809984236343,0.5885311630494391,-0.8655630567472796,0.6011227498652367,-3.8207397882699734,-2.2185404712306473,-2.419114266112226,0.8981231353496187,0.12618250885520996,10.475603934302926,0.2421946757323969,0.9633534091372802,0.8782107878225281
52,0.04832048867288741,-1.1349148213545381,0.8182304669573305,25.457926087131586,0.5463952141657424,0.5784731568899095,-1.8169974751293618,0.30818040643257677,-3.7066047307278307,-1.7645294876402033,-3.2063142811015832,0.6376387912727626,0.22226823886927377,2.944576182262029,0.27944270159538676,0.283727564623318,0.5208550310781683
53,0.038861084024021816,-1.8225479257646073,0.5949765415696484,14.936044510157625,0.22057913466541224,0.6147567401650571,-3.796105748399043,1.1349902548378017,-2.371095266311303,-1.8878891093162946,-2.470785010812731,0.5816147511708392,0.0808461928264577,7.0274307770654705,0.3281410026016961,0.38791332637554904,0.5737879955081945
54,0.007204330021028596,-2.133682988826471,2.0408811163184435,29.21028020281319,0.4906387397015378,0.8171864533965467,-1.5669648745048272,1.2589869781023992,-3.254511233198249,-1.599816925681559,-3.295093733016532,0.6366423490012272,0.13725330594757498,13.293912385726175,0.8457854351067203,0.9713196899939581,0.23282228823322806
55,0.035268977970872896,-1.7051906181600054,1.7490386067375148,29.673591861171758,0.3381660072572503,0.748603190283273,-2.9972157058324815,0.8072820317106155,-2.8957239720781587,-3.78068130059864,-1.1031470838436834,0.8910047139317747,0.0967905544588315,2.655435077272925,0.6749820335627903,0.8073670567634779,0.3932463064205524
56,0.031963280524767476,-1.5683041952049641,0.33817285141105224,20.807467411426295,0.3687044021444539,0.5082235077180685,-1.1017640063603062,0.9658810173352699,-3.5467663216677523,-2.3904107876369247,-3.8001435066815867,0.6303533921716534,0.23753979190346192,10.949112000417927,0.9941403834252845,0.3472948661849205,0.07771850760165407
57,0.03061884241199727,-1.8401200623132543,2.2256015791441386,19.992069779283987,0.108471919320618,0.5535177005127765,-1.2728174899793765,0.3141399434720429,-3.419161942143468,-2.6169601563545295,-3.5286767575336713,0.6118466287850606,0.2959847434427468,9.334530032581634,0.8365937221089581,1.0321357090646093,0.03994824217716379
58,0.03899879193989274,-1.0959660060279286,1.0642363810805395,22.747036197966942,0.5889621520916863,0.5138737421228827,-0.3233109066995561,0.6431521815556778,-3.5863689859419434,-3.591010640736778,-2.4340781872714174,0.6923306397653155,0.202505526251324,6.97116115660822,0.30081381068037955,0.16311366893267595,0.7784530252746016
59,0.045027150993476366,-1.2111457688206921,2.123037740016307,16.071876503323,0.2578014058423199,0.8424107298074242,-2.379306728554928,0.42536019479548287,-2.8612967774361335,-3.880183411855143,-2.800399020504487,0.8786001674167858,0.1665189704156256,7.993949257361874,0.7214619773160762,1.0984648778235668,0.4781521687969767
60,0.023616126846546903,-1.1573493533608958,1.5965218759087723,28.431239079226852,0.3089000071353314,0.7125462795782931,-0.7817204612820539,0.35053465804577383,-3.4944282208688238,-2.426234474524721,-0.9366761577506515,0.8384935870424748,0.1379092215402072,2.524026259167255,0.3567420970362166,0.17340836275659482,0.5823260875446297
61,0.04603877649976535,-1.2938605600073736,0.17556591924634385,18.32721842139607,0.4622208501280888,0.5515167233924854,-0.37376654068166637,0.3919209342186292,-2.524838253005567,-3.2097155497970724,-1.8007654594617137,0.7624959311983712,0.20562776635231156,3.7477265364499206,0.9786119115896252,0.39815484506313287,0.7356633951728001
62,0.02250747188501012,-1.9128703127321955,1.0752279764633885,25.98649850613839,0.34742986827508215,0.5724479133481348,-1.0947525468988033,0.6895597580684513,-2.2624151906753687,-3.37605905270309,-1.931624711791706,0.622361183544193,0.261333603220697,9.726964798767021,0.3909303172529597,0.5624892667798098,0.47990694213545526
63,0.03940846588333501,-1.6028916813306524,0.10794566886911953,15.676401041590186,0.4777963072102951,0.577183177396938,-1.6885572381956044,0.6094711899995406,-2.9220872319695963,-2.2081557767385345,-2.1424102992129113,0.5605888130839185,0.12013056426186502,5.467611141333536,0.481765025422661,0.8834136701454753,0.4130559510046689
64,0.006127908855358654,-2.1708631310417927,1.441109520134915,22.95701205370938,0.42451779977316273,0.6541132873854465,-2.315734554455126,1.4343600704470998,-2.3884636410854307,-1.3286880485746262,-1.4048935035189554,0.798304350560376,0.20499374413933336,5.235434368030393,0.3616074674929578,1.0918771586333023,0.882270906222449
65,0.033533849614822545,-2.0399880359303713,1.7853472478739454,23.466759365665872,0.1880123486279485,0.5672690546261335,-2.965610756199383,0.8935213258961205,-2.566419045381783,-1.5648730401372437,-1.5886609997951133,0.8100056695630942,0.05184105168842001,11.174939273401597,0.985345452821481,0.8178675825343594,0.039364323861781014
66,0.0176251206072614,-1.8356233605628816,2.168854823781913,10.696521004762712,0.43749872308486626,0.6834707556265772,-2.447005425124032,1.2280318319778878,-2.1156778203675413,-3.1313504404057335,-2.155816994520392,0.8898175161512032,0.27085277993481954,4.846205856536076,0.6446163733424872,0.8993065262093669,0.11590644305485526
67,0.029049160335316484,-1.715261992400407,0.13211109698298332,19.27785866164787,0.16863128202233693,0.9133750010029401,-2.4557273970890465,1.345004716881332,-1.8791925299894112,-2.6797812463464474,-2.584343284525665,0.8216654398545751,0.28676744268361753,11.65916920657122,0.6935394234338361,0.800032026731835,0.84583555390505
68,0.03829207893478999,-2.10214518424639,0.7872053611398325,19.081691741247184,0.3516086027495334,0.9460216135903011,-1.0278596247517462,0.5593279966056885,-3.7147583719027097,-2.313016860273242,-1.5405168691584508,0.6450379012726918,0.09848400010058836,6.415980569978272,0.26681655544618377,0.9054843137600115,0.6742145029998563
69,0.047937150662834965,-1.9413892197473506,0.14774716860083625,16.70235469080951,0.2943868260996303,0.6511712161752821,-2.858494076554379,1.0369940367577144,-1.7195757265083778,-1.484580806841529,-3.109071630865179,0.6606287624033038,0.2701474103143276,7.659398046316117,0.9250288346279185,0.5341555072386388,0.15377331613462725
70,0.04738269057391981,-2.032793894291432,0.27726897536307715,28.001626956944776,0.27521190173537635,0.8762115489814473,-0.0811196819329636,1.2133757044836198,-2.5335269123706543,-3.692984397130179,-2.172496710956417,0.5551906064367612,0.07180954422930101,8.339210246557816,0.9579202667050082,0.9849078974528866,0.2822127854321014
71,0.04617707118865666,-1.535310304654168,1.2018062277810764,23.349472645417812,0.4052889808589035,0.6011581653981649,-0.26582678127755255,1.2509172129540196,-1.768347783952812,-2.7323489435063477,-3.5896359215445823,0.8805439055537387,0.06494493399090051,3.5599537431823474,0.5973631685834778,0.7181463318128961,0.5661262863071688
72,0.014574205947209446,-1.5337655615004309,0.5259875262470651,15.301593882888088,0.5434407634269288,0.726410769961725,-3.836588486521636,0.7176569146993811,-2.974996893318001,-2.5731587163938574,-0.8533725957119604,0.8835509835343014,0.2189941790336326,9.305014858514877,0.4084715851024808,0.4792341183391867,0.01875255601325818
73,0.010801940419460403,-2.266508687682628,1.2583223014334077,17.576175358433197,0.39789198803779735,0.6685842723989873,-0.5764416793614155,0.4604465381877486,-3.1079998913632805,-2.7845699133504382,-1.0789095162220552,0.5510321191555372,0.06615035895307474,11.441381344884249,0.5024428530462092,0.7626043879211062,0.8893523681618049
74,0.008821090920967098,-1.876631808151084,1.8340537343068541,12.973249002387593,0.5194601055517706,0.759577031751931,-0.3335242282542654,1.4567752361382211,-1.620744810174085,-1.94398032659085,-0.6185147836199518,0.5890907159110176,0.19919092939287858,3.933501597680591,0.734807424926335,0.22124311034540434,0.24700738620523113
75,0.01740183715603822,-1.7981108431394617,0.6516063796838315,11.075590359577932,0.5423511147231209,0.5309619908127081,-1.791819585831762,0.5182739239852505,-3.6559601518883813,-3.3968324266717094,-0.9748938333210955,0.694209926023881,0.15972561461700185,9.39045465165864,0.9142961973087146,1.0163561913902959,0.7798893923859272
76,0.028166840146493035,-1.556442456992873,0.4501881529570361,18.37476048082935,0.22650893371958436,0.880750906051379,-1.848080271983013,0.9544436131539116,-3.309161734874605,-3.547001961726217,-1.5850999337321423,0.8565330072439304,0.07431100843173022,4.733141456082914,0.3322078164127785,0.9386948135635345,0.4640933878407315
77,0.04640817201634672,-2.03696796085099,1.9808072659858356,20.09473483168332,0.44165896866859444,0.8854421870010147,-3.25585180790905,1.4137493279446722,-1.646527174412336,-3.0341043627264233,-2.629229048693978,0.6695875129371542,0.20627853546636893,8.413096165283832,0.7606400508625192,0.8630305713022889,0.26609460481536906
78,0.026844040911866294,-1.9207641449246424,0.842206250859413,19.78929411249434,0.38037515349436446,0.8637551142817306,-0.5285989110565965,1.1441383361860729,-1.4654222323457131,-2.069245774074129,-3.6193795531351856,0.7488066818566482,0.20760154381278706,9.480439896087212,0.11769668150219326,0.7257763721163304,0.13597215819089684
79,0.033415341097946125,-1.9893197876557054,1.307812983046102,27.571668040955593,0.5977166927202546,0.8053735710610189,-2.6877997301847154,0.3728209977663297,-2.069083965695903,-3.120228818829746,-1.988122063363237,0.6329799433676094,0.24581335803706006,11.597446844103422,0.42260897285595556,0.1695886527253448,0.3629629426417078
80,0.04194975038888073,-2.0536056940084335,0.30993781795909114,18.197326999341815,0.5492304546713591,0.8082166236590265,-3.4453750775055663,1.4274415053832836,-2.0812770289295677,-2.5611044092625646,-2.0537993382072823,0.6200614602383155,0.26382917161542013,5.604944650558041,0.18407674863067347,0.7907051919385722,0.6455217215453556
81,0.033819288636988826,-1.5243446606726603,1.8848268790833087,10.637928242824138,0.3432735018566544,0.881698098873066,-0.10423641366103098,1.3161651698961123,-2.3507453999251733,-1.3908805967914706,-0.8883785419971191,0.6679465126543596,0.27412907104524226,3.77944545557952,0.6224875727686366,0.1497133735902581,0.0761748393700984
82,0.047774793850350966,-1.1172865742926177,1.669106339197966,25.67228367614142,0.35405425314408445,0.5684041500477908,-2.6529386104876242,0.9397475313171846,-2.6209036752946906,-1.2248306960945579,-2.848461367880871,0.7701662781478529,0.21669635567092377,8.192580937682186,0.5353980908784964,0.09628295264396947,0.04633370942948424
83,0.010853615368944816,-1.1953186614820779,1.8118014963351428,21.924870982880606,0.23200701905805504,0.9011814864588783,-0.4374097548347664,1.2604043136947178,-3.045192418826825,-3.3135875857235244,-1.9561410779555553,0.7174675288324479,0.13134471545231402,9.610997375385185,0.34482547947494674,0.05826397537165025,0.5617551356586925
84,0.022283019523419156,-2.0956540102498176,1.1057728608484436,19.8258519327604,0.1682747066963593,0.6062637149880238,-0.6677278168069156,0.9880970559024413,-3.8959435441661707,-1.6689969793896169,-3.5258303859964517,0.6258599418151,0.10813636630384704,4.207871568770832,0.14153919450238672,0.8896440423380847,0.6591333585038021
85,0.039864714542794444,-1.2666021026850482,0.5561723986509862,19.89160069622006,0.16133022124731744,0.5182991245689892,-2.198788897781669,1.148543452683229,-3.6227025325293742,-2.8770775375581366,-2.586582950768986,0.8204030828824305,0.23296846536193683,8.069019941754274,0.3178650705328798,0.894377432664593,0.6611328501095386
86,0.022222578684435355,-1.990733696960063,0.4094518837478675,21.48847644035434,0.1859420670886516,0.5506570315960069,-0.36149579025262657,1.3433245078335492,-2.8823922568303715,-1.6840911809373185,-3.459746656298145,0.7034194110139071,0.19873370866824192,12.68131164035961,0.11968999753198349,0.19410715907288423,0.5574520983816341
87,0.02787830801288903,-2.208301175091857,1.6650236439770143,10.827136224590026,0.19295338704629472,0.8710435865296564,-2.2826762920750454,1.368074451594988,-3.356592928195483,-3.7305543532322436,-3.384560340358475,0.8462629473783301,0.27514815537825515,12.241912038381091,0.7396547288572782,0.06434876174112593,0.4714684263807296
88,0.015671565649430508,-1.6663112304531649,0.08943490995709448,11.155831360375586,0.45221357635230985,0.5420591195562401,-3.682138350218683,1.3902996729299435,-2.1049602698508734,-1.9306849570803557,-2.69594271628213,0.6252970056248042,0.10232042071515608,10.28770783347949,0.7446065344924458,0.07251359773425989,0.1813436333007232
89,0.01898790952997119,-2.2228036679377854,1.0340711131623164,13.059285049426629,0.5517399222341289,0.6947683653679667,-3.7189994477633843,0.8188346821857662,-2.1565691025874854,-3.6852944411714104,-3.2630807354439373,0.6926738161871836,0.13485401619345333,7.097833752633875,0.40156478522174,0.35834013441768964,0.24961766303934313
90,0.009903750019407074,-1.455413640672305,1.6843391558217617,23.886331453565056,0.37988344728087187,0.5742783153473553,-1.1968470722831746,1.2170080394841902,-3.179180146667303,-3.8619081951954346,-3.229749126493438,0.8682191214169167,0.08303265786548542,10.919024591688562,0.5875975463817142,0.43434713464327984,0.44519229189933013
91,0.010587232893615385,-1.848725133153673,0.14373653860996283,15.257940644609967,0.35260196383033016,0.934545553056744,-3.499555897684496,1.3990560109495178,-1.743444888468301,-3.911391157263904,-2.602538566231952,0.6472498351727691,0.28594402310282774,6.896717382382208,0.1461594505458105,0.16519547540862597,0.37901264056348677
92,0.04343128227682885,-1.3858170420232874,1.2427730702447417,19.732279629637326,0.38420466561119515,0.9087585281996979,-3.643493431824396,0.8697273305948345,-3.907980452490221,-2.3669595238429237,-2.8702210225688005,0.7154039593895436,0.11183916251753365,7.683260402420308,0.4510155273591374,0.5717437915092144,0.666174213559852
93,0.010052847808605514,-1.6904085278344896,0.5121863748819584,16.426246706787154,0.46843532440965496,0.9359830386702326,-0.25502480295973173,0.9468148014781861,-2.00889378683,-3.5346578846514287,-1.62254038028937,0.8965591575564893,0.09799760032624363,2.700521428013242,0.439956011581931,0.4314180103881842,0.05444152914466852
94,0.00907820176977342,-2.07819316209285,0.6991163723526924,25.257329639687367,0.5805371523092426,0.7822782891859535,-1.6461174236253413,1.3268951705461738,-1.2939208622375897,-3.5172307879277183,-1.9442030867052535,0.6999953984745506,0.2664558043750586,11.066382386254393,0.8086844519703125,0.4600317451757702,0.5624952245813412
95,0.01486803875984015,-2.047874603121011,2.1984225341193895,13.20039481516984,0.4599355928169552,0.5296880028894373,-0.20236783700228367,1.0567602370542206,-1.8908159560043298,-1.4241845380260942,-3.5690357835130753,0.8552331995901926,0.29817596964960363,3.594861847479481,0.395769853639255,0.4633235572369029,0.4310787045416323
96,0.0436036621372148,-2.251181731032559,2.256663969418202,26.03921043731327,0.5626610759945848,0.6711149795484113,-0.733450530856044,1.1970807390147884,-3.566787885747185,-3.353242013220848,-3.701922329359733,0.8729326771167916,0.28984552060599794,14.979900781879943,0.49513171087747576,0.1582145963703747,0.7669121149403411
97,0.015979591909206746,-1.7775355583116474,1.4945762512181822,27.5163514433255,0.42310826983990624,0.9275843024478443,-2.039494696941543,0.5391012421018164,-2.2948356437954747,-2.4081451965467213,-3.833059863876024,0.8578110681680422,0.22780062471636986,12.452740771452559,0.8763671968345338,0.8901784545569369,0.4524918609176457
98,0.031272742886890845,-1.4516569592641129,1.5039677160423588,29.342171764034497,0.15282366628543573,0.6985716254282397,-1.587759305297355,1.3314868269659554,-1.4366921526277325,-3.01781139221133,-1.562117310896935,0.712818573460106,0.13260276821770692,3.1471435026968555,0.6257656872165497,0.26798630482863944,0.10155753267214365
99,0.040656821768592775,-2.12769037898842,2.2316782243882405,10.433141670867977,0.5708245384628449,0.7211260334760282,-3.5650930931995273,0.3288524344741999,-2.277382104083689,-2.009588176755232,-2.1290759205513474,0.8817090328386974,0.25539742458393394,5.3284970231987865,0.532614303224252,0.5018437999799658,0.6330902009622286
100,0.028712321000506143,-1.500750752775578,1.5477052071677182,24.62411842980491,0.31754344543726987,0.6125200568797051,-3.535084042788783,0.934350500342811,-3.8747921810284587,-2.9848231870783697,-3.218040343154251,0.7292200863100897,0.19751668455009153,13.011713707088305,0.11409603892701216,0.6343746486969029,0.1516862602154072
101,0.03745904557396767,-1.929505936852467,1.421235377582385,16.665036610607867,0.29963307018141283,0.6264321232841171,-3.5803293978481006,0.6620175796871954,-1.3037663494809038,-2.1639610373028733,-2.2098949121370275,0.7284639583567913,0.161336303137196,4.299043574200933,0.8648473577963649,0.7772692717844152,0.7750059928113798
102,0.014320008675176951,-2.1637207776846386,2.2497353527234774,24.252271680637918,0.5407811787419691,0.9218310950846378,-3.8630666421791844,0.5030770147789312,-1.592372035090868,-3.4873873317004915,-1.0744042212820686,0.7767585129203215,0.24938000439775415,10.860296773523197,0.3205715985367288,1.0530215916405494,0.6119586953077527
103,0.049819769753691144,-1.5671633650716617,2.234952394150298,15.510029092569864,0.4857023178386458,0.8132884590500749,-1.2645268313741997,1.3723884292494788,-2.4579977125925216,-2.2540839294458976,-2.258691148098893,0.843752932475956,0.07659166550746244,9.664795206028941,0.8587860863974456,0.04031971892193886,0.6533945275072469
104,0.011130118687857288,-1.1075630328763895,0.6249197505069461,25.881705519695377,0.18894847998704556,0.5406767373945066,-2.8380223061158074,0.9979114996283873,-1.7339630497107832,-3.2029416592427715,-0.6394596323214419,0.5529544054721415,0.21819190491241786,3.9588152250418833,0.5582178886559922,0.03972021177281704,0.06949652185727725
105,0.005323689477234164,-2.0200043666526755,0.4552513912568932,18.876239357956283,0.2315370922217916,0.8183524633922329,-0.8776971191537877,0.5071335105432638,-1.5080769255033624,-3.6404037344047673,-1.897323954175976,0.7745030272270517,0.18892513823845875,14.499314291285188,0.9891344139080371,0.5873535217241058,0.6914221545867859
106,0.045779738031167375,-2.0465768855631734,0.9388809877539137,20.487827458518876,0.2515432157454355,0.6868297417363788,-3.4870343243196875,0.8556531540654271,-1.6753754508898515,-3.067481105561851,-1.1994876700847872,0.6022234275768512,0.12430854174156257,13.41634874095129,0.7667187349444462,0.2546123479879672,0.7070734758421483
107,0.016157042091593056,-1.2750186729787336,0.3339376792440991,15.83142283079278,0.42733000506078744,0.9443937272940534,-1.6961469029034295,0.5779372502459121,-3.30254554051164,-1.6094733978439852,-1.548117207167555,0.8761202927095233,0.10336483334288775,6.010475019910628,0.4114573467090338,0.18963177430872344,0.857968253991565
108,0.03319991478061116,-1.2896508402744766,1.9973448759028414,29.951102237146678,0.5749464181869952,0.7061450256446089,-2.9490691945424263,1.2322356948609412,-3.7961849394501965,-2.4011714610092563,-0.5371989431877062,0.5924181784530417,0.2438231178362799,6.69041546773339,0.8673079626240164,0.6851466540300586,0.5024321109785859
109,0.04448658602784307,-1.3415059756426122,1.3585341956096655,10.118403622293735,0.5228551793107276,0.8401243503699022,-1.8029584448265359,1.4376702210338423,-1.5288803573498764,-3.8306937413010678,-0.8795922102607516,0.5690878015880246,0.22428335788024867,12.359572883467015,0.8973884181180113,0.6792040775125945,0.04327080034588205
110,0.012154519688504811,-1.2771560470999406,1.727049181869908,28.73433022021861,0.12682315531539137,0.7043023274827579,-3.289608806927276,0.40671659970373125,-3.6642118846858884,-1.218061682602798,-1.922384924405082,0.5772572180067643,0.23632639748113915,10.244202453182993,0.9209993502205649,0.9582437793953988,0.48524550132751804
111,0.04307169316849566,-1.6505241430182855,1.5853583706322856,19.18480881422981,0.557067764833296,0.8216690283112746,-1.4216442346501967,0.6787345541706531,-3.227581383505528,-3.7464336148019464,-2.214542430781293,0.7715908954242551,0.2591208875090019,2.8847918170884554,0.41793482963288775,1.05888356755912,0.7020149313030676
112,0.04030901504972069,-1.966196053813713,0.48781914213473543,23.195213523842664,0.1903287462496463,0.7146604212728701,-2.790720068726245,0.8152855832972115,-1.9884399217093855,-2.084535890311143,-3.4488937440032634,0.8962634111386226,0.05945001146313574,12.801924604369303,0.2512017195742602,1.0035707962021139,0.832315546335509
113,0.03465495921317863,-2.287874452470657,0.7263914052939507,28.918372273821685,0.40325672791776646,0.8909716812596522,-0.9220822003816247,1.359926248788499,-1.8668960781308312,-3.1956896510979167,-3.1933545801998178,0.6704272434914632,0.21515790023695014,6.17249274776016,0.21969160691156575,0.9503910985311073,0.7586783231675369
114,0.04231316509417859,-1.4258287061852548,2.0475846136320777,19.369673706551158,0.5559767828015757,0.9032349995280091,-3.114288692869697,1.4882972533250531,-2.018205402509607,-2.006725297052388,-2.6651197943106246,0.8744208771151752,0.2692067260082659,7.502811085935977,0.7877109421096697,0.6116699637537736,0.14689392018248879
115,0.04250439347582057,-1.3110245543498222,1.9489221748595387,26.476680720146334,0.37064361957365166,0.7615778948837175,-2.1570536720550306,1.1417126320939155,-1.3317348195495038,-1.842528965813825,-1.7134325275177638,0.5829819224384489,0.21262585131447925,5.5761930239722055,0.5514705089018288,0.32477830418177334,0.048962121755523454
116,0.04914003132881607,-1.3729054703970667,1.126924999294798,18.98536136051986,0.3958934628564832,0.5090861473995285,-2.278546667794884,0.9271390250072833,-1.6179394501586501,-2.073962822019954,-3.558884868910454,0.8133846838023553,0.05448444949005307,14.223177612183145,0.7262263179725565,0.1769024815905829,0.2901974828559659
117,0.04217741025691355,-1.1879952080869016,1.9750485406419074,28.2440176034834,0.16654792587105569,0.5112870415731746,-1.3268769726260907,1.2908595103983393,-1.4236412329608013,-3.1704297712298484,-2.2286578632901417,0.5898501460363925,0.26046134208988025,14.135371076332396,0.7730476162308467,0.18633966268130392,0.8677728536072506
118,0.01812661022137538,-1.3886595928390015,1.695065745085512,28.55416440432601,0.5015877124887842,0.9420701093526292,-0.10614345437738937,1.3062356902815309,-3.834521802113669,-2.7522723109005613,-1.3302833231994455,0.8054626158123921,0.2728213449112207,6.880472219875098,0.23304599500377984,0.6953898399248098,0.34814839790229335
119,0.023862755862817206,-2.2293258001496987,1.5090062635551333,17.345979829648435,0.34437027059301195,0.8622043382305953,-1.6377490744341086,1.2799126744334168,-3.5375460007563793,-3.4367135377712934,-2.193525854943396,0.8345496647017556,0.1535143161952928,8.719162482464963,0.24993319353811122,0.752178186527786,0.3855633990285477
120,0.03840727886170252,-1.6252059483527235,1.7911628681574423,18.40472249118193,0.2600316586477437,0.5854364808290019,-2.4182162092044277,0.4938120488496871,-2.9023422238239824,-3.734521921723721,-2.347332164969063,0.8124810644676005,0.1762895767237297,14.876818299725546,0.19202829621184214,0.29120623520745803,0.8461088306960022
121,0.03267876847452864,-1.9147752839992946,0.061005292027513064,17.270305561837336,0.4962236509778749,0.6732439041401532,-1.3964709632546284,0.7623053795177976,-2.286561958891318,-1.6237423671897373,-0.5331730228233655,0.8261980250898897,0.20124621230024675,14.746086999021596,0.17665524293633877,0.2772916189188152,0.9075692465055059
122,0.01184151657966911,-1.8120478936710618,1.7578201157419928,17.12090111368294,0.4144976656054663,0.7879533955998952,-2.626165007422066,1.4751992662776607,-3.024505001543043,-2.2346686394543593,-3.7609510321725623,0.7071926120004458,0.21220398513823235,3.328216038411323,0.5208497447495092,0.5109773586809137,0.31043533272902923
123,0.016572106592144083,-1.2067179524918101,0.42817467182056396,27.739993914790418,0.5844289161732773,0.742941530933694,-0.058609931587968234,0.3355042477822365,-3.327431392192202,-3.837525545225169,-0.6710305439945685,0.664558565071587,0.10421924392655754,9.860383608982323,0.6408689224239315,0.2097851924135902,0.6811314107001097
124,0.012898769260669758,-1.3261100464229045,0.9631009832712171,11.564450012677886,0.3613701458528398,0.5455803358715088,-0.6782681752152349,0.4122893263901831,-1.829212618666979,-3.8672459388440648,-3.4030706572351916,0.6570530428936738,0.1481050781928283,9.538578233355098,0.42016193556341885,0.6767710174696387,0.52723789922509
125,0.020092224839396607,-1.3477250148541167,0.6191810662888774,24.32735124815058,0.10662465842145641,0.7576968285497653,-3.8306092351918153,1.1200367609377955,-2.764969904608179,-1.5064098308710583,-2.1040805282275876,0.8587996548361249,0.18768838380113528,2.7468605435229185,0.7814671829272526,0.6192675891350389,0.6981086246954539
126,0.023484968664783924,-1.0615412991729045,0.9877440748922602,29.07138385039959,0.32984276416226727,0.731008596231255,-1.5226909374512307,1.1076269163787027,-2.726404593044907,-2.793004120841359,-1.1884596349456813,0.7637342399247311,0.25449799145575713,12.969536049683615,0.8857063501593554,0.22969813620829452,0.8844826840637301
127,0.02569363130707579,-2.175004614637501,1.3027626308616054,14.173817665859882,0.24929149561334618,0.8676808823997684,-0.6424890245399766,0.3604250274851349,-1.7584548477398028,-3.52682820914999,-2.9993968546008722,0.6066792994992434,0.1756188564057874,7.178217229258837,0.8345445948007635,0.6285822636358653,0.5938608812708757
128,0.031187988763341525,-2.1807493524618753,2.116407873217329,16.535348561411265,0.2553587966319144,0.6515486104610038,-3.7795115268430686,1.2834315842965933,-3.8896947712648453,-1.9908417305406014,-1.2570282322239916,0.7593184774926195,0.15061379223803592,8.416384044546355,0.8796544418400573,0.657102485982294,0.10469830946016301
129,0.03289117271940013,-1.3362783036872687,1.6976506955619903,24.995498179038798,0.285812928381489,0.8146121642327768,-1.560413711170742,0.47152529053168457,-2.891422536726874,-1.6994984069098158,-3.426626499756362,0.887956189801574,0.23701030418778912,6.042217298745849,0.5546720319545193,0.32168725945291715,0.6899542411835888
130,0.01970003519946285,-2.2042655497656503,2.280537597044908,17.43450826635806,0.21679607060242334,0.5013683609258427,-0.7578112667146453,1.064281471249103,-1.3840355128329977,-3.716273559503647,-1.5011994840603555,0.7478054747260261,0.07715319859994393,2.2517647073084177,0.47230487384818187,0.38358667822401094,0.5170772994878514
131,0.049389926648339764,-2.135711851305059,0.28664321164260725,19.644065609495115,0.5039075676788001,0.8448589681967467,-0.7556705058645758,1.4050059421324277,-2.917954349875711,-1.7377879075804534,-1.8749343452612162,0.8319035984750927,0.14121902279306098,11.130469032294679,0.42681810777343177,0.6504924435360712,0.7566895344233086
132,0.014092111806280519,-1.2510866781955572,1.3795409268364875,21.558203177304517,0.1593530769423699,0.8354819249102456,-2.849698887670911,1.0609125578366243,-2.5433642150209574,-3.7097092642768676,-0.8505621901251903,0.8363910232001956,0.13507516868623537,2.4422741862822215,0.26482384395504954,0.14124821988268846,0.30024306590171423
133,0.04745199321313277,-1.7658111393517153,0.6363363877166229,16.829199388352475,0.29812239367979343,0.9203727206595809,-0.34566214078176305,1.221106274526491,-2.5568186557737302,-2.500487476199191,-2.252379711890633,0.7369530013219872,0.09346462083212279,6.98900766926133,0.5798907094129514,0.9317836537182267,0.9064672726748925
134,0.018820948116382734,-2.2969409685670126,1.8234921803887394,20.72079305145858,0.39443496062346695,0.7449443334581896,-0.6285885450093263,0.8596256682186465,-3.739502413545674,-3.278016191136839,-3.7328909517229105,0.6289923031993317,0.055856608185724264,8.81597867224044,0.2721684339873585,0.4090220396546566,0.24037627406929313
135,0.03604407145719647,-1.1113264467153787,1.649854601213724,21.999676177481515,0.2821175081868984,0.8735766893642762,-1.7833152868820452,0.9301134392375023,-2.71584153272556,-2.579988503974599,-3.1334281982810133,0.7920580000834498,0.24797404086904906,2.4940793918649,0.6673056397584968,0.2380509382629427,0.09749717224418655
136,0.0164922974791008,-1.948390192021139,1.0488112346199512,14.780835132096772,0.21470910478062202,0.7988538859198681,-2.940488897335386,0.3443230176711311,-2.802016629551205,-2.9557832004451368,-2.7261759653609126,0.5954063431261953,0.29144772533632096,4.600605377800013,0.9003731211775462,0.48266389172957336,0.5113707377553814
137,0.02727530025638103,-1.7370897192902528,2.054084466289321,13.944882509340337,0.5697690324142626,0.7408574110312378,-2.982132031523324,0.34052705423886837,-1.6676774000563657,-3.411645246501736,-1.611329972503178,0.6991346277305363,0.1807757181979449,12.758458494680063,0.8551358200938335,0.934832101431219,0.5984404777321155
138,0.008620617829938752,-2.2726671514716794,1.7109056991319531,27.26508289956952,0.5249061853116966,0.7852195547402798,-1.620030060405718,0.8818069067285672,-3.482582608918927,-2.6554473217847328,-0.7544522392252122,0.6439158956858952,0.08834242338375009,13.650161052540865,0.8715078881837621,0.2048847841965276,0.5788585797181289
139,0.04236704977641005,-2.196790153798563,0.47828365296856945,23.782445514516233,0.3576357086810642,0.7769501284047514,-2.823456223355473,1.4421510882794253,-3.6712493444874155,-1.4594816792080247,-2.7811345455350267,0.8797407782119677,0.09654171543505495,12.578875480246511,0.35019364182449975,0.9882611284305841,0.8653026365836667
140,0.018672850029800306,-1.088396933199018,0.9275534185625417,23.06609218285775,0.4932545827685725,0.8153566229775446,-0.1693539056890967,0.4758204787100949,-3.223709499515829,-1.5747216863187625,-0.7669599671334106,0.8839512455038337,0.2005339963356102,12.009526162085205,0.18821443194362372,0.8020190332581109,0.29548049511625607
141,0.012771576308421918,-2.2613438266084644,1.338912893202583,29.893570326709316,0.47534621527138265,0.8948703900895693,-3.0890969071399335,0.5887769092066308,-3.7607988662792184,-3.790665142436916,-2.3054947673632062,0.8331152503905233,0.11589004635897501,4.570451177447094,0.7630762287602467,0.39397367313338955,0.5450786397934952
142,0.03807693268701254,-2.236219085516508,0.5354531000850143,28.4981575759597,0.314887709491445,0.9261028071060367,-0.7970596088798545,1.4232080770143323,-3.214838380789554,-2.414443572836211,-1.1672598713323996,0.6669866822008237,0.1824428159524093,4.093353294010955,0.15510511437348606,0.059481251712446566,0.8343493017237482
143,0.04884224741552403,-1.1232598258991662,0.7190016650367883,18.220181755878006,0.4450717140256154,0.6761187173292067,-2.903560132046338,0.6822514878312007,-3.7563653703982878,-1.9531789705687261,-1.7030630931779642,0.587097193840579,0.28288380186777967,4.492473732785328,0.6622852906464799,0.6443394981790092,0.3500099979849244
144,0.030862553260690172,-2.0920590751978283,2.297539868389091,15.95198559806649,0.3772640879944319,0.5708146352669159,-2.081519119462824,0.6378499693498512,-2.680818781461994,-1.3944497741270463,-0.5139224881363225,0.7453847002558989,0.17093917732049857,11.02724109922752,0.6097287757645843,0.4153037345644533,0.5429885793687443
145,0.005189897516031692,-1.2328401075118245,0.7552981354660036,26.62724249268322,0.3927690142613153,0.904330624968258,-1.536957011314671,0.9051067186761312,-3.727151221359868,-1.5322628010836423,-1.7244905280053455,0.574333158031786,0.1906724790087172,2.287153379792124,0.5591675690587711,1.0345076998860696,0.4971340247680701
146,0.03873413747938077,-1.2182699090755935,1.1143304479193743,17.77444381377263,0.3753791569899626,0.7282959425358096,-1.540174160136873,1.181565360989493,-1.8625624535480947,-3.2657209908123273,-1.475075784910696,0.6854228135280325,0.11009694476535625,8.217373870620943,0.167343240638968,0.7462809517025614,0.2601671593621484
147,0.01467520999424118,-1.3297473236200061,1.6295930825024012,27.60330024867982,0.2586180825160904,0.5550842027896842,-3.8083977551468142,1.3602385943498472,-1.9616587362994005,-2.0482743913796826,-0.8128782245059551,0.6579602999291707,0.17298352886075102,6.111490567776423,0.6967097413049166,1.0208571538069868,0.5899793194058184
148,0.02717812515488965,-1.8817682258543602,1.9222854259556774,16.18565791879478,0.568061322192137,0.788655025637453,-3.303939365725343,1.0294953628566381,-3.5772376394736667,-2.8662732509351176,-2.0403830148153475,0.6586137617046733,0.19597576034722008,11.76597761025007,0.3801395600276034,0.6714747141055124,0.03454264702836214
149,0.012047527669910577,-1.3670137429677287,1.4538092172577226,20.014568944039837,0.15437119693489773,0.7714814041791263,-1.4671355677468436,1.3339712395227363,-3.645162615084896,-1.856971422046605,-1.454655925478285,0.79905119764642,0.22135393488358873,13.744636285067841,0.24048121807669923,0.9143396121538941,0.8879041657344453
150,0.04721850362356461,-2.283790642908583,2.2899689186859224,22.803333215295055,0.13285796485751022,0.6249608426461175,-0.4697692868187673,1.3789504461090656,-3.112820700110011,-1.5653259492834954,-1.5721995312544843,0.711375304290198,0.1518777235709683,13.677615104790137,0.8301881660050642,0.1267210265040496,0.2655983130056801
151,0.047735007221633825,-2.1591645954641026,1.458338006565951,21.265613117389115,0.48073736083862273,0.6068734868706762,-2.7361572342732723,1.3498191803951096,-2.870506139651305,-1.70673789495522,-1.155454180874238,0.7761906622065967,0.12256151483643761,4.6855392458460985,0.19949140074712668,0.7394512477843402,0.3659218393281459
152,0.007549415878042831,-1.4358621052111564,0.00510898173949854,14.3222671392342,0.17424818306532683,0.8368964436752417,-2.5658653889473495,1.1084274787757198,-3.4575450874987057,-2.1890207426537724,-1.9653521146002912,0.5536011286536957,0.2449260545891601,3.889036246959731,0.5921724861422996,1.025552136794986,0.23087104654129562
153,0.01749989046678518,-1.9077841328759828,0.06329452943560347,24.1978945779538,0.11142640475179774,0.5800787017946846,-2.532807376179006,1.4013357908029234,-2.4167389918827342,-1.7265059448086708,-2.0279780058931087,0.7967583558999198,0.1951892540940876,7.361584024929813,0.5155172206695644,0.28857804865270764,0.7487289934120923
154,0.04462653985751473,-1.3793077619628842,0.7684687632532874,28.9360269158627,0.3362861062806135,0.609602263563807,-1.3505765623489068,1.1943100196643273,-1.5791314006154655,-3.8429009480015033,-3.4164521418901845,0.6978851332723596,0.12243131000878572,7.7418155211236215,0.25633671497285837,0.0343127672983595,0.8413962561781347
155,0.033285711062262364,-1.8075950660240803,1.5257751820166487,12.345137608187127,0.5263360283945309,0.635425065864909,-1.9268015354889698,0.35370052383188905,-1.3471648075251563,-2.334954318003473,-0.6341940504364616,0.5853156877971342,0.11683437514353186,6.34786821258715,0.3014609709490301,0.9411697995397612,0.5362739249345753
156,0.0057779126474435645,-1.9632724881046961,0.802428875572482,26.73820340001783,0.4793426234507123,0.8516518011255856,-0.48386433379546423,1.203096899223735,-2.2225670375163604,-1.2075524199286174,-2.612698535034566,0.666379688812111,0.1320903247214188,4.95508126500814,0.7123145076466788,0.38059549814942234,0.4044665481024606
157,0.03042990899481615,-1.1609600802832416,1.5700001791154858,29.773423678609774,0.1825468654792842,0.8111270013068653,-0.9323783041076266,0.6861114221959174,-3.1882319147158844,-2.2036553853721568,-3.813857402780164,0.7952326600295655,0.16762195777582958,9.100015337767118,0.20925195261480772,0.8558727609535507,0.5872227150129086
158,0.012464182200596198,-1.3157060461227092,2.177822400601385,24.699257082438002,0.4167522558868063,0.5039280386923154,-0.6112632245117386,0.7320522216751844,-2.656163378303919,-3.5614737244020196,-0.9282620408659188,0.734295825705716,0.07383891509691724,10.412268220489558,0.6379337433617203,0.514396858406866,0.2523224484471476
159,0.03157815545802946,-2.125985429151213,0.7332320860700076,22.273834377519357,0.23628341997030228,0.898744412736262,-1.8731131763009126,0.3761120226291929,-3.52610108731372,-3.381693532277648,-2.5417882718791898,0.8733293425188475,0.23147800204965724,3.7115289305085883,0.2020273825659934,1.08025762338048,0.27624184517798733
160,0.045573156643594265,-1.2828671359634132,0.3042844591432388,27.4393105760734,0.5597201033656686,0.9143887771525463,-1.1707994892947116,1.3154533467168847,-2.778193592659682,-1.7536429497205686,-3.073091677858606,0.6278181144176069,0.11537079809578954,2.0288559327480686,0.6481838644324669,0.617200246502493,0.7416410663461259
161,0.02292055621385608,-1.3242051759400337,0.1260642699963389,13.527126044609432,0.453592652309724,0.8417375332437687,-3.0483110746865876,0.3185577395568966,-2.935163955781071,-2.487645224106145,-3.5740195161230788,0.648586803179413,0.1624725533210847,12.043570448652765,0.541827963243447,1.0406151416360576,0.16163128636360974
162,0.03171768834358429,-1.5626093984200464,0.37708910851598804,26.15343809636141,0.5322097448878435,0.8067123601499826,-0.399714696009013,1.4483235613417336,-1.8999464180293426,-3.0934314646195826,-1.0445013257813378,0.607231060632732,0.2771289454450005,3.010735072937365,0.634476639806487,0.5786354294920649,0.17665540894015375
163,0.026480073109142268,-2.147607552131901,0.2989609297087217,22.349727295987627,0.17607545779800576,0.6490271048127944,-0.07190361131981193,1.0989610309916533,-1.746803465334939,-3.0555294383393985,-1.3736336985640833,0.5585892449531764,0.10720715762383373,6.497279217677746,0.9109243447218823,0.400309234600249,0.862720807370596
164,0.008459756327470123,-1.1975872464120738,0.208492456621343,26.86165737280452,0.5604336148432691,0.5315173288792521,-1.2237668373442996,0.8496813411227597,-1.5345965416800191,-3.075716529204461,-1.2894672414268045,0.7906012053862885,0.15250147626573513,3.841993273596648,0.2258160878026797,0.5837444977330797,0.7876464936601139
165,0.006463285243466584,-2.2246163826482355,0.9000726082828417,17.987746125074764,0.4330570784219294,0.7984325536362518,-0.898112330297963,0.30522597830257575,-3.7408737494725033,-3.551205035227761,-1.1293750243130884,0.8448370431984988,0.05533606137464006,7.397833819053825,0.21123006231306923,0.23331665318044334,0.6484921042749975
166,0.01834189185325721,-1.4755772128263787,0.253432052121164,27.684061691398906,0.21922464588072738,0.8791700098410091,-3.3358148299983785,1.493054583611412,-1.449700864696697,-1.442743533981738,-3.7698846873412473,0.6902025210250319,0.12526346276305494,9.55546273977993,0.2540505177323102,0.3139450502417694,0.4020326034169114
167,0.03919315065718449,-1.3579472825436545,0.6644262928497965,13.304117442860829,0.3895910728917773,0.5881858590778108,-3.1503237240658413,1.3870697879391853,-1.7822697832057224,-3.5037168032997887,-1.297369177730216,0.5600563918187842,0.17214056809873685,11.844681390985649,0.32403748931218057,0.02652036804133868,0.46749292159611133
168,0.015550869770611282,-1.9452623556010353,0.6927113133108217,25.169473508683243,0.5293092878814865,0.505212075254641,-3.3163226015395377,0.7395829991348799,-3.121406413294807,-3.7596848628718544,-1.3090916543711018,0.7558502439919177,0.1792244073489953,13.871763698988039,0.905135624780494,0.35354172833265696,0.4244861554883893
169,0.032262567773609196,-1.171417324574773,0.5663070330444994,16.24836198376927,0.530997822774363,0.8007064409097666,-1.7343431086698624,0.799352522557485,-2.5859230151192776,-3.2399722656839733,-2.067769923350307,0.8620268693079596,0.29731514724818775,2.4322833946562046,0.8891758992961892,0.9187756527426492,0.8548172180991632
170,0.01787801797602348,-1.5800802609037743,0.26389420997747015,25.02598066988641,0.41168883633080244,0.9378673418460879,-2.477282059787851,1.471183947413784,-2.3289245838165904,-2.634004601518093,-1.0366955419631312,0.8499135494501073,0.11320897689296645,7.243460342853362,0.6598626248167253,0.4553792800050743,0.6842617690143603
171,0.037091359842443154,-1.4670876717648715,0.9934287601922559,18.619706874734838,0.13475135969352275,0.5381999188537534,-3.1253609981460113,0.3581750107704493,-2.8121482824557074,-1.2964447667306045,-0.8719692149498739,0.7401264505083618,0.10524261493463266,6.636693098417704,0.5739775510116797,0.11659555490398861,0.1384388716378566
172,0.023441001374812198,-1.4239380286555172,2.0977778234610085,25.094123576792395,0.31605802549496487,0.72395407655602,-3.3590493528980714,0.9431694513116242,-1.6333173335721272,-1.897973018660918,-3.0466091162191775,0.7897829099080406,0.18306534658094215,7.932944930924371,0.1652661186017229,0.054889648085367025,0.1313758533946929
173,0.011716627662180689,-1.5125713676300259,1.2114004183406846,16.781093256692962,0.1393028711346194,0.6900133915037876,-1.9533819818490419,1.3801692263679384,-1.3924106224076649,-2.893377084924556,-3.013842608626124,0.7014940619344778,0.12090551574453158,8.304225261721028,0.8489908567358299,0.4461939635883461,0.19543928760631873
174,0.01336280795125087,-1.6841963202671484,0.3699696850585815,14.535347086149951,0.4581653974647977,0.5966117318847415,-3.889296113959509,0.47782823317691037,-3.8427010264564014,-2.9216300614918094,-0.7780899601558402,0.8297861288111522,0.16044238880252323,7.951798135181425,0.48061545378045156,0.7326623590684685,0.20614792970817633
175,0.015377070804217352,-1.2279395684492962,1.8366186157843343,26.21892460393381,0.46354150017156426,0.6325795918474296,-2.637723463315081,0.9796019614285381,-3.70085151304637,-2.4593016865819424,-1.9760761200677133,0.8695958416179644,0.13370926034249453,9.013052014585808,0.5631687780416996,0.8650075275429884,0.4495264887674188
176,0.028653568473779357,-1.791244642277436,1.2774511011554517,27.30180752118972,0.5172414768476253,0.6421848693142647,-3.142387811279762,0.4116076806916362,-1.6989070821183114,-1.308630784222808,-3.27990882526802,0.675130045832563,0.12409626592026911,11.67310856050722,0.629230044333271,0.4683356709625129,0.3754363660330904
177,0.01703737454998453,-1.8152307994668875,0.39996438914645277,27.949195131931322,0.17216968292547047,0.9315820909210497,-3.177983325290081,1.2442074092619406,-2.6942269103584184,-2.885908145036872,-3.506539875278143,0.7362078748431993,0.14854805612095504,6.442782821471567,0.4552878081816393,0.756892031112369,0.39662777699231655
178,0.03375995995265934,-1.287261130771616,0.8703586142816667,11.24146742178685,0.2336834900304407,0.8299033138513177,-0.4988336732769838,1.1550795873837707,-3.243905177488389,-1.4811516591296465,-1.3681290088791043,0.6421608508738231,0.1548464083315918,6.1324598773045,0.9838608420205549,0.7033891530842017,0.08929337413928452
179,0.020832892389079385,-1.6083435892255995,2.133917631632182,28.635934611686565,0.5755957901868524,0.6306220030774081,-1.437651171986162,0.6324537683453348,-3.091461630969786,-3.0874077110860156,-2.6851299137016995,0.6402829594108722,0.1395870543298729,5.82991495900322,0.3875450088736617,0.7975355009940075,0.1457821628751778
180,0.013760333098905494,-1.953656786151763,2.2469816860558347,28.807812711190362,0.16271013026617798,0.6373309524211551,-2.3525563367129156,0.775272228178893,-3.6839295969535133,-1.33439663866845,-0.9418282709085322,0.8102086506805802,0.0701535303236705,14.448645761322691,0.5893927243884444,0.5349992561398256,0.8602824923281626
181,0.016758356198237498,-1.3697310494451829,0.5428935378993724,15.051869849903529,0.20314348790863496,0.5995110287061253,-3.4006031815653537,1.416956188081932,-2.6601480442467538,-2.343206735386633,-1.445629012607129,0.6030287176297194,0.22006742739335955,13.09875766331479,0.4362518250060945,1.000285527967198,0.3513529602654566
182,0.03793017500042465,-1.5928843209785675,1.9412053994597607,20.37398159054851,0.12457052151454501,0.5132450891129584,-0.9513153716185507,1.0832183216463573,-1.8264576740135259,-1.7614776444651796,-1.4931021489818752,0.8653779778798958,0.2563904380636174,4.398654828350808,0.4684399236451562,0.15037180470908582,0.606884417342032
183,0.035561722023155974,-1.7585149914782323,2.2668455283123445,10.769913405443779,0.14894592294218204,0.6197607603923587,-1.599669608303321,0.7069175572192192,-3.2645538022353042,-2.667783884272594,-1.092797446119922,0.7806135404296368,0.17378818415691477,14.558415154797792,0.3934209773915237,0.6535214633983898,0.5096748768384546
184,0.009546665448801676,-1.6383866498081772,1.8618181478711786,10.939926312456622,0.4081694723481236,0.6889355635589365,-1.6785365211301224,0.7849559137080739,-3.206513265934525,-1.2586466920993713,-0.7010308649250194,0.8867273714784041,0.1647472186394315,9.705835630075125,0.7900119527346925,0.34399871177745295,0.2784698918448377
185,0.044354075834676425,-1.2616855577793604,0.20177002760026216,11.476104367661788,0.5963603465502398,0.823998763074748,-1.7160549030987617,0.7665845654427066,-2.2431761224382023,-2.830483168622212,-0.5939480456477901,0.8474180610672988,0.11495257233155962,8.113638862290593,0.5760636917519389,0.06598180923380852,0.7300871169931296
186,0.015328614307650933,-1.1446768444948239,1.5764970825842386,11.820623528459656,0.3598396816666426,0.5927171598820482,-2.7524555545067995,0.3015834631791317,-2.9460307269025465,-1.5891657253547193,-2.0494225797536365,0.6188513174515329,0.1844349903715235,2.3882587985194332,0.7303989831974302,0.8409339544748154,0.20462493563205686
187,0.011373914873365878,-1.7427546161512049,0.8960331002533277,29.300565788463146,0.48971037185369604,0.5179134609925004,-2.8829072596137766,0.5290919563761545,-2.73730760776105,-1.6746617073518375,-2.373415620267708,0.5941057989544144,0.2691442868525613,5.876017973971564,0.12190023348958706,0.4370723615937383,0.6371639769761149
188,0.025016748463109018,-1.3926369496431281,2.0864928261728535,12.404547025363135,0.3303974870869668,0.9186158913562622,-1.915804777180311,0.745402429531569,-1.889364410793792,-1.7764248653245756,-0.7942997374454843,0.8940936670315129,0.13074209389524932,10.749201350362075,0.26094489282744926,0.9275903219844178,0.8741699195807572
189,0.02306146800884831,-1.234172192600442,0.9306442475504696,21.776346538724162,0.25331167775221364,0.7200791170692009,-1.243118341630269,0.6949030178591276,-1.4821064415415193,-1.9149255860586025,-1.2443000976694152,0.6548378274084024,0.060993471741911436,2.0573223749945893,0.28241548694055585,0.3052380943070091,0.5299718337023268
190,0.03778409749072157,-2.0650283414702884,1.1549896978096827,12.126671212735175,0.4347262443545762,0.7818011805285878,-2.5552565986529325,0.5748605412382244,-1.5682525349393863,-2.434529596994442,-0.7931051711730186,0.5971765397701093,0.09256736675088892,8.920336587414123,0.6876554959767042,1.0086864108168385,0.08751939627084543
191,0.01687971397497639,-1.5170167864430055,1.7233116840070062,11.668576065060966,0.12907831165609265,0.9435936194099205,-2.1319087778330186,0.5638507588303883,-3.368643716216486,-3.4254896065959652,-0.6617112254736459,0.7196737973618276,0.16996418739529423,13.609896267702139,0.757911650927161,0.1462187878341432,0.1115520349022177
192,0.010499195654986889,-2.1532059682284816,1.1882200331266146,11.949105913751161,0.1500807630114162,0.534289730386695,-0.820999071146105,1.4976209499860995,-3.3491246251626263,-3.178231004697198,-1.357770468996832,0.7205435537071168,0.2820971094572102,4.533554461207697,0.6000285189926098,0.5525827276762627,0.2850744171639794
193,0.006644958504622062,-1.9696659860113361,2.07927862640066,13.653951522845151,0.265602115145171,0.6580572850546926,-3.213349452805039,1.2276393120940419,-2.9590905954440996,-1.920276860020097,-3.307975556009919,0.7511578022904345,0.06959036186055251,13.548897443100115,0.8861011093382188,0.2242769592387024,0.14203428877634927
194,0.02952811660806666,-1.8642286274791797,0.9061247276218749,15.64538840188218,0.43957343486353206,0.5060008866119184,-3.243310786249565,1.275810544906803,-2.0350001625922953,-1.6374910348869927,-2.841775242005191,0.7622498414165944,0.25088884303596254,14.786067383265683,0.2963618377997558,0.5177516596105628,0.09379184184431756
195,0.036790404118638764,-1.3827959166573462,1.319367550315356,11.060962823932107,0.27114796148465964,0.6979813015102432,-1.0749461458637395,0.9691692763596798,-3.44083444701639,-1.796171996283349,-0.837872000461886,0.5565257474289385,0.0726260232624496,10.60138615654507,0.1533308916160051,0.24556128539905928,0.3901108680555319
196,0.020446069777371834,-1.5477648121832708,0.012536136245501324,21.443243354447382,0.5874588874842607,0.7836753096769461,-0.6558159471374214,1.0739169175681633,-2.209021756606883,-3.350750472192335,-3.65305131901519,0.5965459046869717,0.162914170622302,10.117551537950163,0.7546134243967277,0.5251746681970064,0.8131351801541326
197,0.008091093491215862,-1.1376527836272554,1.8028005610597324,14.930751826584732,0.4444517605825392,0.602756762988097,-0.7218506249728343,1.4657576020997343,-2.3186117657819336,-3.2501569662926793,-0.5864111379471662,0.7444622584950399,0.24637815462053242,11.551310261062211,0.9652107025963275,0.36871369321038183,0.790055441126993
198,0.02484589324802208,-1.9586908460580013,1.0274514549718323,16.37059720802164,0.4818454898688157,0.5209455414858433,-0.1415521702878011,1.0193472873717433,-2.950730616238847,-2.227835461246702,-1.8827567406218728,0.7402653702400621,0.07878756231055475,4.775315041340374,0.11113976829706235,0.3337354311580528,0.12851774817586376
199,0.005666475137544383,-2.1906827832533864,1.3993174383191045,23.830068128898034,0.2800924505569123,0.6658410919072842,-1.0336674966522068,0.9154468519940235,-3.430880418483677,-2.7202472087714193,-3.118731625567823,0.6739694804194255,0.18922755803120028,10.663426133516815,0.8826694898646815,0.7152260533578718,0.1873876751342347
200,0.019989675887702566,-1.2245175099395946,2.1066855754133247,26.939520175110893,0.20853668186501217,0.8272812383464248,-0.5544105819285514,1.114993157433002,-1.7772307034411314,-2.974142276619145,-3.3299516785903926,0.7586770265775662,0.0670740225312494,9.147643447786104,0.35410146252917607,0.09436317686439756,0.3982198557315266
201,0.015081981993196627,-1.4175385519887649,1.4824788583419668,12.809282153669693,0.2960962182095199,0.8725114939010445,-0.4225325587200319,0.5713832364712415,-2.3461260366852144,-2.2789456052094836,-0.8268929120982378,0.7227549952806889,0.11848198905249051,4.2289571147672405,0.8153272042266236,0.6958441512405398,0.3199445894199268
202,0.028538607745114224,-1.4029423516092796,1.3713522494320851,26.911844081812795,0.5833215244097167,0.869605640885678,-2.1420155960257548,1.2072485658072292,-3.3166169335187923,-2.931387130495839,-2.561509208187695,0.5799405507244698,0.26193410482490037,4.697216298252584,0.7110156975724294,0.722075228493104,0.8011683318772591
203,0.02261611366569486,-1.697087135961985,0.4755982543037175,18.800608943726264,0.16369619346082742,0.9395936521118404,-2.7241020534152174,0.511918228067429,-1.933267398661062,-3.3203243789283126,-3.172711059116195,0.7168254982518094,0.2522598339156662,12.497442636382377,0.28362093763419527,0.008716702632142954,0.7137866433474765
204,0.01725344561130682,-1.5925472879281077,1.5623867851807307,26.303524963317077,0.20741277874959885,0.9298857464947035,-2.928184056970186,0.6742706583089297,-2.312709171121778,-1.2753664950082446,-3.695844149901017,0.7348416544265324,0.2854648762021129,4.13610626411902,0.9974850292261123,0.4044248827757471,0.9141527781315432
205,0.006687540597391814,-2.0172741471587514,0.270583424483269,10.586090311162934,0.262502709088297,0.7901175971680923,-2.0082041218615103,0.42857614996474525,-3.285651215146869,-1.8189632088058536,-0.5540929027084336,0.8279967668724861,0.2068680837137803,3.6730114933193194,0.4454373924799151,0.9908969147982654,0.9114939219369298
206,0.04819990365444502,-1.5995548645998108,0.2477721573190018,27.895526042300745,0.409172401971594,0.7432850952894324,-3.7644272376937584,0.7148877038411199,-3.812358393204255,-2.0588795842295413,-2.744141830779462,0.574533528464353,0.09090090856432492,5.260600566546904,0.5301717118945092,0.7830462698936843,0.013611952638115671
207,0.021985193521640852,-1.077052419069592,2.057987318470591,15.192689606720554,0.17936509941991896,0.8037410533721094,-0.4490001622927515,1.2395656538087136,-2.4781422732691833,-2.8544176252558233,-1.6840616797170451,0.6012764905021218,0.24748625728418527,7.786149399246912,0.9425068638222267,0.49545537076509827,0.4923678368201896
208,0.04546575549373144,-1.4322997494334213,0.04486629541394015,14.246427823227041,0.21018534084303095,0.8831838528627765,-2.111004402765281,0.36709900878328194,-3.2921505341383153,-2.471980771617826,-3.7133939861775493,0.6211694107049524,0.17073796223419074,5.386414848457264,0.36440895388173444,0.6681276600386077,0.3043794503957314
209,0.02442211608435676,-1.3976411881492714,1.8512852653536027,12.033448056085978,0.5901235963685375,0.5365659629834659,-0.8543117480537021,1.0211557225840895,-1.948722111846098,-2.0335795273407786,-3.7780662338924147,0.7996977598689632,0.10015650787345734,9.416034887652522,0.7375512765028868,0.01890637940604798,0.19148407286170263
210,0.04388570777321538,-1.054584503584826,0.519562577197082,22.57028448910935,0.44946280046976095,0.6434194743265638,-0.9104595200099888,0.8869732964314312,-3.693079684763398,-2.6399047975220453,-2.4468522395329337,0.8664093062166986,0.19299858435374795,3.1820259609960764,0.5112545847887647,0.10326694419644065,0.20955432660182458
211,0.03762736797285799,-2.071990506445994,0.834360170651579,16.946407817312743,0.2061198814290651,0.6547910141264217,-2.230984997531608,0.9038224108123576,-1.3664348330413434,-1.4194384315351902,-1.3484594486944363,0.6352235067277923,0.06880140307548793,14.640903792630528,0.43560992501494633,0.7012764163699301,0.1734231449340322
212,0.011459667371489103,-1.5843510411022521,0.7971304233256269,21.85023494312777,0.17800173881401132,0.5281613323451304,-2.681770631454751,1.4466899516867475,-3.2495890121599214,-2.150799751295515,-2.569712759012854,0.8420230450768326,0.2255287472514822,8.49307799973635,0.4320382478126503,0.7105667450755521,0.5142779122606133
213,0.0216083733320849,-1.444237487789326,1.4749169436095337,29.822103761952945,0.36573224526545134,0.6471722556850492,-3.4252687549948218,0.5454290810768356,-2.1805838821965198,-2.5950655938731595,-3.344761580017138,0.782634665234883,0.06382026382571131,13.457809097760558,0.9038145641167848,0.7843281431256112,0.3230943576077364
214,0.045829318099052316,-2.242178442985553,1.057066374124642,23.59798600345053,0.32697361107445566,0.544735309787796,-1.3829236712652184,0.5849764890766964,-1.4959912745059771,-2.705941702376287,-0.6836865782856076,0.8348309584415203,0.08808555872824456,6.324224988644122,0.7470722508209915,1.0502618140934363,0.7106822533064097
215,0.025987559566569778,-1.2676297075374592,2.0153985990171197,22.208035542960676,0.22823784875546285,0.76668098793986,-2.7111407710107533,0.4884399413033603,-2.473862854726121,-2.0998000855447567,-2.941772617955185,0.8145869088398224,0.11989284290906232,9.220200069571064,0.728272535184789,0.18178395991015553,0.156958083943543
216,0.0433555617896931,-1.255884305132299,0.7384338693162584,24.341445684607073,0.5211299431974482,0.7796427262979821,-0.27746886789273306,0.7237866614331703,-2.6097925891899703,-1.5214556145117504,-2.3522986509339177,0.571598446924391,0.062346273679850746,8.799235934804585,0.4709559609559868,0.5055363837483567,0.32493155090194087
217,0.011242788465739565,-1.7181248611473396,1.2694898170918596,28.727182823937643,0.4707624265482542,0.7493720742375924,-2.665699229115444,1.366802354020734,-2.332754784398253,-3.4157708009921217,-2.091589094745201,0.5874694305175132,0.13646328101767236,12.288457594749456,0.5809470825409607,0.12062459028697525,0.784488112120876
218,0.03300030848098707,-1.5203185257836647,1.170948678411239,18.01772032878545,0.24188733689071135,0.8918624415851022,-0.8475038874982754,0.5489825557250734,-1.9969998427802937,-3.1071215780455894,-2.6505219096028894,0.7602312312139015,0.24005443064344384,13.246074346930527,0.17008513892826238,0.0750171298532904,0.25701638301818996
219,0.03073529605956928,-1.1033557210490739,2.1889958488925134,14.069207593242094,0.20125179883457098,0.5814355707351712,-0.5966737391077355,0.3202548860287813,-2.512023358440315,-1.4528744451755915,-1.7418227288288395,0.6349714935668618,0.14502086441464684,3.635615909949518,0.40382579134464613,0.4694890502221545,0.12693309687026644
220,0.013968320941995644,-1.1257769778479436,0.5844229907888551,27.3659495675501,0.40151643836326956,0.7074244707908557,-2.741678353512587,1.1284944209969965,-1.558813783593937,-3.8867503149561258,-3.0626857277327106,0.7570698803405894,0.2346243853434848,11.284109807067198,0.9806061922384208,0.7421352471704189,0.19773048532558768
221,0.02550827798817951,-1.3042492965037713,0.2443420514915659,28.33412157169619,0.32278846757467966,0.9123674146468738,-2.4286972050016864,0.8797663424817814,-3.016471072644946,-3.1854761811901575,-0.707380668745996,0.6868942754612632,0.23197446122837473,6.725938876133471,0.8261162184497548,1.0228787775547592,0.0036107476974513676
222,0.041181136234949726,-1.1646224145701187,0.02529421739771444,10.928116066154429,0.15706996486141617,0.7340572504892114,-0.02718823066654874,0.9926555368616325,-3.830176521220712,-1.6122221040529867,-1.0269551858058588,0.7717508320702933,0.21586647832956418,10.1844584300114,0.17395298732333364,0.5980180835317795,0.37805679584279983
223,0.005551284405704828,-2.11476790831131,0.8277523110313113,11.762511367038817,0.17057818322282636,0.6910266322533563,-2.57904498712515,0.7583388743450448,-1.5404344177589304,-1.5381063068548202,-2.2364415932192916,0.822635547552431,0.07151816095293295,4.94579373956848,0.5195276571740044,0.5908113520306937,0.08359752403479791
224,0.0293096474540903,-1.2034867329784211,1.5383743230690283,11.92416291016712,0.10239321363512474,0.8209076074086287,-3.3829986334575084,1.006438965484211,-2.9680672392839713,-3.50834141737809,-2.3892596660892504,0.6843522314548182,0.2885262358395009,5.742797409182395,0.509384965602001,0.09143719251520917,0.4345571897841535
225,0.04481825255906322,-1.3182088056521004,0.8878166219859621,29.13762621423535,0.5139593962581379,0.7542861313480137,-0.008096867101032856,0.9583450307000572,-1.8130149399037703,-3.327899368659364,-0.9579680430296973,0.8058668090621558,0.06080004839576128,10.502215479017167,0.9721510613774159,0.3600424933377572,0.12020902008661322
226,0.04135210579262881,-1.5075321410065166,1.6121234700891387,23.699443722486976,0.33211280147414113,0.6849418260031481,-1.124527542215234,1.2708667766432526,-3.8526626993622104,-3.6978857224614243,-1.0024884673636443,0.6883772126170837,0.15783011286588472,13.387138098148148,0.33758712440236993,0.8260189814023485,0.6697894535944602
227,0.03858778362781388,-1.0851916544659987,0.5063521275449475,20.754939333878966,0.4110938165383382,0.7745761207788413,-2.051518644121187,0.8737447764079291,-2.027738093580677,-3.0420177608368544,-2.8062602048131704,0.8190676003615768,0.14316359220909985,3.51183407509457,0.28864036259813,0.5566337417537266,0.08120684420976869
228,0.040849710543819,-1.9056802560772257,1.7728371700197796,14.63876092496303,0.4471375373567156,0.8571281011334424,-2.069628208099946,0.7021454969804,-3.081323569618572,-1.8271792801232127,-1.7577827230207572,0.7811757098563402,0.1292258916523947,11.34895986162244,0.7085726257831473,0.20630724712300694,0.2366599995473587
229,0.009721524805888344,-2.085124730782412,2.0905931377842153,12.645929077659694,0.26766655573930354,0.7787997562473622,-3.0669258107514654,0.3714265997191618,-3.3957809986467815,-2.5192265106476492,-1.1403911706883045,0.7653965708607678,0.26527625475806305,12.104774101599851,0.3073563003529849,0.34955273653910063,0.6144649156675147
230,0.0343233041069881,-2.200169758030003,1.4439861736203903,12.30757507091569,0.4876734788682655,0.5910426329820726,-1.4802925756914145,1.0458205998652421,-2.84379163211553,-1.8758445934893722,-0.6493432111217534,0.6761553509271838,0.293878332610635,6.770005785140259,0.9513779400009207,1.0562788846644338,0.5847870836101765
231,0.020475702822810953,-1.6934869412444522,0.31537788711943016,19.49790478852186,0.4840231510268094,0.7917347505600534,-3.58649085585684,0.6180116373527736,-2.4069207458712922,-3.7706870506886534,-2.4115179084232174,0.6100860200156136,0.22325565148944376,12.57016821142699,0.9544430269131479,0.24465771524338298,0.4990476656051884
232,0.02777332783039317,-1.675709683658316,1.18038370850286,18.79392457030491,0.3852070899727339,0.6240570086358849,-2.404921653712394,0.8321638944639502,-3.0720252732623035,-3.467134741330262,-2.2802298455040693,0.6391411031870201,0.24084243505413144,5.902300296768294,0.18368199252244016,0.45264303083253254,0.33806382614064906
233,0.04668054078396426,-1.8628435694420342,1.5559807157209153,21.710342279791647,0.3681827352054976,0.938753048661832,-2.8708793917183946,1.294271638305682,-2.4329161552702487,-3.4963720518764694,-3.720932201174947,0.7932244649871742,0.12900251681223418,3.296690988516187,0.6063930741434737,0.135294930577467,0.017900052870145525
234,0.02922597737633552,-1.7874983005061984,2.2098113314202537,15.103932091739715,0.5390312549619111,0.9166486614856834,-1.2306191393863988,0.6237126605210656,-2.2350189674650895,-3.753753294545013,-2.1546293314493203,0.6946710240932377,0.18585031526572976,2.1116662565936526,0.37575795886475605,0.5407971232281051,0.631514553396548
235,0.007847881013763523,-1.3049482785604871,0.19607899807978696,22.644022502413044,0.43136607713060926,0.8379258500440119,-0.38281903861387034,1.4525925285770138,-1.4408457492458329,-1.9580600152945518,-2.111476039224634,0.6054221492808832,0.054039611242518014,9.272998259610567,0.8421633298688739,0.33227973227094854,0.7935921726503355
236,0.03951053476247974,-1.1502227382451475,1.530719056597273,21.163449077211116,0.49791565187599485,0.7948208423823308,-3.00036174491446,0.42111491941630447,-3.1467433384733385,-2.7402802424924166,-3.314714680854029,0.8067805684263597,0.08933627779309705,8.935634667384203,0.5840441129619007,0.6604017684349519,0.8934444549444697
237,0.027514222051494962,-1.1312971390835724,0.358013144481967,18.69064166600549,0.5124231008443317,0.6753139702770352,-1.765531521956138,1.4787466983556221,-2.177488270634788,-2.092022285561315,-2.9123153538888475,0.8248172121404489,0.27937208286379533,14.08413778309785,0.38222604934102467,0.26190711927543736,0.33212546349886124
238,0.015013776559045282,-1.3515921669739523,0.6035326957757604,13.352165364488293,0.3200839949284987,0.6204964438548145,-0.7112992311094919,0.8262056087679315,-1.401012292379801,-2.1233527532235206,-1.0129901696464714,0.7682210097099044,0.08217073719732802,2.788663283668367,0.4870995403657533,0.235455837756021,0.720321950963086
239,0.049462079456723915,-1.3593329886652636,0.18582520209198014,15.781245655075075,0.19550797529489997,0.7221348654888047,-3.405820397055923,1.4104285686455953,-2.130551306581286,-3.229771809604426,-1.2724083514256024,0.5709660831168031,0.2921611682135817,11.37520094218145,0.6712780473755425,0.15689559955576982,0.27045636303755893
240,0.022794579343072816,-1.8318560769123424,2.1588326237648627,27.04602319799819,0.2874330967461116,0.7731151646970955,-2.093444469724514,0.7295319083593578,-3.5155034886250585,-3.1373232684581223,-1.99715966360756,0.6167743848935849,0.1559700657659026,13.735253603961569,0.2703421847472307,0.08670538476003584,0.27308188975480296
241,0.03610673057093,-2.2803976333832328,0.9524628442583747,17.0469973239669,0.5655687350179888,0.5246604157313335,-0.9559137390555508,1.3083703392536252,-2.486645145757509,-1.3548292634643793,-1.063269345388313,0.7052654523843618,0.1279011828397072,11.7360630320105,0.64951677799042,0.19126543217185676,0.3069564311959506
242,0.04628482139365493,-1.7733673851124925,0.10292934271101331,29.542321103014142,0.5728033591589725,0.716774675026354,-1.0556078326099003,0.612807152632113,-2.9992930910447,-2.3538582840616,-3.3677918033562664,0.6828220067945356,0.052901024513986414,8.045898153433829,0.3256047034275996,0.9524652956392979,0.4467493378357723
243,0.036255977564580454,-1.6195262284230743,1.262504904982635,10.299379979118346,0.2782993858771927,0.7092454312927585,-0.9891676762312227,1.0691629039554311,-1.2201823679768249,-3.2836694683545304,-1.4351460581092987,0.7389609358361701,0.05801416838152555,11.512775304721318,0.6782343733012028,0.9117337938497673,0.11700907997269044
244,0.025784736837372677,-2.0120095545022667,0.6121039722208388,12.564144640066798,0.1426032886978821,0.8337890232904563,-0.5161375976332501,0.5239747014110411,-2.7557550392012518,-1.3129365065020013,-2.8627640973458703,0.8087580649788875,0.22623018135885842,5.02119002861879,0.7754199805058122,0.046155046561199536,0.2973706864266115
245,0.044112668040777826,-1.2127623480920755,1.2249433822335942,12.764234234029448,0.11923408808123043,0.8765569784542717,-3.9082001657741303,1.1840173207974984,-1.8385146430394919,-2.8449524119660046,-1.514808735737489,0.6041196129198101,0.17834512233296473,3.2283272213441183,0.9373035493229892,0.4990418847372157,0.8273268853839676
246,0.049595086443451654,-1.4109699509159173,1.0060854057103334,29.479544370187302,0.24149310885398795,0.6407991265345196,-3.626049051164972,0.6060270205010215,-1.6018826137501434,-1.6528201947222785,-3.487466938954166,0.8021914674795214,0.2989335035094406,3.407503899353017,0.22864756094226837,0.9781874998115437,0.4667737551725585
247,0.00933464566229744,-1.543431824761848,1.6363226443109664,20.25961236482102,0.26897595417526976,0.5213807280490773,-3.100292330217411,1.2552397564535673,-1.3670120859960662,-3.293222759900739,-3.642222856982076,0.8478508507228171,0.2138694226669538,2.327194662555231,0.45065954520069484,0.924417971045976,0.3292980164897019
248,0.04899815215086277,-1.7099078134575696,0.030886150414832513,17.821031534760948,0.34969711738698017,0.8614788580318071,-3.4339015898545706,0.4833887469437912,-2.460674293685218,-1.7354073482486125,-3.057225062441638,0.6816274660714663,0.1270361171660938,10.395582838351583,0.7990713974069258,0.8384874220309558,0.8071534245454601
249,0.037134050446071286,-1.1461477488284826,0.4668731561220511,22.907712889393068,0.1452197419557849,0.6041945000923722,-1.886316294181654,0.7408679486581726,-2.7730904139065267,-2.444948404338211,-2.829408196267603,0.7241623265000643,0.27644721470105366,10.80297211142416,0.3999376395265726,0.9477516855902687,0.8985751670380839
250,0.0400489612682161,-1.4763872172013084,1.3494165255013508,23.09794957320426,0.31025636411775837,0.9498940239263433,-2.2172105098016894,0.33813932745665265,-1.8535093636588842,-2.813267832160731,-2.5057318574890557,0.7496310386273117,0.1447640541030104,6.817932250548901,0.19394239809229355,0.8733534754187067,0.22167236428194392
251,0.03412767458661119,-1.9968820292463736,1.8439336569602607,21.066782936585646,0.5475358125650978,0.5467896155332701,-2.527981584203186,1.0511535896741853,-1.4119697131999773,-1.7853437772008829,-3.105448735722163,0.7678293795052731,0.2777499915382772,5.986348247307215,0.13493390670303929,0.4884594415892834,0.21645915550802566
252,0.02421550896317789,-1.493117620871947,2.06534366017988,29.45224071275447,0.34500953554347363,0.5980928769300566,-0.7835044649770726,0.44773889106208536,-3.7863236350921174,-1.6335588664083822,-2.957528876167882,0.7840298768012678,0.10629597020059844,10.771130866174532,0.13140087818564095,0.47354561483835644,0.7254830043441098
253,0.04149292089724039,-1.7972927990270793,1.9314828428160986,25.86585230247231,0.24479062492408057,0.6641697287225196,-0.46089183191030925,1.03224006962518,-2.7080911006374793,-2.6980975748188127,-3.6376375231635976,0.5916983118171094,0.19098355121643135,6.636534018789223,0.8121409679135929,0.12841035566330888,0.19917759843876928
254,0.007271954871177896,-1.8950068237598294,1.3291730862353621,16.02994455566465,0.318969099605828,0.8539116269909962,-2.7801645834410813,0.8217961423379456,-2.161347996103597,-2.691066498174099,-3.547415292438081,0.8709262439118228,0.16741519295068352,11.189278789252345,0.3487971399771121,0.41939869737498275,0.8282038828237371
255,0.034839453329215335,-1.4382547754426303,0.4449749704948551,24.76591531737093,0.47198067209233885,0.8478088599933911,-2.3227585771562715,1.4297258125798007,-3.7787354428693556,-3.3047898113526673,-1.3945659430452788,0.7521062943589663,0.1176023538613509,10.037484604171894,0.6315030420873474,0.7317383934935254,0.3846333522587696
256,0.0397016070334813,-1.6263100372493093,0.7606783162930646,24.420563056859507,0.5084129987909851,0.5955291700155302,-3.879242317006787,0.7490332385398195,-1.5130766860521887,-1.3442664937352817,-3.7947890293306688,0.6176913899031451,0.09521274725479802,14.431547663154573,0.4615739996458501,0.42630268985589254,0.628738471130637
257,0.028935205091452844,-1.4811233835805635,0.22934647420790572,21.632530537769103,0.19972394486497944,0.8891141938871214,-2.6102281979616997,0.8291056203055887,-1.702211088249705,-2.277229833584145,-2.744575715040369,0.84922433638178,0.09973324602842788,14.860246683883103,0.6835851916625045,0.8098895835813863,0.8493548472412318
258,0.04380451270727782,-1.5390437845381624,2.1282015706430553,19.561200084969602,0.46633163975220404,0.7508595563178688,-1.3629348678847042,0.6493864192019704,-2.8501002868052385,-1.7134391693289768,-1.3178202676686888,0.8769507314877472,0.09486915722987352,11.889606887560788,0.6106059764353462,0.12177530940291106,0.0640810281622396
259,0.044259030018109,-1.9328877996101475,2.021703909805928,24.005385193375396,0.3127073233797855,0.6441874650218391,-3.7837533690303813,0.8625148780499656,-3.551421586314247,-2.907719924596519,-2.9613957377764795,0.8530334766484102,0.226853972289839,2.8434956089116827,0.5469580818417447,0.8495853178253276,0.37106518561550217
260,0.009454256672937622,-1.7228912092656539,1.7759562977349401,23.984770901885504,0.4673463214171918,0.6674311010741206,-0.40667756222657836,1.087447581048525,-2.226143148087542,-1.3667251058790821,-2.010845807085663,0.6632810528614546,0.26264053156176415,8.57054650387548,0.9622724991442546,0.9024464200626156,0.425071126453541
261,0.02746455648477246,-1.9781043987528673,0.9187177483942004,20.46394200068189,0.4294755202278514,0.887183129335118,-2.215665348584409,1.1035614586169258,-1.5511273148847038,-3.852277540634543,-1.7748166790418143,0.6146861605552649,0.23414978436665185,4.000169502590083,0.21407900778048,0.023241491549115638,0.41947651577885464
262,0.0350708030213254,-1.8696898150874792,1.6797436708285118,13.694395777153597,0.10825843099415133,0.5827632461484622,-3.552389579093462,0.582340983103352,-1.6402141535325914,-2.774365283605642,-2.4741658707970737,0.5579901408749456,0.08652872374871248,5.1347971424098,0.4750243140438112,0.6473189305945862,0.030831297410195902
263,0.02625820751611878,-2.1507832103036972,0.07644199548978935,23.633623068361587,0.2389090500562017,0.809695520334166,-3.458721713118737,0.7086860122069283,-3.4784654004959696,-2.607277161826359,-0.7334444144036283,0.5665778511869302,0.2672987591161485,8.592540483449753,0.9931593972840701,0.8797107477144844,0.460857283417583
264,0.03255674199448788,-1.6867836928446334,0.15715203053441004,13.143304587700909,0.4550064545706023,0.8973391837312097,-1.8291496579298405,0.4865696071591077,-1.235376423305563,-2.9506102082992767,-3.751670097701613,0.8536010141467507,0.17831762368413506,7.873615723708062,0.9231457784852678,0.10817524136804775,0.7448507651334473
265,0.03209037888744641,-2.212434832006481,1.1652023408344816,10.016246192368603,0.3644643321997625,0.7676165190641471,-3.227624102244188,0.6644902916831344,-2.793796997508461,-3.2179882203535097,-2.4529129528876954,0.6159969158705199,0.14391788145937323,12.19359522642954,0.7052642024706721,0.8309728498449422,0.7226058084117554
266,0.008933993106779227,-1.750745351978889,0.07879949035689691,17.22947422143335,0.2921263471637514,0.8319779156970442,-2.258989425323649,1.2417969644311873,-1.716431671059091,-1.2519695699181885,-2.9330900705937575,0.8177716061678948,0.06291403429087915,12.352764281696107,0.10100134850408386,0.8427612808905075,0.7539807286483372
267,0.01844508415066753,-1.885200666112908,1.1971168152271487,22.000689433555216,0.47417754748615604,0.7004667214720471,-0.5643077156027743,0.9200799494202201,-3.6073876752714296,-3.1151856283245545,-3.144301989892993,0.5989177622437503,0.24859726948790173,13.223262663269372,0.8209727544653184,0.31768067435226804,0.8223828307105423
268,0.025134537474897408,-1.9381317380154377,0.5831336395339966,17.886417558690418,0.1166830906432404,0.7186360619472115,-0.6947001563040431,0.7807458938016778,-3.5072633505967756,-2.040404511848264,-3.4444153511229136,0.8649566458945441,0.15870519825477897,12.15837865213011,0.3120896713078246,0.24947161631730225,0.06669756680607278
269,0.008245370793574121,-2.189204484947077,1.518242924144576,23.21190839091149,0.32653488470438674,0.638766156399215,-1.9700338970138394,0.9492883856597538,-1.265270436752743,-2.267783914797425,-3.8664612710602912,0.6892159816573171,0.19435911507179998,11.814750474606075,0.2742617892964566,1.0376621637070857,0.25386277170915517
270,0.010214682197447918,-1.3442077994700508,1.7520383870913665,11.453151883029154,0.5796477670112301,0.5930329358893915,-2.1833601587870057,1.3392727381883047,-2.0915946061268516,-3.6086976978306446,-1.22080386913037,0.5757564828977777,0.050011174936731594,3.098426387113852,0.6799002329176068,0.8594010745210842,0.6937629346351715
271,0.013217330249716955,-2.181928905166231,0.6372538102567794,17.675724088211965,0.5028272581091031,0.7524872439254284,-0.8276147863337697,1.1787074871754182,-1.2516956375413746,-2.1530182718796627,-2.512422551751576,0.7023123038615297,0.11123984464975005,6.584001189409225,0.6161841679876803,0.7080973995529644,0.5684069037190626
272,0.03498360932509509,-1.6328699153179187,0.9452153113686135,16.51127194801237,0.3630080947181067,0.9256024680412915,-1.333646898572245,0.43421120414030584,-1.315237231703553,-1.3779313964195783,-3.613267635516256,0.8381047955663828,0.21138303018488358,5.35011074814258,0.126472450752157,0.5301868926417989,0.5247271230443079
273,0.04534986108399029,-1.8995034621644162,1.1509935267378542,22.11513734588167,0.19667532762568005,0.6696224056829145,-0.04192483508567646,0.9627599902723443,-3.8801014537043312,-1.500453873359652,-2.9801249207491765,0.7540193849906727,0.17489629262637638,13.508608268997923,0.8923897138311587,0.6632612237264662,0.491414764995838
274,0.025313855406805173,-1.5808085282352886,2.2128907358473353,26.40557111680474,0.215908717845874,0.8673753758379619,-3.4762139172807234,0.5543659333194566,-1.7980368629958536,-3.454726704220703,-2.7201855907990877,0.6091806828577595,0.21070206863675944,14.206719183649529,0.7868952526245317,0.9987072484368253,0.09877578160658106
275,0.040978657553216516,-2.0859045581678304,1.004446062613487,14.394829888382569,0.5985422743135952,0.5630838273267552,-1.50021597973653,1.1689597128738258,-2.5195178813118053,-2.6301846787954126,-2.5214760015593383,0.5788335728430279,0.08378909823265848,5.429548408990202,0.2928142190723863,0.6098337349664037,0.316900484827495
276,0.012990947638809744,-1.6421891184110593,1.232650927431536,11.355427636945269,0.10433297996470567,0.7107822598427878,-0.971810546279515,0.8408970967439109,-2.1515873249643658,-1.2892255299459876,-3.156303193200108,0.8517308104924489,0.10988842577552069,11.477132654694564,0.6037406577601936,0.3646371299034389,0.839422011168704
277,0.03014803898810384,-1.1825881806333982,1.893907495424426,16.892540358577193,0.12016469763458565,0.7691496062194556,-1.1761339721599362,0.982620935224136,-3.863191166240233,-1.5515655911285737,-2.3151451873736266,0.787478737597861,0.1637141110875748,5.671748915706838,0.9351626634539805,0.9775080077563889,0.8725023980362286
278,0.010279358475083364,-1.6564069672610102,1.4306331373214813,27.839331352419315,0.3044725664293079,0.9066258024681348,-2.0256880452645865,0.8390532963940518,-3.1980843971698305,-1.4724845063094931,-2.7633456803331744,0.7949422092342553,0.09072399586607019,4.442338601568248,0.9603717014904212,0.5960863812969935,0.7459243730290416
279,0.03405711125767446,-1.183749114208685,0.05344735997391297,12.170454800850315,0.2289714523705256,0.6156966721499123,-2.1139373207394327,1.0272133086948467,-1.6600969266793446,-2.290479630512128,-1.8087513125167103,0.6235885212428518,0.2287125902884461,13.94201144020681,0.7510316802799007,0.13891873411007605,0.41559247784320497
280,0.019624750723690177,-1.8202870361261685,1.0674633722898599,13.83284506802713,0.12593598818244975,0.9060912671118242,-1.8994021404507757,0.4537214196360809,-1.2239613330120571,-2.726884669567495,-0.9035968821301563,0.6428697771350924,0.19249633256508036,14.937314816825698,0.8079818256486092,0.007049434384535836,0.48737317745722797
281,0.0261377120173722,-1.1762495661720238,2.0058932323686998,13.779425643826038,0.5933372523431308,0.5556255469491276,-0.21627371299631282,0.3241322114454603,-1.9429818066526936,-2.1366153506979524,-1.6757311494949536,0.7738403629186621,0.19692954047968436,11.252053120851901,0.13894952218224152,0.01730596396847738,0.6629199055912031
282,0.013652625277236728,-1.0714592387138344,0.39000010876450525,22.168052449023868,0.43526225126554907,0.6803629973523,-2.2485897734569877,0.8911650924662522,-3.1271042673151235,-3.6724745744279845,-3.3997434461800253,0.5514820376741401,0.26799283269364393,10.077562884216904,0.5696912604371613,0.5471857636222139,0.8108638313979707
283,0.04509785500998123,-2.166901295919408,0.6835560716892575,10.371464787894555,0.22330680616160048,0.9181454396968864,-0.2934096388833587,1.1618377125924453,-2.689359866727752,-1.436093797595848,-1.9084303253926382,0.784890945707785,0.23024663977240067,14.592177834053098,0.548793492702561,0.969785625095932,0.35608894277766817
284,0.04688197755624395,-1.4628537866095472,0.878101469363273,20.180041977109713,0.39052951713556716,0.758389780686956,-2.3906661134221263,0.9166938085540417,-3.3349708692364834,-3.8940664094444957,-2.3942156678520403,0.7189846569275347,0.28426755913921026,13.898250792903745,0.4651752049240888,0.5221005669478496,0.12402043652097951
285,0.0315047807498018,-1.0503979761327336,1.959838275471568,14.057559706481356,0.2720409592455455,0.5161974679800794,-0.30945890167954326,1.0887776555772182,-2.577182869970966,-3.3982765068695833,-0.9977588719361759,0.6532931120587887,0.06780813708752251,7.242325380928056,0.3781638694583309,0.5657655622319802,0.3393750944764317
286,0.03660928408736534,-2.2598875540792753,0.9696783506441581,26.392315282146285,0.14117770804534668,0.910643203945342,-0.018810670361838255,1.4854586630278097,-3.058386183266001,-3.3635935222811684,-2.536758807033711,0.8631514503895032,0.2537339050771536,13.329308484110673,0.9453342980611186,1.0887964403259636,0.0018707586085457
287,0.0467954798270405,-1.877270955276399,0.7782980357863818,16.293155705963564,0.2044328322605558,0.8017102249147017,-1.1585515840919087,0.3875637827740703,-2.988533099202662,-2.5254456498313047,-3.095732401003168,0.8857374724320346,0.10143289649548792,13.074175393902586,0.459193854553958,0.012114055795611336,0.8170842149873287
288,0.02146686817477257,-1.6115041393681389,1.1291202810048373,10.213840290209996,0.442501951792622,0.576067261095287,-1.136832404868434,0.9844864684912524,-1.2735712014384335,-3.0054775942175747,-0.9176024210104443,0.6723580279980635,0.05859792559499828,5.11060913312876,0.49263826767695207,0.554925148822502,0.16985772144605346
289,0.043108823958601224,-1.4061245308347674,0.11654993231321473,25.616744866635443,0.5922201268832358,0.5256193992905599,-2.509014091466346,0.45844131525606857,-1.9997870423252404,-1.4050524108867677,-0.7248717779283949,0.6521132208449367,0.10304887223150774,9.833968477613105,0.5245451192492693,0.48442699003334455,0.06021040463884851
290,0.018536342521878104,-1.4157533013696226,0.016981084875593414,29.049939358075004,0.13728161975877826,0.6302693970807667,-2.1693966702153524,0.43710255962062877,-3.63789311697625,-3.6429137729013568,-1.4275429017055323,0.8019377571872639,0.07783732025956946,3.0407011116566305,0.8244054858044718,0.82102712349909,0.7373233276800817
291,0.023932536752761555,-2.109056574780224,1.951892694798389,25.384812589927574,0.3554302984773785,0.5866431351700034,-2.7772838815572474,0.6990888512361552,-2.5962417481035382,-3.1615200488415516,-2.3615643440607244,0.8995789467409269,0.23523779986568416,9.793120894858227,0.36052278473551747,0.6317520219969501,0.24359987157547047
292,0.019514651306664646,-1.079091841025643,0.35021974190442656,15.378783296358773,0.46161474031528893,0.6340681502326795,-1.9641831343422993,0.6717167981129053,-1.4054250339674144,-2.53879607352083,-2.6375055420294125,0.6323526961553194,0.1654457483929466,13.820974533574448,0.4275643554978763,0.300602277193814,0.3118117078709107
293,0.04021640984124616,-1.7276117404871454,1.4186946486567558,13.912853257757845,0.5644453243797957,0.886050341394403,-3.053850947592329,0.532322412302529,-2.3964455546132353,-2.8559455136621663,-1.268781838174875,0.7883456018909396,0.08053720010803667,6.264195012743895,0.7803293676974823,0.9222176726902578,0.6185843632819845
294,0.04274702182554186,-1.8040490303439523,1.0882159204824515,21.355804819962625,0.10038856413282865,0.7367500457854572,-3.273631163253914,0.6302416504987947,-3.6301513042496762,-1.977128176186895,-1.4711183515304302,0.7093633541033411,0.2239708787122891,8.260289583457666,0.7983869029187524,0.2719935929307234,0.8973633221097195
295,0.007056310509992849,-2.2337104599132003,0.09604305056650558,18.093276708239532,0.41593759233250016,0.6606207900372348,-2.918889905700065,0.39648354619505344,-2.4463316044219,-1.8686637976416351,-2.082283102557138,0.7781593018198416,0.264731578332444,4.271013208210549,0.5079234044885846,0.32955638084312694,0.4372183795918875
296,0.03109303639328336,-1.1689381479928578,0.8549115625333051,28.32012191802517,0.3001737819362248,0.8942148563423774,-1.7589044190219867,0.5409480389226679,-1.5852729791592628,-2.803083165542237,-2.8952490238157704,0.6510357243393514,0.10896184610291756,9.02004803288731,0.8523110429912812,0.6890839230998456,0.008676913595622565
297,0.014152963306208608,-1.9736326027471456,1.7390528077650582,26.09609572888214,0.2547995238080732,0.7642747698987813,-2.807198407633857,1.0418029203935932,-3.140676734284114,-3.6647115904576837,-3.67456825135208,0.7668032781111965,0.27486567313089716,6.53691111209198,0.48656525752942503,0.6228328909001967,0.6215109796448351
298,0.039256463727844595,-2.061877078910987,1.8783242251239982,10.499788188651186,0.1845094617086086,0.7274845311114053,-0.24062528644527337,1.2979770652512626,-1.2128580435177816,-1.9010549185414458,-0.6070565647913564,0.7434922363039291,0.23887500063941003,9.985583202189389,0.44447661356871826,0.11139433752734551,0.4416011227863155
299,0.026742263068339333,-2.1018635485042823,0.32686267524496687,20.547738230949925,0.24763947751878035,0.7955939595176318,-1.4903564974982966,0.8983510774012491,-3.5036387827872852,-2.1729462705265865,-1.8187487877932011,0.7215060396310168,0.27203698789525804,6.216793513674293,0.22106961329753916,0.575570579891367,0.550196467060357
