draw_idx,hiv.beta_m2f,log_syph.beta_m2f,log_syph.rel_trans_primary,syph.time_to_undetectable,syph.p_symp_primary_f,syph.p_symp_primary_m,log_syph.rel_init_prev,syph_symp_test.rel_test,log_ng.beta_m2f,log_ct.beta_m2f,log_tv.beta_m2f,structuredsexual.prop_f0,structuredsexual.m2_conc,structuredsexual.dur_sw,log_hiv_syph.rel_sus_syph_hiv,log_hiv_syph.rel_trans_syph_hiv,pn.p_notify_stable,pn.p_notify_casual
3,0.0220885061650736,-1.5966151722082442,1.473882369632566,29.409722408582414,0.2215978335652287,0.9460038902299936,-0.2410425557386104,0.5330172609608643,-2.3981100790172523,-1.3406272772144217,-1.469952822600066,0.7599454667886092,6.068966295213082,6.450534509407817,0.1571614926111018,0.8132986400735497,0.2824645521897025,0.1054021560811699
6,0.0222170429313011,-1.5860871316321266,2.295734193737678,26.70511850031775,0.2074646660728726,0.7538524751520266,-0.7600343788610218,1.2667042627910363,-3.6066205144444687,-3.597571579920025,-1.6724785904408035,0.8452679953764141,5.946099745791567,8.360294553562891,0.1866177762569839,0.5686595934230181,0.1003333255976274,0.0551650537082078
15,0.0396252624591656,-1.109966371362173,1.8681028878466368,12.842100494870634,0.2355399399420632,0.8397878611028424,-1.5500381266617609,0.8637750970267586,-3.0647345102006582,-3.098019185218892,-3.650975897638901,0.6356348172816992,5.584785075062701,12.49345092790239,0.5135977699293,0.6353901058500511,0.198465704196671,0.1629665513273166
23,0.0259726229558951,-1.073016387404927,2.216201610286729,20.788492664871264,0.3018516704802435,0.9400801717062466,-1.3835460319043933,1.3855623887906967,-2.620125989640491,-2.24665439120158,-3.0779886682187807,0.7074870482744726,6.160375612354427,8.433583072598704,0.8265815170960827,0.1510320232144955,0.3576979229889752,0.1571883543277245
39,0.0291720369724416,-1.096021443108003,0.6378908599638601,29.81756206903513,0.5597135211062114,0.7021685966076655,-1.1963096418191208,0.8552243597144462,-3.3861816949776644,-3.0423949696290595,-3.880563664323677,0.7128307219818671,6.067169202760799,10.525125051717128,0.2732424060065087,0.5717438964684458,0.2009749202049217,0.0374954768784148
45,0.0442675304274111,-1.125704568538315,1.403564664790986,24.316134847765724,0.5876320081350463,0.8516763521490145,-3.005488496813176,1.0237522322744184,-2.2449106502678893,-1.578444323505734,-2.276300023504711,0.6673718745236786,5.231301514034199,3.8722339578782106,0.7905052049815179,0.2899810321600802,0.3560268810149031,0.1462774077686534
50,0.0272017541818395,-1.328092861293838,1.2200036815738275,10.713954469853975,0.1765451079982733,0.9181923867715897,-0.2812408790775111,1.4754267075921408,-3.412828399741616,-1.656379069785434,-2.815031455985194,0.594434658309192,6.618970258151784,6.082674434631442,1.014958668192776,0.4115100038816149,0.2666857223356623,0.1214897214733357
59,0.0228103149568042,-1.132521194511752,1.689516285001008,17.9027561107479,0.1015115772353999,0.846748186031954,-0.4416347212191711,1.4991634050228275,-1.3881786769912727,-3.6749735285046143,-3.2187901000677748,0.8882928051128616,5.462645002965834,2.2348005915900937,0.9461278225153298,0.0852764494025253,0.2179097129609948,0.0804575021611559
61,0.0429876806739299,-1.3756658180740748,1.598557320839206,28.388496189091125,0.2790377546980925,0.5828847743084634,-1.026411636512853,1.3495603381466743,-2.422524085089747,-2.2690506493928613,-3.16500928456244,0.6236453742121275,3.710469609925379,5.022362597274894,0.2213983726811116,0.6075779123336772,0.4639603309975811,0.1041987493867966
95,0.0301822362117012,-1.500927186179298,2.1587617795148617,18.884518055475212,0.4303515523062555,0.6927409399909864,-0.747396463907819,0.5246646006942381,-1.3289871111896625,-3.548916696294831,-3.097312704249058,0.8947169009963205,3.9719592648583055,6.686427599585779,0.0083377734355934,0.7751636118034796,0.4380852222786773,0.1311251548241558
99,0.0327469470593746,-1.8850053404370997,0.8031294730879733,13.20597053027187,0.3438933245916112,0.9438577366295416,-0.3259243094007056,0.9431385854082788,-2.4917396565679093,-2.797501231376389,-3.1345141711702844,0.6472716953500028,7.323758303938088,4.327391535778227,0.6963215748802137,0.2676913336972846,0.4319243434526808,0.0952315757156251
109,0.019569260709634,-1.4289357834045102,2.022563711370227,10.931104201506535,0.2897239937981287,0.8429242224281559,-2.2766334917933277,1.1917749210798034,-3.776028521507132,-3.3186948636879823,-2.899426626099721,0.8721068296412222,5.760216881382275,6.183610784991934,0.137564355910271,0.2640723815778532,0.3816717580167319,0.1298236855568431
113,0.0298867676772794,-1.310875627640144,1.6468161755612445,26.736402988518787,0.4838905490961467,0.6999722421736997,-2.36039053996946,0.9195826181319556,-2.483764728136049,-1.7112282915764627,-1.4775575878264058,0.7760089866648813,3.865592530539844,8.16625772759802,0.0321031927892803,0.3819886888277746,0.3503799439583837,0.0635505632103398
117,0.025175232937529,-1.2006940404857962,0.9393821817792776,12.538884847904782,0.5935984132295014,0.7654762458342729,-1.0405544119600107,0.9146788633159584,-2.556315989245028,-2.8926945335788234,-3.626301477395832,0.6102344874582787,4.550385977731223,3.751458639443116,0.1125262263149294,0.8589467962933233,0.240119645049177,0.1163081566216156
128,0.0273025209133505,-1.1136788945263754,2.1819673707401512,29.171436138939548,0.45734610544523,0.9025395144598818,-0.2126742533491517,1.331824595657493,-1.5551280486203107,-2.0081639190000797,-2.6459936853540125,0.8391035090461006,7.879497959446713,14.055977143826007,0.8498524013303246,0.7245372452950809,0.2955824613459174,0.1655272128774066
136,0.0329288825136833,-1.2198190895877887,0.675983131970319,14.357704474924413,0.3621573204404724,0.911853732451892,-0.5096610497869065,1.4492203668747836,-3.420821673478308,-3.074559219306006,-2.227717731941316,0.7014208829039639,7.575056334313762,6.647448133422414,1.061722642728365,0.0419551124243,0.0941929527562086,0.1868355195372997
137,0.0212963390732342,-1.175531069305808,1.197550158612725,17.605442705714403,0.2844429375052694,0.9074034274689896,-1.92998933789518,0.5138755883305982,-3.1258485869086274,-1.960701558068588,-2.6811025416600422,0.6385998956298177,6.540002919913466,5.05672680262701,1.0674927589897638,0.0599510965357062,0.0991690574505379,0.0939191770129845
153,0.045800872558555,-1.266514334964192,0.5510574465081226,20.566310143463525,0.3775760719376496,0.7349831873172645,-1.5745680848549757,1.1522167284551958,-3.073948005186562,-3.653631392398927,-3.4412254081396667,0.7133742750516623,7.658367870672079,4.8607454579794585,0.6115726627236575,0.156127010047219,0.4940446349891372,0.080855710370004
159,0.0114016115712318,-1.2325837312392984,1.117207730946554,15.293113661056498,0.3580487861970313,0.5878534464656313,-0.4187362121153986,0.7719982240820147,-3.12699469440051,-3.665312622042002,-3.0140197409166665,0.747300640159901,3.3967371211907373,3.050189126854659,0.8923687428177356,0.3311198764916062,0.2801155362642154,0.1012352270676923
167,0.0341735918820878,-1.060238315726396,1.7201758782812664,21.82627048694015,0.4758348057465399,0.6942046502241712,-1.4628960647386684,0.6493136881673127,-3.8245011592531513,-3.000876552955461,-2.2394470007727967,0.870038159326951,5.197421834584559,8.199134984461894,0.7381478848060797,0.5048917891410738,0.4035617331595079,0.0455028614186082
192,0.0060399968454559,-1.3754272969742989,0.8461482821256058,17.557141842945676,0.4164782815476227,0.6821266862627572,-0.5078184441029174,0.4243606826049519,-1.243293083977469,-3.1780322168290915,-2.210624095474647,0.822456523613791,7.871185411292435,3.6977655199797432,0.9617959607796152,0.4532171403013474,0.2914955364096092,0.0268609484313974
249,0.0261068199158089,-1.3441177077147748,2.2135250140405223,28.257891563444847,0.5099185718587764,0.8751030312352258,-1.0934216999975557,0.4212473864821451,-1.3581457302661717,-3.1974999849811043,-0.7237975028117676,0.8713540855220687,6.857819226675959,10.820426579464623,0.8561697241758552,0.0553073692112378,0.1759695735752921,0.1405988199684021
289,0.0173003792413064,-1.1592122469594126,0.558725138848783,20.390723147374587,0.1841000530552629,0.834605452273785,-1.5924822721637777,0.7123303356431068,-3.477259365866607,-3.522337909328482,-2.728451837075437,0.5558986164550813,6.7974304957908425,7.412630012734591,0.9282116393245996,0.291850323620222,0.1932750216327574,0.1857235731601962
298,0.0293653395450879,-1.4471274997840455,1.3212389155673414,23.05190858825052,0.2208849006333333,0.5195537602698015,-2.8536851773578817,1.3499016141410265,-2.6268625867899136,-1.8289533386503931,-3.481069577943297,0.6847752233521173,4.377784765579481,6.6149604624422,0.2278983345261431,0.4664430137680395,0.2652265318747634,0.0505425089084697
314,0.0168604357466223,-1.2524207986273093,1.8183950496623529,10.347523225522554,0.2217744836952874,0.6197134829400348,-1.4682247480503232,0.3359736592873897,-1.9893026575793853,-3.077796713647697,-3.217993385815297,0.8640739084800597,5.625647799817225,4.022602807916892,0.3795086837731708,0.8841298038342185,0.2758714041251864,0.135306156213471
323,0.0315828221192652,-1.0558119610185426,0.29526703885673,29.95555183062139,0.5401119489746943,0.8607866954091619,-0.052997647805308,0.7174651078971239,-2.481706369892239,-1.8757869512475052,-0.8929885079427282,0.8394549170738383,2.8313446517904843,4.571146919740928,0.194225643175199,0.7768091590990234,0.2906570394788263,0.188322739721657
350,0.0398737048227166,-1.7212515657881653,1.6596198625371783,17.356895529087392,0.5470674121874359,0.7168682230626038,-0.413986151376946,0.9531367466518303,-2.61338087296734,-3.315871917575339,-1.2398834085177106,0.675202372202904,6.609729628789706,3.519383152853928,0.3205254875281242,0.2610185758348738,0.0759733874022579,0.1383016198799787
356,0.0331221367563955,-1.4073038286667667,1.8224482450824564,23.102372079608173,0.2376955730585336,0.6407676329682427,-1.088013511428477,1.074552682339377,-3.853521681915128,-2.754180810968355,-1.1677927914659807,0.7927813556000853,5.388381794873288,10.553862168500736,0.9992650396038578,0.4947301024535762,0.4282639063635892,0.162513930449992
357,0.0419241080489933,-1.1552769091077677,0.8239767454589844,14.161391826604495,0.4452817209596951,0.9312942593061396,-1.2140382597542376,1.3627286875697844,-3.6609110621401455,-3.568899237530052,-0.5883335690757616,0.5621733308675869,6.940127549572457,6.958451188777774,1.046217235179952,0.2461487333921871,0.392660299106787,0.1944035279789878
360,0.0277576443500159,-1.5248221394215808,0.9236068922059824,21.30372592380529,0.5275146588424986,0.5986754347454387,-1.327158640384071,1.1730351840953548,-2.9344161589263877,-3.7940312538014136,-1.989432280049651,0.8992186145836109,7.587971483511003,4.668133375394683,0.0403926994758677,0.8667487100709088,0.4362430433394338,0.1277797538741598
387,0.0296575506286908,-1.248652990093687,2.257050869854339,23.092378996901072,0.4804068535576287,0.9036816412115952,-0.4445439645431674,1.2274900568305085,-2.6856343258691977,-1.7456684411906238,-1.1053385170570469,0.6492908527400925,6.802510494032317,5.306610096586577,0.2130381292473614,0.78033593133363,0.3772953506221527,0.0473330916821915
388,0.018483042339881,-1.476349280292052,2.0396323875102698,23.982186508138614,0.1135767064664895,0.8964460514646064,-1.33815600653266,1.1183501150665898,-3.4921295979583937,-1.5084875282982906,-2.0219183407619776,0.7793222457580932,2.848159174312963,5.71702451836455,0.477147158750227,0.2812671607868424,0.0959645907129707,0.0590205909736589
406,0.0306786567972371,-1.112017038875245,1.3073938560358105,24.338631845766105,0.5205450141674381,0.8976459979151772,-1.298504603508941,0.5584978894272921,-3.1180863480894483,-2.9905860430208766,-2.5753657288419607,0.8670062778825058,2.5666188789338538,2.1153285377338045,0.1486940502394565,0.4544128814626655,0.3500157957789644,0.0564924721709119
448,0.0155880301207945,-1.600259673651776,1.6565608543541075,21.69774282519968,0.3676251048106912,0.7436946064730164,-0.8886257714095045,1.0971687739699765,-1.7211562663047344,-2.3405907615896564,-2.612240155928427,0.6742968833537514,4.998651312452047,9.81700718883565,0.8816349118996658,0.3838404239632678,0.0589579127697038,0.0562408799093243
461,0.0437473612663612,-1.211355622601291,2.027640497686612,22.436751918818192,0.2277672201799938,0.7495693410888347,-0.9037694605134576,1.1168503844285989,-2.9362123911544846,-1.8028291726229495,-3.876752363391388,0.8563924910747656,6.467169631927237,7.487949460642898,0.6758875266186021,0.0846903799572375,0.4713116260670759,0.0216856677174202
472,0.0076748907229191,-1.606925131120699,1.609808503598782,12.445549729315816,0.5902175076898505,0.8377424881510301,-1.16524227241236,0.8535789772488924,-2.3358390662404265,-1.470885651230926,-2.1049703218460154,0.8485835174646208,5.409688871578968,11.842869326402612,0.1427921885320696,0.7278562621428956,0.2170379071221806,0.0387204158418325
508,0.0214117384054958,-1.290333915059959,2.007696089320297,19.26249538805993,0.493800106399864,0.663514132278599,-2.0415583048740613,0.4526892431014113,-3.5013718603037423,-2.597575770509056,-1.0181422303342416,0.8262818408691452,4.403725903969734,11.415535553335683,0.2333513649556132,0.2122821512510113,0.4466587713924007,0.1608369725923081
515,0.0290393430158777,-1.5766547956190269,1.4604095777490158,25.26409724346638,0.3879528579565051,0.9232752625471268,-1.2108793027202345,1.4795831310024017,-1.6072460316447872,-1.2825999000087074,-3.4964710854691896,0.7235820914723015,5.936905474367264,11.852366360337948,0.5570569715393363,0.117875610743924,0.4314091029000537,0.0968245118214215
517,0.0270067610127222,-1.119444848994714,2.187087124644815,11.743252446977891,0.3409742132283427,0.651099810660589,-0.4800079978184115,1.4768705692001456,-1.3507432605806895,-3.329852563055696,-3.5386950725458517,0.7095726021029316,5.517766815605625,12.86073050686662,0.553929809773215,0.4361882039174468,0.395044850603398,0.1951890376046116
532,0.0351656519853842,-1.2471774839537522,1.0748124020344658,22.161019136370093,0.1558715458310052,0.6765217649870355,-0.7305823717407938,1.133889716673779,-3.4399786347814083,-2.3501111203147618,-3.812364249610066,0.5793899266205453,5.484335119206537,4.368867320959195,0.5785363633074307,0.7738636988985838,0.3604649071538139,0.0209589655418298
536,0.0385612669740554,-1.4121568678742795,2.258495406230228,14.290047622482092,0.3418979174069281,0.5831614254719065,-1.120933137952978,1.4257317630866029,-2.2465500980357804,-3.750328405525039,-0.5229826134320681,0.6891698061870379,4.296236377378904,5.345597453829323,0.6877445359977963,0.7334195470449313,0.4098315529468716,0.0814678494759051
574,0.0195279862347922,-1.271446568888564,1.9128689838405168,28.540657711919955,0.1312898165040617,0.9277163985767,-0.1030946080239707,1.3242518403417265,-2.880738107895037,-1.7897230854022617,-3.1406264759721783,0.6120042429927878,4.097890559245943,14.86217148132837,0.7619670058956846,0.7035216702097633,0.3322909238206403,0.1057448260431926
582,0.037278515912442,-1.6235462033529109,0.8105766799870726,20.95599674997336,0.2730470312660343,0.5539774775497397,-2.2513062632060814,1.0367417298115986,-2.414377667640545,-3.6671125498393855,-1.8257312821300984,0.8256055826304147,3.448482306038405,5.241500995389152,0.2519578589842917,0.1321554097455809,0.25178303452328,0.1751245529068451
588,0.0152649039210471,-1.2142904429753156,0.4308370046781798,24.833052251142853,0.4834775372584811,0.7118115786080387,-0.2607853148317121,0.7253356944699121,-1.641826769286848,-1.643747397489801,-1.723859609096884,0.7263320517277686,7.648724581129136,8.160536411201633,0.6331496990391325,0.747822434609557,0.1880830633368691,0.0404170582078519
596,0.023634191754622,-1.0744394712583747,1.345415499374124,17.151400850629237,0.4216018687998811,0.5492030906697487,-0.781790112511942,0.8074211575659296,-1.8865604070938036,-2.9725890967763924,-2.448970274931465,0.6544957108100808,2.834666631683687,7.003281299863313,0.0810057688785701,0.8402179209473916,0.277348197493952,0.0954116889420748
599,0.0115675172344537,-1.1497666839999217,0.8994569370381961,25.112890863366676,0.3105021148336683,0.8206072327161853,-2.035946316045296,1.1620037220850286,-2.830248335411718,-1.5249526526564074,-0.6872575586077603,0.5948580006350626,5.698773198400989,3.1727129831561243,0.6020241610457351,0.8001132648373275,0.1413248852896508,0.1317842905150422
610,0.0240641171840223,-1.050321537507771,1.853372878001433,10.668126084300276,0.456892945889629,0.5135243371111691,-2.80059201263965,0.8523266694976146,-2.6912864478251857,-3.2875712824385954,-1.6055172716713688,0.6004254758808846,6.389442106495916,12.595246162554467,0.7027899825301734,0.3221889203178303,0.0791866100717312,0.1807769327287967
648,0.037152798608304,-1.3739916147102922,2.0116052538880247,25.90067232951396,0.2425440748942743,0.9156477275605004,-1.372949635133466,1.0065527181244749,-3.40865719797556,-3.2694900730289054,-2.7973996474471967,0.8528794372466276,3.043941841208831,4.626671927042632,0.3180396378040907,0.0290125016230521,0.1871657795172013,0.1018176713257199
659,0.0236855611395491,-1.4311401642593833,1.8435569466775357,22.66398489577185,0.3313062415861949,0.8759877006981946,-1.5562730921694,0.5876692240219485,-3.007793516015501,-1.506480543276682,-1.81346071367218,0.8381261638145632,2.1264923466665144,5.884970915525371,0.0218447602548374,0.6953310466510727,0.3853650048935954,0.0976715319982791
673,0.0119283441699202,-1.1860742938766111,0.6669176476789391,23.1156506062013,0.3895391424864595,0.9168874865509212,-0.584069163019858,0.9397152290679888,-2.6146055180060865,-3.3516632757346825,-2.480490731349501,0.8510336989668812,5.135473641798424,9.118735101104331,0.2022807343917267,0.6472122729376356,0.1560837022135837,0.1513539820136034
691,0.0409441487569822,-1.317959091865114,0.6719383511548419,17.218646881186164,0.5245419819123166,0.6759692534047321,-0.2483198871057981,0.8885890248514072,-2.319905098632928,-3.150797840602612,-0.780068081179079,0.7224357801340768,7.670610239911069,6.946131011174523,0.2346168856052833,0.4411372699919849,0.1171011990754718,0.0785034811055458
705,0.0365911240714601,-1.3820430911343,0.686631286795612,17.5289817012492,0.4743905249744652,0.769311097781507,-1.2491326746221167,0.9537711515506356,-2.497715574481594,-1.359715365689103,-1.4202758656213654,0.6654099840582947,3.2958902645801107,9.079612027383014,0.9533129294162616,0.0322089279360244,0.229579868107632,0.0445714799748774
745,0.0460590796353632,-1.2205327246009037,2.165411210569063,13.3921428166692,0.3051458712309587,0.8248668107322354,-1.618956279541251,1.026804737658323,-1.7760751955729543,-2.907195525945998,-2.810213942214673,0.6338811142929605,5.206526290768899,6.346637207830325,1.07984462154962,0.8382860267289663,0.0776376157292808,0.1916435601799793
747,0.0290235822357034,-1.2160819503020033,0.6223211041468599,19.396075307850005,0.3406477542063433,0.6047000084191992,-0.4477157449925988,1.2480468965481126,-3.51721524199437,-1.4358117637962522,-3.785243679560637,0.6346121200878443,3.8947950127520414,6.386717396420646,0.9641123703015057,0.1844298318358493,0.1542282218202713,0.0588776572586131
780,0.0427040275030262,-1.4499758478807825,1.4330677775798824,28.17268211962071,0.3833781627825177,0.7335283744772202,-1.016256083593742,1.1829044555467418,-2.416805933229236,-2.049318307861022,-3.317681516234103,0.749946064348432,5.910702129362177,5.561077703046127,0.352020977666676,0.2231753631599555,0.1385872689280361,0.0612200526289744
802,0.0428921962848816,-1.2315775816450976,2.241216416646548,14.199808961950218,0.4423076772906471,0.9326222076773584,-0.7041459319551691,0.3578831050573804,-2.5122229330082675,-2.102427144880693,-3.0473447285640813,0.6681376856882393,7.158607508631375,6.815692874717046,0.0464795493643828,0.4907360636661002,0.2840118912736572,0.1409303519003136
812,0.0283756578445438,-1.2877103932356573,0.5033397890199761,29.633843041616817,0.3623985415993753,0.7426027372921431,-1.6408208427073867,0.5488899678828276,-1.5668067563127763,-1.8589474572585307,-0.6182798476170337,0.7211733866004727,4.862388254171334,7.764205426944894,0.6336293602489279,0.4189184809639198,0.2063870975999542,0.1727789677484963
829,0.0178887410688497,-1.2286482149083735,0.7193999541120675,25.45075792985035,0.308216855022336,0.6605437824437228,-1.927149824448803,0.966627540239726,-1.727431894101104,-3.245624196077765,-1.8657301537507776,0.8207730209597018,4.782427130168342,6.898792654120584,1.0951254119325522,0.1198039840295773,0.2290723097719489,0.1699065273637745
872,0.0135845352868703,-1.4883185943395163,1.1071452308467202,12.017589486293703,0.1707944665235392,0.7617447356808047,-1.9820742074989148,1.2555815603691831,-2.520499346423568,-3.8189902776161095,-0.8450237552896214,0.8926574138409297,4.218574487628964,10.299672841671825,1.0945490941944884,0.5859314593421798,0.1867458055841857,0.0828610355609849
887,0.0212898870672698,-1.2338500604540257,1.742194354038359,13.936256253063242,0.4642682097013899,0.9197931674966336,-2.2454383284300192,0.7534931790877788,-2.3510919687790217,-3.529914805982737,-3.2675227864276915,0.7962006363567107,3.768225153190076,9.968476798285284,0.1101546606804025,0.8106492833688823,0.1809268906813342,0.1284712821215991
895,0.0307628343837737,-1.3920403596378534,1.0688657671800676,12.66559923972762,0.2222516805405327,0.949839548148104,-3.763985974566185,0.995858927484362,-1.6840322363149176,-2.5065273259644574,-3.5188195381789726,0.5652592557594962,2.498909715144567,7.825489569683098,0.646120922166737,0.7707424716376949,0.4732090184731596,0.0348946203977492
910,0.0361801842142914,-1.1070644402285434,1.3441207289855557,12.990996051432443,0.5742294460077061,0.7900820834629402,-2.155980149259873,0.6815002532076067,-1.6586759263882218,-3.3674198212093494,-2.684124914621126,0.5711175418944777,6.2242222588624845,4.169786598917346,0.4791544008286401,0.0531274375798731,0.2567012323884266,0.1451835870875105
977,0.0210109331476734,-1.1834192950720752,1.292479900051059,25.656900864124065,0.2373237215679836,0.8824732638069316,-1.233923060697765,1.1797397055855454,-2.366919890333232,-1.206393609781537,-1.1760529069451588,0.8213262267376447,6.960384265969192,4.792400965055705,1.071013607790962,0.1209532736953423,0.0593106279809957,0.1473356933992765
981,0.0448067430443804,-1.152536404099689,1.4407325552898165,25.866432759142302,0.3521958835220776,0.7783691606646277,-1.4838843831711888,0.8730264840779671,-2.616003027616301,-2.6777215967922,-2.34894263562079,0.7082713399208138,3.1913194043430746,7.685437578976042,0.848950652422445,0.064114759927737,0.0564771614189606,0.0550884355788371
989,0.033048873178612,-1.100578944223514,0.7298463436463439,24.54046810326918,0.3817963023391912,0.6398829520369218,-1.6061053215529348,0.6501648550070797,-3.870769962312279,-3.85402740909704,-3.7356750841754423,0.7093652861237073,4.154887727604742,2.7470246188890424,0.92406507525846,0.6604161715229615,0.4152343873088994,0.0247141695259728
999,0.0205309226786798,-1.4459145232124988,1.7525739217567404,28.330935956680964,0.2776803802007938,0.6495406929209668,-2.9170994820790708,0.338609471777476,-3.016100056053488,-3.759442422745577,-1.895464456677384,0.7126214188930573,7.507390388919955,5.138814510013602,0.0212389611012168,0.3161498693447385,0.1869740745052414,0.1647719912238924
1009,0.0355962354203745,-1.202784168837158,1.335196589613974,24.90464462464968,0.5788672486024065,0.5836964857430212,-0.8101688808793193,1.3652284716353704,-3.489517530475568,-2.675741525792109,-2.2742235131612607,0.7651470738168736,6.21556796953272,8.644658065569388,0.0819312821705056,0.3859975352826799,0.4185409661077992,0.1620060620859225
1019,0.0442293369757426,-1.4232076100346698,2.098884197271287,15.113373053639767,0.5897334709978779,0.9370308771390804,-1.2855014079732987,1.1201560965082706,-2.4684964372068965,-3.729387390867072,-3.3690593432582547,0.6767617236682397,2.164486653881793,4.440912592194521,0.8084567724273861,0.6810330067715158,0.3361826248561601,0.1127523100556392
1061,0.0179339751708066,-1.128711287703711,2.120702175252524,18.388915293423004,0.1348353619490302,0.5929918777981009,-1.2036168866516443,1.424172966428346,-2.134297423810668,-3.570498626701422,-1.0911985795779713,0.7548884049552298,4.263004047606528,5.767764875220944,0.730039987875797,0.1017861912295909,0.3931037061016444,0.0327210913752032
1088,0.0319745345369339,-1.0823024915286472,1.2104631281754787,19.31673558385107,0.3136449760708671,0.7184491705819586,-0.0266595307558099,1.0018997945112726,-3.804709239058246,-3.587727102523791,-0.6218958961463725,0.5733936106547711,4.337248884505643,3.2677509055642657,0.8995552628901549,0.8938774832722024,0.2287685728861767,0.1094225894916516
1091,0.0188442330827951,-1.2011255916278902,2.2946881949370503,10.604647893520555,0.3986463399873364,0.7967041278017644,-3.0108950052959216,1.0038417786352491,-2.0564505421398738,-1.7761510603533668,-0.5440069035027726,0.7769913690020268,5.039743839433644,5.062558340933606,0.9385927422170248,0.6366910151983526,0.146195478306976,0.1774919003408584
1103,0.0269026020424769,-1.59339508587528,2.26149556514176,19.4395829159471,0.5966777101629703,0.9290392948593396,-2.7294966762452058,1.067303546952766,-2.3925771891097254,-2.257341126025392,-2.019731796285732,0.8990421503328195,2.668375245994452,3.738989405885009,0.678869200898736,0.275015785041926,0.0927273762619595,0.1546539386874624
1104,0.049516524586306,-1.1804331075472272,1.286538430341884,16.65015595400474,0.5250971597572006,0.8605931217114635,-1.2365838679511405,0.3988641604698021,-2.252133437493117,-2.4782395599168336,-1.7315320797516542,0.8581520343981052,7.169791683993051,5.585565616892959,0.8768012450963433,0.6699236205962671,0.2305696940317313,0.1484417987124615
1121,0.0339806173469582,-1.5338720552561895,2.157129501785669,10.767857711501245,0.1676074552093209,0.5094935530858654,-1.4766312313489576,1.0913352388228683,-3.712050941774058,-2.966002042283316,-1.3229192173616062,0.6290045632588178,6.131761712604665,5.74217810031478,0.182300472043394,0.6429949597075413,0.137280308768208,0.1295441688016236
1124,0.0236167002580143,-1.3145497766744274,1.8375322720204017,19.814399012860022,0.1601591603606344,0.619249763995865,-0.7698556385552808,1.3440453009666036,-3.9096065436798018,-2.2306491713142425,-2.7035733260771675,0.6149002155528807,5.987230836696487,9.875311586811208,0.9441557510109416,0.0508753332431935,0.2898290612377411,0.1949153549665573
1126,0.0246109132318243,-1.7939010089324414,1.368183740277226,24.943539134489804,0.2511929564919224,0.757472489674377,-1.8186276623584543,0.5537296630032023,-2.7072861914818267,-1.7670558813992172,-3.6138268729442022,0.6886857059358542,4.607699705771902,7.833472688734947,0.4760056789725914,0.6088106078015101,0.2346926004597593,0.1435586948865334
1152,0.0352387058622858,-1.4953327263674636,2.1134324207012924,14.979810311579117,0.4854139514083422,0.668934798275019,-0.990842356161032,0.7092183586094367,-2.300504868319114,-2.0275982710276854,-3.765453175572503,0.7711406647615492,2.953314541185982,4.00443073728607,0.0535944297293821,0.5897395427179102,0.2797411257188081,0.1344181171045081
1172,0.0337623085242889,-1.3980529863559907,2.188694928686361,11.642704377763792,0.4664061788801676,0.730610016415014,-1.9160562358783395,0.7923479339787824,-2.9098721041099957,-2.7424625937862386,-2.1399328500591883,0.5735879888369939,2.485474879852964,7.383383088104725,0.0606643372974924,0.1121514217186991,0.1724108134453937,0.0973824498355044
1173,0.0365492710101654,-1.27004237589557,1.2128151961205706,13.34331092810854,0.1625463007654614,0.828583282128811,-3.031789984715044,0.350408876723327,-2.5074099753678194,-2.8054323791258358,-3.4013973714232715,0.8158272136727889,3.1748418855275338,6.973943013949479,0.5235523759978502,0.5319396958434756,0.1317329164646823,0.1172604179870589
1180,0.0240017013651673,-1.7244266465218767,1.4132784691159492,24.4341610585466,0.1853124155959603,0.8455570609486391,-1.992844937330852,0.6741222654807545,-3.031285482697964,-3.3482573546521364,-2.6339022525872045,0.8440045243257452,5.279220223462425,4.487741862793042,0.7742146025247779,0.3850575925047293,0.2456578721396334,0.0380605580760453
1233,0.0187907491880843,-1.122297467231199,1.293680120554786,15.927984709277274,0.2924610968856942,0.9495202017747189,-1.959335064455615,0.3139525705629684,-3.110589076449138,-3.196300991532282,-1.2007301201739289,0.5613868553707932,4.280243859144551,5.107390180388753,0.7602419979187529,0.6092394891769497,0.417194335282753,0.1467280272691339
1238,0.0283346494539479,-1.2995454037326115,1.2568571202316636,28.80629190591009,0.537420224884107,0.9294752483250326,-2.151268921344334,0.7894792658071881,-3.893601055761707,-1.92446153126492,-3.4353192814545124,0.7981253824391129,4.130420477509881,5.467517936742517,0.3973893118486468,0.2106278480755237,0.3778091456255125,0.0695624798068554
1242,0.0495284648985954,-1.3849360651463587,1.1603131807855285,27.87744744751957,0.179890178288966,0.9367029716455908,-1.4430152315950484,0.6766831767735253,-3.444230616137038,-3.2127472186494885,-2.526617241640715,0.6811623282530338,3.5156494459232333,10.25588293245137,0.2673301992267856,0.470348388050355,0.3594123672716953,0.1142063148713444
1263,0.0379742221777087,-1.0585640803837266,2.0873076525045247,14.893614474133066,0.44630514685841,0.918442041652207,-1.9887559377621609,1.0474866405306895,-2.562432555851908,-1.3464144978091608,-0.6801985104757309,0.6434141377168083,5.122313106436344,11.269738912445847,0.4991434894248072,0.3262178360946671,0.4059238935204325,0.1881783663446458
1285,0.0256136531511272,-1.2224672596695936,1.7666826534467768,16.498677433294024,0.5807833470615151,0.7947261506631123,-1.2695057249765958,1.1854272519485145,-3.1526189154621584,-2.752763953107311,-1.434078276990265,0.7650315622299916,6.889691496010953,7.629738659529794,0.3148151556530771,0.601853313582443,0.4308599377159715,0.0651179670072727
1302,0.0441666303207798,-1.2284146460942895,1.7316728844364726,29.442575630290055,0.4562215345764916,0.6618059034340887,-1.39314475080947,0.595932229201687,-1.8303817526591477,-3.1833223482719597,-1.351303799309227,0.8774558137893588,3.197496221110508,6.978478276179381,0.6236246574967114,0.3513760693512822,0.3708542153796271,0.1125683272328034
1304,0.0211786303079142,-1.0712672557067258,2.2305838225862398,27.67376002919685,0.4286862072533258,0.5714094019684335,-1.9228058176106413,0.7037019046436899,-3.777986488343023,-3.711759346868621,-2.3302738515506767,0.6975720409623223,6.877632282806197,4.906633032942214,0.7808192115798899,0.7937202171541532,0.2617321980675863,0.0868501889834029
1314,0.0127985610295276,-1.4216112972596275,0.6216282017983721,13.731720523045883,0.3191100343675112,0.5588563649214016,-1.5371029780196528,0.9210111583164292,-1.6244555273847614,-2.374824618838786,-3.123291201297368,0.8747041687536761,2.858864619106446,3.3183318009591103,0.0997825710396783,0.0402538590607405,0.3719786998887071,0.1035173568087392
1323,0.0186890662567043,-1.315518977320028,0.8786639021856215,15.127886211532182,0.4127988380850985,0.6505099012177686,-0.472280693395688,1.2897884309759635,-1.8391124735058697,-3.2410214777427626,-1.4131419951652435,0.6201841958820005,2.0127383209101866,7.250602015631141,0.8873174080420673,0.3065351266389376,0.1923476825717362,0.1055982077080967
1324,0.0361067661744618,-1.483557212668888,2.246452246143711,26.05926341953465,0.2213173900587141,0.6789705363763467,-1.1500538718379656,1.371009358599422,-1.5319616850821889,-1.8212326117555773,-2.9714948377086463,0.7423630388350609,3.0992839643692123,4.50362609875182,0.9974653503341424,0.4563563913575296,0.0603449637681368,0.0361771567562819
1352,0.0209145253006669,-1.1724141662276364,0.6613499620852002,28.4480919413756,0.3161806776494744,0.5794587198053992,-0.1044230959917471,1.4002205787406228,-3.453499491355837,-1.2836458918979696,-1.9734184089548856,0.636348677483477,4.563912685155452,4.081391120215738,1.010902423916521,0.7283151471270152,0.2637033698058139,0.1751850774008699
1368,0.0336062592355756,-1.1669892580058614,1.0794835754297647,20.97519243884116,0.4534250727774548,0.8885056637773319,-2.184812098539492,1.1395779612843056,-3.755836797601684,-3.3179643955290974,-2.0355406083065795,0.8706944461141889,5.289671609701482,4.320491531568351,0.2489388701984308,0.2650310201168345,0.4139687647787649,0.0482738961602496
1372,0.0301361588220406,-1.6996865808974897,1.8309667686496685,26.008283144595367,0.1220776921855229,0.7527314967912799,-1.8366167012018817,0.850543658372704,-1.2792913762868277,-1.5105420498543205,-1.346704076318029,0.8233570208169816,2.9992428097770407,11.284674581124566,0.4864909390140382,0.1859661025488694,0.2301664217557211,0.1627860031268002
1378,0.0244151698780707,-1.1078533099274297,0.466373675134458,23.13393244791601,0.212106236064317,0.6665240115517943,-1.3332903552311,0.7839783471594812,-2.182407140919963,-2.8288520715997088,-2.059891525648009,0.5682981943365977,5.386724415650439,4.718083542451963,0.4059585712690028,0.3527644121516453,0.4822682269346377,0.0626478483312667
1387,0.0246604078333302,-1.5143519913727477,0.9339831860106426,22.49633133756696,0.3816628087789672,0.6116380357117658,-0.5890608829092154,0.7378946805772597,-2.3604809568514917,-1.760097120839614,-3.362304475899381,0.7623464157706402,2.934129432143658,9.36748696480826,0.1658204463752834,0.5905948356137728,0.3315255573834944,0.1253775274307286
1393,0.0386828906734385,-1.5632765164651077,0.5733813346823995,13.919689563413217,0.488424330049591,0.5806533861831299,-0.5644117117465224,0.874570040105688,-1.932300698355896,-2.7734738793505818,-0.514365299603218,0.6839344293182924,7.600372959795945,14.931652273923822,0.5532704629143983,0.6668329211633586,0.3969606747278581,0.1534031162574319
1403,0.0139399982434148,-1.1676496431577614,2.1084816053219333,19.107550347584198,0.2267743929318053,0.9154408609580637,-0.3104398363209597,0.7072131446582348,-1.9162645985848905,-2.649222169568753,-2.3138723116110125,0.7414247546303258,5.449656924986851,3.0261655604113957,0.3802501233506912,0.8009073749379224,0.2751117201371699,0.0925462456817667
1406,0.0364422241635234,-1.3164892761820122,1.945015660374944,22.9022554911898,0.5687412580894396,0.7035056101138651,-1.132668013896585,1.1029753729940657,-3.1980367051786214,-2.8440825908568863,-3.2486704611212183,0.8344198878676903,3.4296803484792155,9.857255680844922,0.9654675796402932,0.3520581596536938,0.2890517545639419,0.1350212058574013
1424,0.0372429991676596,-1.2045575779036797,2.265149377034197,15.26971449098399,0.42572331760359,0.5513869547999676,-0.7685115955304149,0.7177683051518267,-2.0013145823471623,-2.7421287587618157,-1.1809135162764468,0.6561411705738835,2.0680283570122104,9.487435018631295,0.2377485777905964,0.5953021156439733,0.1328065632696559,0.1860267241482822
1431,0.0408777857653817,-1.5994271006794731,1.9387723894314008,16.111147975782362,0.1979548574238327,0.7325005104621645,-0.8228345021369394,1.3872664154783734,-2.494683276198985,-2.585292228920003,-3.450290268902998,0.8922849793778093,2.2421897847020245,5.948097256891218,0.8534067826677942,0.189487710784002,0.3264254536083366,0.197643313695173
1459,0.0433991165726786,-1.1408880232253669,0.7273456044236942,14.331168089278368,0.5861712311426894,0.9122820330686672,-1.874222818198406,1.236243538083745,-3.123032236554173,-3.4784996188293063,-0.752597615118118,0.6136370190547729,4.978374520835031,8.93750200106167,0.6430351409334301,0.906861144717796,0.0993502037423729,0.1549346769501018
