draw_idx,hiv.beta_m2f,hiv.rel_init_prev,log_syph.beta_m2f,log_syph.rel_trans_primary,syph.time_to_undetectable,syph.p_symp_primary_f,syph.p_symp_primary_m,log_syph.rel_init_prev,syph_symp_test.rel_test,log_ng.beta_m2f,log_ct.beta_m2f,log_tv.beta_m2f,structuredsexual.prop_f0,structuredsexual.m2_conc,structuredsexual.dur_sw,log_hiv_syph.rel_sus_syph_hiv,log_hiv_syph.rel_trans_syph_hiv,structuredsexual.stable_act_decay,structuredsexual.client_marital_act_mult
0,0.0271511799465413,1.2809536639240728,-1.3945026734831774,1.0619270885915066,14.260659715917107,0.5264787633032653,0.5480084233024862,-0.0015170272572837,0.9332931338927382,-1.2523771810842503,-1.8799922067273007,-2.392536623950793,0.6394608916046645,7.693834483132388,6.317752665316092,0.8762680461372057,0.448952005725557,0.109450544675462,0.9204134668686574
4,0.0282072115434126,1.1347944191560444,-1.4653192251703957,0.7650076299398485,17.789125451853963,0.3113454065213851,0.7253480115615634,-1.478555918023027,0.9825621364806782,-2.83357806267462,-0.9436968433862996,-2.588433830557391,0.8777167020783242,2.718193635701953,4.448650710412503,0.8096663176675629,0.4256514750574386,0.1600598520634865,0.3905330364987202
28,0.0272853759126215,0.4978742852356572,-1.6683587410774532,1.2101800402729364,27.87109575040077,0.1428606725441886,0.9499866648192394,-1.1524659442382803,1.0572738547740166,-3.035932176148528,-2.7936183176348663,-2.8404931576823103,0.8593599708485093,3.695614680510321,4.009411085205143,0.9423092484122976,0.4214692074129175,0.11550090744903,0.8837230935175557
39,0.0293793466236148,0.3718933185497974,-1.3216674744933727,0.9216658238265936,20.797917191966405,0.3908908980437237,0.8937083247713897,-1.7128269250088928,0.3120565755192411,-3.463173837248686,-1.3033881285660236,-2.768923732218183,0.5916647694260041,7.495525783569426,7.2195664986095185,0.5511577109463073,0.606270052927843,0.045190602719105,0.9352050346780788
45,0.0211326035183682,0.4541822997159697,-1.2259961467546148,1.2817445312023827,23.628617589493807,0.3178647031907999,0.5931566507814289,-0.7794228801713023,0.9939614161473156,-2.875656405740316,-2.1731477476304826,-1.3393015745338053,0.6613668072180857,6.660263334218936,4.100992747647678,0.2033725830039398,0.8746470685422412,0.0777142774260502,0.4990818303487008
86,0.0214793536659785,0.7568685003802837,-1.5822526074954075,1.3657758058563745,14.475466409696818,0.3250665197228496,0.9475246147861128,-0.5854751655216557,1.3314659282146288,-1.4237534029602197,-2.3395460519125173,-2.822330335032796,0.6201651384159569,7.741056491179443,3.6650504979882665,0.1681443071382129,0.7676345922218708,0.1157190887511344,0.3049577830909319
119,0.0227645578299301,1.039601231908073,-1.1417201073122478,2.132773789233408,14.739865495914216,0.3054828730565724,0.7273506970055592,-0.4011812244188228,0.3992328893776194,-1.49261832325303,-1.2504435670481424,-1.1681485041784758,0.7794820136838113,6.252564288125103,9.06660351042956,0.3393096309501976,0.2368891787292727,0.0629128720578773,0.8429969492068201
127,0.0236098657539661,0.8535751944031027,-1.4315123348719447,0.5352019147699171,28.120688890687283,0.3798587333717912,0.767199041084795,-0.0623597862511569,0.4871015851498853,-1.6803963190242976,-1.258650251002895,-0.5476189028501186,0.5777886578153894,2.990679277446157,10.816170785183102,1.0108972932361335,0.5503564334402393,0.0378243420352166,0.5556649076919571
148,0.0158656236431489,0.3317631055378566,-1.3965508891037552,2.20873441749938,10.962100154699424,0.2085640508032742,0.9477509345083924,-2.1071857197529003,1.1634060450923325,-1.739605016287312,-0.7504684593779389,-3.359711742934975,0.761231586456845,6.535453794511245,7.766575047288378,0.8544051378421378,0.6759909968545484,0.0602657542462225,0.9120287937247986
163,0.0250096658824355,0.4866369938771334,-1.084950833275222,1.5659266084897343,10.999597440096512,0.1121405188388562,0.7365949486259618,-2.016021188644904,0.9905005747658155,-3.097024468052086,-1.5111422027243684,-2.275680459830125,0.592772464214808,7.248211709973164,6.916678094461759,0.6844486540744582,0.2977239841927248,0.0423841509248015,0.3450977676070485
184,0.0233643244568582,0.8106065018216064,-1.1234282061816003,1.7035489987363974,17.72150617007609,0.5494009763914588,0.7566403036339743,-1.6255450047543962,0.9919517335473392,-3.213579918790584,-2.53414175067368,-3.045163006152628,0.6753903639208679,3.051325533750284,2.857001799543444,0.2599483677269405,0.3392829133487644,0.1832139818608133,0.5161028838868451
207,0.0184293440367742,0.6529091353664628,-1.3715716070428323,1.4061219249702366,11.701891858456433,0.3865933729931794,0.5016581370553863,-0.0884926579874063,1.0773621927343224,-3.3674936156269304,-2.2022195987803257,-3.0222162998465816,0.8680118157734908,4.913064656561858,4.184442392932171,1.032237653991449,0.3315454804255136,0.1343115355922421,0.7549580718090187
230,0.029779741592414,1.1865749709830824,-1.1337905724380573,1.6172741006255311,10.148110067443056,0.2859938588446655,0.8573221033052691,-1.6563551011792184,0.6417024716243036,-1.5196525530951237,-2.158739903842174,-3.120040711357129,0.850236685889302,5.810642893589423,4.775058074879524,0.554200553679135,0.1314143086654866,0.0908812595800063,0.4343842069644655
244,0.021342298527985,1.192383919249099,-1.1826442327944042,1.4437754969055447,14.139289200570918,0.4017027535316216,0.9183164623229846,-0.0964868296006646,0.3253010541946529,-3.735144905534234,-2.1677377469904395,-3.47431744986285,0.8284360514746678,7.916252804911214,13.773670850418515,0.7087071014272779,0.4431794503411679,0.1926461174965069,0.3134608177121274
266,0.0283123954329543,0.988299260220391,-1.3045862424579395,1.46896592375231,22.32917256615245,0.5472078989159826,0.6262879846808254,-0.2205815409245861,0.5024575179441468,-3.853522986508381,-2.226113089598813,-1.5067344751139076,0.6123855341759842,5.043927350213044,5.584421852852948,0.420218967473781,0.2034892342807258,0.0530955961644686,0.4668345449967262
300,0.0176631966749931,1.1861451506436345,-1.568678030962211,1.4590258544218988,27.246401336355675,0.2113555239996433,0.8772439642215095,-1.4452075298645015,1.3779421869985038,-3.5170630441549,-1.5137485994457152,-1.12152415316275,0.8226054437057583,5.638093099178194,8.558067695429623,0.7855254604982127,0.203323516211331,0.1364458266333046,0.9060684464565012
312,0.0195302154687216,0.4557283844821652,-1.4243703150595552,0.9930871369548347,23.335778305636445,0.2649222094330837,0.8458224791710294,-0.6809926232293249,0.3238159938111125,-1.2240977079441242,-1.958957750893076,-2.4335938178348737,0.7112328270359495,2.136214920343797,2.146787460280811,0.6515645893634595,0.4542361981401593,0.0860420833911139,0.9718749054432256
328,0.018985709372526,1.2079889426578303,-1.2276047578030964,0.7855566169245395,27.615195639402053,0.1492055624664272,0.942798173569526,-3.1714382174928195,1.1330997025385994,-3.816582730674742,-2.335166035431207,-1.5687495442776402,0.5913738925735498,3.4789455944750145,4.908658882654034,0.9851589750072836,0.0551614831400141,0.1314999126251282,0.7901336527528366
330,0.0277747004454624,1.292910032461523,-1.082568500086031,1.760844289036146,28.81213068635921,0.432223522136885,0.9185042613418402,-0.6184776160359262,0.314578194287945,-3.75961588846137,-1.3710320035812438,-3.242878048263083,0.653045027508179,5.854600157407463,5.923246210133359,0.4269925084209751,0.1498882520505635,0.135153141739331,0.8428131916099353
337,0.0276957893727586,0.3639709866297046,-1.1636428462142483,0.549413629437079,12.202307447906335,0.5021598719811863,0.938672966566306,-0.0192244486772481,0.8344922255736482,-2.6884539828268608,-1.6647862690895472,-0.5390358833208713,0.6385109661492133,4.161796726444482,8.369720398607257,0.9481690196911784,0.4874538948391294,0.1282973818487772,0.6330274258213924
391,0.0281048115091726,1.0181408167586583,-1.1544283300307228,0.996312815809782,10.410170303272764,0.4360013452558462,0.9342075449721454,-1.3658470340025626,0.4066620929967396,-2.385458394309529,-1.647120486775567,-3.194522824580924,0.7805595844549105,2.428323008440941,13.462171411722627,0.2453443807128039,0.6309655928632245,0.1002511652290695,0.3470012929266137
403,0.0292376237149884,0.7797710463671395,-1.4716975884737302,1.7413852415810875,15.643064373050546,0.1142666572867296,0.9253222343377918,-0.7843969419966967,1.2038883051610887,-2.8420913515070474,-2.5538460708579045,-3.2404823047778724,0.7525350743820364,7.318342108727247,4.705072724994543,0.8349333700169376,0.556987539621744,0.187537460647521,0.9977202534413624
406,0.0235562193972456,0.8828131489577742,-1.327957245760698,0.7539826216123618,20.19106424535064,0.1264833488202925,0.9149469253658866,-2.4788384297802417,1.3888071505870017,-1.5012474797741855,-2.1061006841866714,-3.3688167214289177,0.6270638144053234,4.785922197309,7.377379542154383,0.84950029369939,0.7089655862134391,0.1487308888855933,0.3111517023403672
411,0.0140081666642748,0.8272774418969522,-1.824192354400872,0.9334584205887546,16.784243540584136,0.2689778705027914,0.6344739286366261,-0.998093247571473,0.7883970383052554,-3.41827079056266,-1.396925043930779,-1.4379693578892936,0.5717383561291914,2.4386806267025207,4.665502880298363,0.3590420943649793,0.3930404526627986,0.1990363680385332,0.7990901349519205
426,0.0135469927798411,0.4679755435585278,-1.7710313928755077,0.7290744836781452,29.04264213030062,0.1487176547760092,0.90570323514266,-2.217652948339648,0.6818933239988582,-1.432984315910005,-1.7673494530357043,-1.6365959031741908,0.5790659111720367,6.957878657736428,8.78796421321897,0.5328511677697879,0.3977084569331623,0.0498277571716539,0.6719859563244803
446,0.0264539519146864,1.1526944255729688,-1.060819678383029,0.9546244041095868,28.178080969330107,0.353057225107831,0.6836204192943995,-2.931234128551424,1.1794133398479585,-2.314083965450476,-2.5303877282237126,-0.5166321701856837,0.7791533646661762,3.747715854344924,8.60651960303084,0.1100186778722861,0.3991005555317382,0.1947209276064518,0.8390607034852797
449,0.0169770332173465,0.8088692670035555,-2.0989349885824717,1.2225117398569414,17.086691677060124,0.5048953013219155,0.8294206390161387,-0.97639882774978,0.3649459048850936,-3.6911688287826494,-1.516409245909416,-1.7862850887275434,0.805109944474252,5.748358676894019,13.421560615911162,1.059904508864942,0.5323093400768735,0.1364747276598802,0.7642410204889258
456,0.0296338718725775,0.6546779561515026,-1.0987687075016337,1.10617677450131,26.23139825621689,0.4450635891668059,0.8071492631758885,-1.2393779043770468,1.208804387219266,-3.3243796379186903,-1.088972488549833,-3.164385827609738,0.5661589429431667,5.602186619224062,13.221556163344,0.5704677376227963,0.6797730436062078,0.0939067228843208,0.8989286522569866
459,0.0288951478999918,0.954237041273348,-1.06366998779846,1.788629825449256,15.524671777105189,0.4265926925542868,0.564437835078972,-1.9549594098435,0.4405858514306761,-1.7559020257062463,-1.051666031819892,-2.603367155338224,0.7379191343003481,7.40502580898559,11.957740995591235,0.5222235916521835,0.4239139245633171,0.0259702975205204,0.843587920673623
472,0.0162941734841131,0.9284201523195192,-1.2336320548291042,0.7006109799589277,11.660515543869314,0.4483755406808666,0.5835071866281142,-1.8949589372847957,1.26855318313914,-3.457447556035493,-2.569352385294484,-2.60659592004676,0.5543199143253481,4.222088859144623,3.475199704261108,0.7742703984624972,0.8139979437660861,0.1918025286125003,0.99890314530202
482,0.0233402082481705,0.7141120794969891,-1.7926479065565346,0.9251185387322512,11.796652675365,0.4262426528272107,0.5640757491938023,-1.3008521584753865,0.7660070315099665,-1.5987747140774613,-2.290777348664472,-2.9042934558214606,0.7045290838222658,5.922276581678174,3.480432196526856,0.7332649083461424,0.6033462538918106,0.1574096693465438,0.3475198570482075
490,0.0177673679735957,1.2864294387563908,-1.356546130748192,0.7958567618016681,24.471753518651944,0.2245780060848319,0.9387687771531176,-0.5621978227129603,0.4350275397908845,-2.1836065915179885,-2.12073081551868,-1.3452929382699232,0.6310642284271937,4.645290547507519,11.88940350286118,1.0391127413533146,0.4789196195768818,0.1705098744316369,0.9190872243237193
498,0.0277289887321689,0.3216589819822845,-1.3680790072815885,2.14887993968026,27.74227925774705,0.1935897375260046,0.7770623241962185,-0.7261079112744837,0.4134025448334981,-3.177351389305751,-2.6986912675313084,-1.3045178474751036,0.6453173155007742,2.6571728837563557,10.798809540245976,0.5814044414073,0.8644123824518143,0.0631328831732084,0.6372302910444746
512,0.0176453951190839,1.429086427662033,-2.020299644921629,0.870675797764588,23.66277009244312,0.193494937807865,0.8944054999237637,-1.8269191912549372,0.5849172141087182,-2.858777379825812,-2.01887674239292,-2.5336215456651248,0.5831479124703396,7.126923475838313,5.484091539044001,0.4961640106573547,0.2590281716977455,0.166696030172507,0.4467007277734659
518,0.0177442365350735,0.8428966293062001,-1.5473453276265494,1.5158137503046227,17.541947912325114,0.3427747036843378,0.5510639986839484,-0.5351417509096854,0.5911978278239265,-2.242162142098574,-1.4676428273707696,-1.605246675588703,0.7133802257567168,7.616153940995179,8.434739397015509,0.7784087565186099,0.2394845842586535,0.1432868563373023,0.343079685662659
536,0.0295520108995898,0.629861623383623,-1.463129351708846,1.4352726668215985,24.967534535168973,0.5662877553037027,0.5909635129994826,-1.151830238513043,0.6457548399676407,-2.693403607406818,-1.596819969747433,-2.806717994909879,0.6773502928100605,5.094319333091367,14.83519982344756,1.0431486641846777,0.3822452325220196,0.1718221636666093,0.7120486297077573
545,0.0191230240373355,0.8743559383245183,-1.3128824506218135,0.6682350609128205,24.57313210429229,0.3060831593363255,0.5178544206219559,-0.4492007758927139,0.7622108443955751,-1.3627658904441886,-2.518846213595893,-1.7598823232242564,0.7843893662636187,5.727004501162838,8.307007204219808,0.7422754312696922,0.59692255874214,0.0915128479445563,0.6909021726273779
572,0.0255650526237223,0.4503435370432697,-1.301532140256327,2.247222678683928,10.365689707276562,0.3337504278788269,0.5517645023774288,-0.4372441999367238,1.2627536343742098,-2.2032741127422293,-2.246799204768517,-1.544599712022952,0.8552387219022739,4.176532654234156,4.618596009068307,0.740750362640769,0.1381526084884838,0.1339961069808804,0.6640809950646751
578,0.0219592199290354,1.3478007777527403,-1.232360582289593,1.345791797696023,14.12161046138676,0.5333006332510261,0.6145868564911148,-0.3509569793798497,1.0756209761351905,-3.369966540306597,-1.8561975009417857,-0.9102180091051082,0.7232565453081148,4.538497724743028,6.038767625123418,0.0275465746550075,0.335157744808862,0.0301371943627028,0.4722888455300381
588,0.0220309149226314,0.3016280463831835,-1.3277095013555087,1.402630280496301,26.03714948257661,0.3244968856821991,0.677895322995369,-2.49093251317363,0.519810418127368,-1.6696055967489936,-1.3003506506390452,-1.4289283479688053,0.6729083739280424,3.0888190045292494,4.11504320191114,0.9331292999294284,0.6515823730430977,0.0632550547900733,0.9437922382587992
607,0.0231569525237512,0.8546265906503523,-1.4433011186563904,0.62475898804581,27.83554693608878,0.2154954835100457,0.9279802246669446,-0.1519138089881675,0.9300862580249274,-1.5091173337688963,-2.0872850648257923,-1.8060872772360852,0.805956296873874,5.17722226660079,9.128551830436638,0.5829978807667419,0.4025258993779718,0.0340344101801585,0.9918968495386922
611,0.0286744198053607,0.3726311481586954,-1.6581483944973914,1.8867815345098533,20.979520114218737,0.1403349532947743,0.8704396403887475,-0.2348316459249018,0.4175199562561461,-1.3581055121971932,-2.9162686731985987,-0.8328546400927674,0.8738963295309949,3.964257327618056,8.170198708466504,0.6100033523915319,0.2168475259288827,0.0306758185737221,0.303895543963095
629,0.0207726914484212,0.788335673834093,-1.4105509494353563,1.3379403120631437,28.605540336096876,0.1925152926783899,0.948819026845674,-0.1882235089166659,0.3376229745389967,-3.745285203410631,-2.953189748341805,-1.497136752834944,0.8877214343284144,7.429894735304479,2.87552465578316,1.023079127108468,0.4981474006502834,0.1184694281284323,0.3989056427664565
632,0.0125381611403773,0.3021993995980087,-1.4662008014917307,1.979178729479532,15.90321583106453,0.4281506975275663,0.8695948188272737,-0.1410815611355094,0.545008818658781,-3.0546624729098024,-1.991516920231129,-2.306709713751763,0.8509305407075265,7.269946279085272,13.7381454835409,0.8128435049256382,0.2626007686301296,0.1945529180695697,0.7162681513441815
633,0.0240557873264881,1.3879343007741332,-1.0715968486986964,1.230243730008881,18.951560036065587,0.307881211953853,0.8224661449135091,-0.9800300091260764,1.0476639645385095,-2.7279198835466727,-2.15461870235706,-2.326142469754072,0.8134989577937144,3.5278457741604736,5.277931403621122,0.8610235595189039,0.4162591704949877,0.1794777188305798,0.7601155684701493
651,0.0248519344656282,0.9863856538427088,-1.5503263008822183,1.3768709830805212,15.705964652740043,0.4007831365379067,0.8578303444220969,-1.2609891919809644,1.4373809419354993,-3.386234423368532,-2.337828877583946,-1.548608574509112,0.6263975121313758,3.3363225801444,3.102587333347324,0.926535376433,8.377118706276684e-05,0.1728912022946226,0.6016541055300559
656,0.0175341400215003,1.4574518347930936,-1.158733575089096,1.200891787322959,22.73282103035797,0.5953401258851893,0.550688727704097,-1.7217691696034705,0.5137435523445343,-1.9741396038387329,-1.872326057128722,-3.175338602346608,0.7686570340806232,2.318426912762116,4.818600431282964,0.9938084581227224,0.6905167190487898,0.1980955367512288,0.6591789173805074
685,0.021094935190107,1.4775262551240878,-1.4180908934983667,0.9190376456930628,18.373858858677394,0.3268850668816265,0.6235449619128846,-1.2699221499498343,0.679988294374395,-1.3544505641862918,-1.951580722935464,-1.745913806154347,0.8299957758042982,6.460540847583072,7.468184644731713,0.0108783144552656,0.8993182230417472,0.0343252070402379,0.3364232197255895
708,0.0224289794965228,0.6152107790165647,-1.3326219619800663,2.1679669152031296,23.17072243951523,0.251661756043695,0.7938812114025993,-2.097951103072299,0.7667829736266591,-3.4053475073535147,-1.156455327661417,-1.662916062579595,0.8715844968483109,6.142065894766994,13.202045760322124,0.6626915120558478,0.7951126640556657,0.1964015635687686,0.4653127248895878
723,0.0269801842399772,0.8319312207275302,-1.0644377854159135,1.4711059225159926,23.25593453001016,0.2851914756165025,0.5570218596778447,-2.2776811945776885,0.4129044899756327,-3.745494231013769,-0.9795709715671346,-2.2499170900449474,0.8464842592912034,5.389957955287623,14.492621125205586,0.0939064283133185,0.6452484291628827,0.113698129120225,0.4903535138186103
724,0.0289067895840238,0.521181118000863,-1.245511040561028,1.7961482662413255,16.267930318111553,0.2426220037043338,0.6303315541762005,-1.7540403089529812,0.3399592265456813,-1.5508440568621422,-2.210598828889259,-0.6250995629689196,0.762772694318858,5.204072342696574,8.724236568835732,0.6661846410433119,0.0539657931606573,0.1586421734641254,0.6000837837705388
728,0.0216873395540401,0.8789344236026604,-1.125240448841747,1.8099767700954288,16.950843451790647,0.1192271600614706,0.9090054535648264,-0.6929601534884893,0.4296603263889197,-3.654620865437968,-1.961152897589868,-2.4730025541030978,0.5730003438633618,4.325909608114063,13.086463577626969,0.7054107351632233,0.6724477253309529,0.0379341770359607,0.3306120371493529
738,0.024535312761357,0.5520784243695542,-1.1134715132234174,0.6174515077277364,26.33643519019739,0.2161976523992341,0.8485316738788907,-1.3387597172646657,0.436437712169147,-3.8738109716357534,-1.8093211355177885,-2.538687265883722,0.6489665791498498,6.70247503564446,11.154788318016717,0.981704193425616,0.182998974813083,0.1143443111119386,0.8464392246611485
773,0.0174870194497133,0.3997035806842584,-1.063205395132449,1.555563608966214,13.441319791336891,0.5456924531567561,0.7130891164277816,-1.792762214153499,0.6914929275577487,-3.778728285922961,-2.323763934071708,-1.6181079574426862,0.6318183323303391,3.681209885928814,12.067865819569016,1.0947750089278576,0.2981674046341648,0.1201816371299634,0.8722926258322834
784,0.0206507759906079,1.2494686772755217,-1.9326691076990683,1.096202503257839,13.102436283813706,0.4510642296267549,0.7732099055926287,-0.5065146409012073,0.3963539561106471,-2.6752729096000305,-0.9945078231557268,-3.681351555124724,0.5794420841055709,7.005337272556348,8.658554346018024,0.7068236041660885,0.7234106702935287,0.044388736085409,0.7964719397493354
803,0.0212304529598728,1.1792293432844805,-1.2777486542357763,1.5848052582414518,25.31344580620017,0.3474315195733576,0.7871806531754617,-1.6360656527152462,1.166006416252807,-1.3313421996265262,-2.4410687595893004,-2.646432066808194,0.886426119151713,3.676771851283466,3.786148916350192,0.4248589038088578,0.8201018141608736,0.0274316105952306,0.393704117958859
806,0.0178630030899493,1.3917309157000637,-1.6817806146807048,1.3397574430429864,26.099633776380998,0.3351816122229264,0.5862208470526693,-1.211231863099281,0.441865156905212,-3.265273752365724,-2.654498293167198,-3.731058459846429,0.6044125304420146,4.408074258362451,11.733148143460827,0.2729458277047679,0.4635444457526448,0.1483394835143181,0.9757186574529026
808,0.0258629854508593,0.5088868874779475,-1.0549666286202417,2.028233750690289,20.60276182494597,0.1161509761198623,0.7630977044986612,-2.05674709800766,0.7263099112715439,-1.9906465150236408,-2.4334380293812785,-2.466977732929112,0.7897846693975529,5.1344822957773,13.6288309340531,0.1524347080463953,0.4979981492911085,0.0282344216660349,0.3309693785478626
811,0.0253382496667099,0.5652419671538493,-1.692247077777708,2.192581208538248,17.538540391911965,0.4106988106120219,0.5596621332919446,-0.1187304944046783,0.4443357512167774,-1.5107613477639354,-0.9011911632809522,-1.967273236723648,0.7959749951903331,7.933821667170873,11.655149083562272,0.7362971412552013,0.1988314506474772,0.0217688808371842,0.7493130535880108
844,0.0182861839699777,0.5930933519956072,-1.23957410545631,0.8266914534351076,23.356273731093577,0.4926573952904187,0.9248227022391314,-1.092465490275194,0.9600003653744468,-1.7404760836103308,-1.1409867056122998,-0.8124418199084733,0.8744599381192141,5.583235502164289,3.124261791095022,0.4130264198475923,0.1000837669736248,0.1426069170866198,0.3019666939984483
849,0.0214379836597271,0.5761233476628032,-1.258646849424727,1.091802018157452,23.54308994173497,0.1867469071628789,0.597022626076143,-0.8272774381894306,0.9966331644737034,-2.2387208258264493,-2.30793527288129,-2.8582078578719177,0.6502556143436322,5.026058087708201,11.813775705435996,0.8307201648703436,0.4104824247455895,0.1757687316082201,0.6918902729531103
850,0.026901625324942,0.7424697655920393,-1.5177205065755983,0.944027863321796,20.081044497507925,0.4617440238919481,0.7933212154723995,-1.1241082472419666,1.3962641184185935,-3.6184837027153,-2.568497932736159,-3.424455693233756,0.5588295249001197,5.972823770831721,6.342921428835864,0.2899056496390767,0.8226826219179363,0.0781494142917788,0.5424693152847763
857,0.0236426780576524,0.7448789005462064,-1.3412955314200596,2.20102586175342,10.89045336671676,0.5720967148037039,0.7751752585739328,-1.2951960398712248,0.963137345547784,-3.434027669656443,-1.0617893422942566,-1.912268405846972,0.5748816765814253,2.9695447111598186,14.295996288397909,0.9092479189990924,0.6447729341304745,0.1859670550695629,0.7329817192475834
878,0.0182145296269523,0.8127255769139721,-1.1487652751281143,0.547666668973146,22.85942425684877,0.1798369385711336,0.7543979368597018,-2.288135915705628,0.80787019641855,-2.083717071615172,-2.3164202249539234,-1.1344268659462742,0.8743196991842592,2.201002346269176,8.487224131155369,0.9616381492926924,0.5962591182379773,0.0537260730579941,0.921879889718715
880,0.0202392388490086,0.8466908725083155,-1.321824900626236,0.7628745476977394,10.642007043128928,0.3101911803864759,0.8976537419630817,-1.0583604530254074,0.7244637468481261,-3.31631380078044,-1.9539432744950225,-1.4894781970089013,0.8574528395437339,5.203708693690241,5.958296631868791,0.9959956381241548,0.735476243089167,0.0252601995607534,0.7744934910396244
884,0.0278195489788532,1.004482960695655,-1.6603043969953517,1.4051051985243033,14.666953937548971,0.5289093678172633,0.7797990376927866,-0.8411548467439154,0.8820992979630855,-1.891732761409877,-2.1650439888111843,-2.4878911741403296,0.62168879675623,6.705556543426999,6.030535583740094,0.0816084268389415,0.6194597405619332,0.0938224084431184,0.5206818506380007
915,0.0253653110984335,1.053310342629484,-1.2916864400997996,1.6928781730603155,15.172242639707424,0.4167608896637655,0.8360976538719784,-1.5950881602360556,0.47211906044728,-3.3966120001764466,-1.6052291290069325,-2.0153534880369364,0.8492442856375035,4.067653679162081,2.611576084058602,0.9608602945282678,0.0332797003436807,0.0634626868986413,0.8934001179081059
916,0.0138729789361391,0.7771587483422988,-1.6740263952715435,1.2064177459843473,29.89226059978548,0.1518652485709837,0.7973466741132602,-1.3714238768134717,0.4776196552796586,-1.4043015760866404,-2.670304238579826,-0.5214144236692366,0.7135813103348887,3.877660345453479,3.2316169458596287,0.6657263440176198,0.6665696393718445,0.1864066608177672,0.3731069230554872
944,0.0299665487358661,1.1225106629368302,-1.8778738027140955,0.9626857971689406,18.871887914161988,0.2080325009339434,0.8813509337247536,-2.267288155734486,0.3493174184608422,-2.021662151661971,-1.585142059781118,-1.251402828678406,0.7759859652337135,6.557244432201721,9.910660511577358,0.0365744530120879,0.3848669434237703,0.1542844767289776,0.9932060557180916
949,0.0269679656163866,0.385617621798847,-1.601948625063292,2.0505717706685918,10.758324958997925,0.1731098094725752,0.9314779325006696,-0.2495749567626726,1.3846140056713456,-3.122511125817541,-2.9712437080025738,-3.713493275708395,0.8459950663111169,5.43610262814138,5.987991714451422,0.0460118027873028,0.2198039819756867,0.165036053031898,0.4764677136331746
967,0.0186349436848356,1.4329394603970278,-1.3931905764135717,1.3798020848084964,24.290545489214534,0.4910730069361597,0.8209790161183772,-0.4604524143521873,1.013383941915479,-3.2004889870709734,-1.390688675602647,-0.9350251212590162,0.788820357903681,3.3335416598822394,5.630987866689292,0.5183095837631686,0.4947227886190151,0.1961133660191407,0.5781538104567774
986,0.0204437141454042,1.2018122118166998,-1.411127088614888,1.3587114585452815,11.684975368434808,0.1005944532867713,0.6750778984040994,-0.9542981678655172,0.926553472222574,-3.0530132295219974,-1.0870585681104303,-2.1653678900251565,0.6560516753909185,7.085471679282484,6.324320597498994,0.9676146866459876,0.5447593605588544,0.0890893559555086,0.5878146030767661
997,0.0298500485555027,0.6174032504197157,-1.201443551795009,0.5727416753072816,22.886427340515556,0.4835178075928745,0.666557407018245,-1.4835988818074832,1.3145420132137429,-3.028403770218913,-1.8601358567245996,-2.921921084276782,0.8823913997120996,2.901816700637232,7.825910222036452,0.2865936631431052,0.4073831308438077,0.1544986734048203,0.8527076289548656
1025,0.0197645126723972,0.6559319157572436,-1.3073966859975743,1.671660314242701,25.67438055141496,0.1230636291761833,0.8211480769282496,-0.1592723467389269,0.6582464557752725,-2.891270856080208,-2.788819965947203,-0.5442844939848355,0.66294730662195,3.34689469117884,12.842105928897276,0.6032785316451084,0.7281217381620347,0.1396727595856005,0.8055682770391821
1037,0.0298327803742916,0.5407550148083737,-1.0592499694530084,0.621182902092019,14.208570456595272,0.4399966145834462,0.9125085268359509,-0.9515860363179444,1.169460051077012,-3.537964751490406,-2.187029031879298,-2.5590197180975243,0.8689517904485596,7.272355716175515,7.070608586811105,0.1482144701033107,0.0315501164222452,0.1751701526110551,0.4708656218125183
1039,0.0157622613431355,0.9612974864369276,-1.203285002890968,0.8072870599469976,25.03416133186241,0.2618442849507671,0.857617433630236,-0.6690756955673565,1.1510120283813985,-1.901736601148854,-1.3729872870224151,-3.2791634897035,0.6707932423677037,6.721727365974297,9.17813780901458,0.3771466411671775,0.7406046005590651,0.0223799540023819,0.7470931562888969
1053,0.0152015106555172,0.7837246456725269,-1.621574049369646,0.6805417939993024,26.969222536649877,0.2982020289479036,0.6974079967563706,-1.4293713413644111,1.1831826037738145,-1.7475010534481368,-2.6349062507429166,-2.568950243287325,0.8087827253933652,5.394640960804342,4.31239573090866,0.161504522852788,0.8885248002596806,0.1832938999752987,0.5998628710675258
1070,0.0183746835734493,1.0366382522593551,-1.4091096326477883,1.1491790076851405,22.245532924344047,0.4078791989486289,0.7251164578836586,-2.073402500307444,0.6215592941254198,-1.4261420172895245,-0.9596425476832692,-3.007551727340668,0.6211568629028734,6.541165474744684,9.222248820922497,0.624527948314902,0.4577877501525102,0.0843437876456167,0.5752220187846262
1073,0.0233261281058376,0.8878897624186637,-1.347447234368672,1.1474114106375288,16.74766830483431,0.5728364917414194,0.6483633747243639,-2.320729316491441,0.6580179323692459,-1.3868961394819492,-2.769690199365889,-3.69789633457368,0.8323121929874121,2.326745927521789,3.7385098995858552,0.646831287795267,0.1463112859417196,0.0569666216104743,0.7541236561210343
1075,0.0183830187207965,1.1074576199770687,-1.5615379780545575,1.05884774000209,21.774384888109573,0.3106905280772177,0.7300915905941511,-0.1857103609923704,0.5535032250377728,-2.9995921450391627,-1.5427403910048405,-2.77987077984251,0.8845128756555187,7.3905349372162386,2.5678815025328445,0.4796981235328147,0.8211714413268557,0.0823210749996891,0.6687205233569078
1078,0.0234377059110091,1.447355833293768,-1.356845702419438,2.0904836850586737,21.73995156949292,0.1219297676554795,0.7935728737967471,-1.4710037076514988,0.57424380850933,-2.7579499764785904,-1.7270429180328208,-1.399201691737206,0.8015288159246845,6.838041052133788,8.218645071716676,0.3159977401652734,0.4071831550704697,0.1814102840839232,0.8433413774207583
1079,0.0266959299773284,0.6396899649829884,-1.2692370938307251,1.6580702481343594,19.837444450216505,0.2692508179676324,0.6184960923170396,-0.954574527932852,1.018829467705321,-2.301850099113256,-0.9077073914723957,-2.3159476369966456,0.8935179443143717,6.7484217307705245,5.408613888618796,0.5980768263485611,0.8306555550122356,0.1770510670492131,0.5028410670562158
1082,0.0178767243359207,1.4964541335281465,-1.08180628754118,1.5424864837200136,23.285685306389023,0.5210484865344427,0.806690577104504,-0.7355995394372283,0.8855516468762064,-1.5436588683639232,-1.276850139512841,-3.724707764446218,0.618828332188062,7.402778235686856,14.085570893591282,0.1184691437089728,0.6054664418046163,0.0262758926432857,0.5792267063229268
1092,0.0224817909800409,0.7491330719241065,-1.357842712612376,1.084752248196999,16.762008145595047,0.4585528481182777,0.8367085986533325,-1.503678806090162,0.7154773323486919,-2.5920025876717894,-1.5565365090719097,-3.5842689437517734,0.6409142148135172,2.095705423437037,5.675106782577221,1.0677761159517158,0.5517011717725898,0.1753880976826442,0.698608159206197
1093,0.0260939509036232,0.940436965140564,-1.48048883213926,0.7247277898744879,29.95353484657393,0.1944180930070826,0.5195635654000719,-1.1768298247867484,1.3985369244322947,-3.786091747818312,-2.68507397865942,-3.425786036496408,0.5610453818412041,6.797463023689941,11.618244351452438,0.4364732580021758,0.0195916073063263,0.1956776655390225,0.8680412705487841
1104,0.0278776478100934,0.5378332968261057,-1.381159214268453,1.6229592988999864,13.981956822458791,0.1692187166457512,0.6691174249027178,-1.6251383591851796,0.9567143707369824,-2.933525033271412,-1.2831502426496004,-0.6188154878928316,0.8476377899933429,3.7517936883172953,5.069889658978143,0.9888263858480102,0.2155669530700981,0.1716501689136048,0.5130400744977601
1109,0.0194509661629835,1.1869468146119573,-1.4377251013711634,0.7908691840925157,10.356680475371938,0.123801924789589,0.7451329319126789,-1.225113458028135,1.0662722422560773,-3.4014476432684413,-0.7708723734630634,-0.7072924021797964,0.8211049675655733,4.410412530265357,7.364332771997571,0.7475595768241463,0.9039161238823294,0.0787270623869828,0.99437514159088
1118,0.0201968611961582,0.8948370120864475,-1.1192288826214296,0.6220485139680421,11.281806815088684,0.2241581887171971,0.510744548758837,-1.719114365405428,1.1036132005778256,-3.824660267134536,-2.2227370091417225,-2.66245986414864,0.7117258533477819,3.9309025859203097,10.174230092791742,0.9718828431213588,0.1723925144892689,0.0342681175969624,0.4260669022981137
1132,0.0262544787710347,0.559716314011743,-1.221313416855366,1.0207024662819313,12.334035788291189,0.1815463771624115,0.7049937785656218,-0.3427632104909408,0.3340419669654013,-2.52484774890042,-0.7855680321849148,-1.2612005059659497,0.5946566894572829,4.118524125396129,3.5526140429591195,0.9072013674438248,0.8522280314369247,0.1158348268609655,0.5576546983436608
1149,0.0184069548502624,1.1670368330244123,-1.5075939121165087,0.7784180259092108,10.24667575344496,0.10108283486981,0.8547353664184802,-0.4414163841121148,0.6404393817085806,-3.641388731084123,-2.841609045063389,-2.512888224893473,0.571081793883464,6.677860712848467,2.408801976665863,0.9064787188660366,0.5438288351011461,0.0278279527595231,0.759564366394166
1156,0.025739201406829,0.9676768201595748,-1.6721917747479782,2.2626602172946515,11.221849683083407,0.4663106529845634,0.5633080760289528,-1.9771746560055727,0.555816541183423,-2.2487141367670924,-1.4550233003739952,-1.0535033858632654,0.8196621284374308,6.352236048772695,5.646040904630414,0.4084640358736525,0.453352406452901,0.0752969569448075,0.6480650205821126
1160,0.0276032607224633,1.0093289545812434,-1.4705633310447384,2.12769682816653,11.274886113825575,0.1100298726162863,0.9106866776350656,-1.9400445315452504,0.7054412493731939,-3.1235861271236103,-1.3951043932622942,-0.8467533730248591,0.6119050521104027,6.671208097679709,4.360929095455489,0.8948984673787642,0.5875446230999265,0.0608981202472574,0.6857184331406398
1161,0.0244387232428647,1.4941115570678294,-1.3080796634371814,2.163265608218344,23.260829682522264,0.4045523354675483,0.6916954330148397,-2.391568032105884,0.5232048643221482,-2.269142461148389,-2.497895948828225,-3.118181102746445,0.6094311475347347,5.738385359307488,9.780970107449315,0.6705767714104135,0.4040406364805028,0.1867068542150664,0.5405173876723249
1162,0.0268392172578158,1.1398064022318275,-1.5777270169478204,0.9877854239602653,10.267975430278064,0.5666420498314207,0.7634463125211737,-0.8945651614134,0.3765999608499429,-2.0407728579416613,-0.8742573213776454,-1.715909820227977,0.7823067949727657,7.083384240117192,3.055173930512891,0.3779530408768306,0.3908862538847129,0.0959485220816848,0.8345268456631454
1183,0.0175447277009636,1.38039969209277,-1.2972871553498917,0.6159254449011919,12.62733167702428,0.5134363198872979,0.6679901083794862,-1.8328079323971476,1.2316469635436995,-2.355596864401539,-1.4105950965428578,-2.831742526972353,0.5909433667157565,4.950829221652263,7.11824906589291,0.1158541698010908,0.7741616948678599,0.0660425599525157,0.9068362980454436
1195,0.029946459809303,0.6257257483452555,-1.0657038770702878,0.5877425426020408,19.70770097490897,0.4503774449888218,0.8899513350551184,-2.1253763947448623,0.9782423735970228,-3.507047039629408,-2.825306365703383,-3.251005572431459,0.616997792861218,5.322274339923808,7.92342173206977,0.1718595002381563,0.4573098679751072,0.0740135938573712,0.4598101349893785
1202,0.0150725209324574,0.7138735919125699,-1.7873918940225293,0.799958628903228,24.44529408339634,0.1656748303484492,0.8569233844620876,-1.6703160951978666,1.1600892122099382,-2.594434845793802,-1.067995026885472,-0.6143426016908364,0.8624048321331074,4.669398026657378,6.430650788075893,0.0116929580553863,0.4651709856681391,0.1357899171932471,0.3922729964836151
1207,0.0219037094205386,0.7212751575780091,-1.0724442299163952,2.0758371638941737,26.678247650577777,0.3497862029766099,0.6776501725012318,-1.7365529697302802,0.6919247367855549,-2.9072119085966044,-2.966569511090705,-1.7797480009351268,0.8239794641198278,7.784331718155493,8.764946904511717,0.5689113227071148,0.8469504879984058,0.0823832495207245,0.5172039219158802
1222,0.0251266853291646,0.6459156041318672,-1.1370344730952855,0.877432646759782,26.553967265815107,0.1211588567932216,0.5829221217890309,-1.0981094674965104,1.120059430222757,-1.2756534136552995,-1.6479314139356676,-1.421985249475436,0.5522236762745558,6.513150664559716,6.657287755670224,0.4851317021854788,0.386083145605304,0.0355098538994774,0.8411070604450015
1225,0.0184657105717345,1.432435203160774,-1.661542600631453,1.2393017452420136,23.849204603177675,0.5968712242001086,0.7549438369227266,-2.258427176509933,0.4242422757467305,-1.2163830007526082,-1.1494187103228344,-3.439231532734869,0.6476771047704198,3.754402940826989,14.52011914853447,0.9222989667333308,0.357997195014457,0.1567977119625059,0.7836827412828753
1233,0.0282171017444527,0.6977230627880828,-1.5107115629957328,1.6308430688942284,27.37802799744838,0.5577989739383727,0.9194695605273032,-2.22255384171003,1.0165318026835564,-2.971205793248308,-0.9713413202877232,-2.760975421220154,0.6965436169902872,4.423702954433922,6.4709057385491455,0.5336012747097315,0.313909161877228,0.1584871832583209,0.3205566831424344
1239,0.0207195300253703,0.3082422662566419,-1.9449542271711728,0.6590150715655586,16.236172138137633,0.5553378650820723,0.601801782394543,-0.6863062142089467,0.3312474409263808,-3.500366430242505,-0.8348958050122808,-2.5632879728671205,0.7561374402461776,5.5022488777521215,4.397340206182481,0.0226417249155126,0.6998712572274985,0.0759222679872355,0.845416388910974
1250,0.0290880121382099,1.1646469601016414,-1.1512536658096573,0.5837593434279551,19.15508350327404,0.1413840239860317,0.6310067939441152,-0.2005931705470134,0.7356228808651006,-1.5050282475547387,-2.1361882339696336,-2.838782705764308,0.666667740173794,3.032801070728269,5.471931515996779,0.5989654274264408,0.4323777249338029,0.0516512553404745,0.3722048319684005
1254,0.0216935654893131,1.1595433982566077,-1.8513065380903169,1.4941085307323243,19.901906923840382,0.4822809841176881,0.822990786324829,-0.1065422290193911,0.7342453665641789,-1.5245809862553514,-1.4606360053515228,-1.366573353094405,0.7699022404941052,6.890493057104663,7.850788366130244,0.8252750559574646,0.7114039162558776,0.0894676207520199,0.850690587209886
1262,0.0220133879921633,0.6838068395072188,-1.3777819785863596,1.7873561890689489,16.30982201675277,0.5461711334758484,0.8419358970723128,-1.2552394312611357,0.8541939103246716,-3.359799267965672,-0.9382560215484704,-0.6909746159032721,0.7673188661765182,5.689637690445007,9.707639700727,0.8303108460917048,0.6708231354838339,0.0709478065244331,0.8362074840624252
1287,0.0205139738359558,0.7509211323019813,-1.2848834727813896,0.757085673763837,22.55582741713087,0.1897663109368886,0.9274783117382986,-1.333549647741728,1.1033304263787589,-2.529259341968749,-1.598501267654875,-3.399910048103856,0.8106178555779324,2.282111981206643,5.396829750436929,0.902836675354608,0.0141071282141385,0.0717734693296462,0.4983488584702673
1322,0.0295120429760284,0.7971662327544506,-1.105504310403436,1.5367765650324512,27.79932065485752,0.3302741511910184,0.635823436000936,-0.230404597315498,0.7349643503637917,-2.4309756458908804,-0.8760029150674167,-3.761173582579978,0.8114634849877345,4.482386065772607,8.946842148405764,0.0167985409259979,0.6930836003254528,0.1870512494674246,0.3508134109858823
1327,0.0275152932223026,0.8032641837538079,-1.1077065338144831,0.5381694939672741,25.526766917193093,0.5105629514339759,0.7975196737295512,-0.5556587412758831,0.8781594490980289,-2.3899428330761374,-2.229472910197853,-3.0981362486959583,0.6674825372551184,2.477925962026075,3.5748524586171437,1.0532095298593358,0.3178307669113338,0.0287320943111168,0.9142272762249112
1330,0.0226679152267419,1.339969007991354,-1.1531964139999984,1.6334573434432482,24.25964348670051,0.3638971932829401,0.935382808054436,-1.3362993750764915,1.4033060658642638,-3.51959835417194,-0.7114802606365438,-1.6802999276112645,0.7589109461706549,2.3016154390988564,14.949718053140211,0.3335463424730215,0.6799352354702629,0.0489220970076135,0.6392195195574017
1336,0.027947471602963,0.921567782214474,-1.12735003942128,1.5686869530332632,16.440753071726743,0.4421804330069117,0.7032200972002811,-1.556830056350308,1.1320579783307732,-2.283913987466833,-2.095855865413392,-3.734103279022469,0.6437357710611523,5.0098463068815775,11.018787119162878,0.9556412797194572,0.4378866793576744,0.1843438195077479,0.5713314689190672
1345,0.0231365152394436,1.029602418743206,-1.1902952424466475,1.2037690069184457,24.872708583908437,0.2258494060688505,0.8505443923938583,-1.1478142016844144,0.4930474444199013,-2.377270379413249,-2.367266011069181,-1.2934977739094666,0.6568817756491665,2.013962259647493,10.352969925430097,0.6137063117407753,0.3973174743199308,0.0999406382081146,0.642654739729499
1359,0.0249975931343534,0.7704074904262164,-1.262735747825187,1.3092252029232287,18.549559218154123,0.1974752938655245,0.5689297152716821,-0.20221159890185,0.7792444723846925,-2.8822434687385443,-2.8876574707329814,-3.7990562548990474,0.8542529494671447,3.800395435291009,3.1127392732920973,0.490562152332232,0.2961798178453138,0.1724459460238826,0.9132597967032254
1365,0.0128555541685274,0.9186136346710504,-1.589716982371558,0.821215238465904,21.44863347869317,0.441754187279579,0.7350119569405423,-0.0909220191041693,0.3972012293232579,-1.4045403191051902,-2.080498098360456,-0.6220272122690527,0.7708417815323095,7.129130356533851,13.458422601758176,0.2660330609390741,0.3114043299615653,0.1883149342292857,0.3659431299331284
1368,0.0221344926744958,0.3336126329377104,-1.56289773022405,1.938587160010284,25.274573512057167,0.370747302771481,0.6892049729839315,-3.7137580499514753,0.9562821653857064,-1.553324702144076,-2.5722117121709687,-1.92513079389302,0.885005999858527,7.467744617817987,7.718131923580031,0.9539904694916088,0.2708392862451842,0.1083189784199371,0.4974615891969336
1386,0.0201329339971978,0.6717952930458526,-1.1734455733063418,0.7745859505946385,26.260486345554007,0.5752034945587213,0.8241256618280011,-3.0894903407737786,0.3625416840050425,-1.6835814989471736,-1.853919373691532,-2.767487542169239,0.8010018634065843,5.033186587286212,6.547943345054879,1.033409181842943,0.5904866849827054,0.0269718027421752,0.6960621745540815
1391,0.0270048618870045,1.0081674426089102,-1.1616433605646344,0.9801557433367146,17.275448797536406,0.3290822407449223,0.80009470607344,-2.5997022634746623,0.4191505583474232,-2.9947055199971104,-2.4526103124746887,-2.320469979559473,0.8411987279703839,5.849926668353244,6.747884912415638,0.258257695971531,0.2449041473543258,0.1394668731572462,0.7015828744234642
1423,0.0275722371502524,0.9294345805199756,-1.204643386982516,0.888764229064788,13.68679003535616,0.4406955322208311,0.5666891186181794,-1.554277364269108,0.3697090146422421,-1.798161928645582,-0.812770721634013,-3.676533071339101,0.6414600978009573,6.435036795598881,3.641163414900985,0.3278095397240731,0.3034807117676387,0.1118780072990015,0.4296341051096112
1427,0.0205116661886628,0.4187953022005125,-1.1912754166378907,1.307452627393681,24.202845218699327,0.2884667724331258,0.792544637162844,-1.057456718516264,0.918443601133074,-1.381559826299044,-2.9350249656549523,-3.752137811999463,0.7520786849004958,7.256385917769681,7.588005569374172,0.3818790068317485,0.5123083348852377,0.0566448146977792,0.9072324886984084
1430,0.0221081325747362,0.4950512255580007,-1.1402109684773434,2.268616322168855,28.39538814637014,0.5844495021823395,0.635108668981448,-1.720222745999335,1.2363672422945249,-3.2933210198964984,-2.8972757761647245,-0.8034850257843806,0.5983408314776447,4.40551762245972,7.160828629857287,0.0381377524829102,0.608084675235798,0.129698168012549,0.310473248785126
1438,0.0273385162910027,0.5175434499904186,-1.3923451597074843,2.248371416787455,24.62185954704981,0.3868927213853604,0.9266234427470176,-2.357486947690789,0.4624572069610079,-3.5698715804755468,-0.9509111303723644,-3.541691962669673,0.8091000919340244,3.9479371514555,5.460436132756119,0.9253222649860148,0.1529219188348814,0.169309769426691,0.8693012933931998
1439,0.0134515619560511,1.195064667372744,-1.4510191647852084,2.1735134261210693,23.58775406166896,0.3012751547581501,0.5044570603294065,-1.7835297195898223,1.140177761499524,-3.6831638800020174,-2.148624033601225,-3.6644885457211296,0.7301606838165258,4.5964133165286105,14.874998337262577,0.0095854116951563,0.914725186458426,0.0808433213986626,0.3642615385486003
1456,0.0291843104967579,1.400915376625003,-1.1448338307018089,0.9942588757617444,23.676670454638213,0.5088365078929757,0.68328991874576,-1.4943795341349029,0.5946679864406361,-2.881173424113332,-2.7418779620375258,-2.1313469292306344,0.6683832430810402,7.502374709952052,6.57570002446805,0.8169955571772161,0.8272213674285985,0.1170867327766648,0.6093798209877617
1462,0.0231046910800435,0.9363697095335828,-1.109563901978485,1.7854816700277616,14.790936673384367,0.5481484429765954,0.6190537142471058,-0.9650295855118928,1.0047578706954576,-2.103079079026812,-2.0125398044459093,-2.7101133536987256,0.7290767433221879,6.46963240155931,6.2672969421678495,0.117863557258447,0.356490861138808,0.1010146333002505,0.94756192592527
1465,0.0166136561620943,0.93765815311895,-1.528254536353599,1.5242143027651407,15.373811509370096,0.2244739716035461,0.6280644719366176,-2.5911372151497614,0.3987742971776146,-2.977488498604454,-2.9044935639878964,-3.877280559598121,0.8896937516982786,2.886202966394769,14.15972542039454,0.0223561627360195,0.0911822440311385,0.1470976448906845,0.4421764546883421
1470,0.0225449091131391,1.0132678517282894,-1.1873283443642544,1.3532980668670658,28.01794071776886,0.5439279139653778,0.8687191029537928,-0.5577617739316354,1.035226944751365,-1.3746477558039274,-2.4202724293538944,-3.533904322753603,0.8692018935568331,7.665401283124957,12.389685387265674,0.15516049953161,0.9156758937698808,0.1235665721520159,0.3810411320021805
1475,0.021390597374159,0.3816983993932383,-1.4590620931666365,0.5290593083175985,11.257918562206491,0.5837280572526423,0.9413972276066436,-0.9606064373330234,0.407874834258981,-2.8871701536146936,-1.7865971988207336,-1.4754857051755268,0.6051048128872686,5.159699384982419,5.135446910255189,0.1756832877779191,0.3491575369953016,0.0212770479128359,0.4797550831181804
1482,0.0270555943639401,1.1521082687968636,-1.3665761089745276,2.044887247635824,24.409967041633696,0.2921130232637798,0.906313226484152,-0.4172331215877429,0.4329836562195525,-1.2253821091218096,-2.462571135314353,-2.279136230239604,0.6423069008056694,6.4933366577815095,2.2486431158809945,0.6545306472432578,0.8716348333352798,0.1346199993264388,0.7460292116907621
1490,0.013498659964742,1.1572137515904923,-1.3917051277219017,0.8993202403578684,25.08019842675996,0.5569363763796056,0.718418103136317,-1.269213960722933,1.112549813403399,-3.490280463810544,-2.6154518326194687,-3.797109983305367,0.5606485184481845,2.001945435755029,14.307293119482582,0.1613501362743926,0.8396663800965,0.1237478125227356,0.6035712493280255
1494,0.0229882755149586,0.8069766175787165,-1.6045247812298666,1.2001335092563,23.293956359928732,0.1538944310711631,0.8032727615141321,-0.8081923908831201,0.6986803942226514,-3.7730739176755455,-1.82446200551697,-1.3117348551065584,0.7064183508236039,3.4925912204623435,4.161876543996009,0.1246473365789339,0.3573542899726485,0.1380638739626425,0.8911106099348223
1570,0.0278656476635382,0.9495572837906524,-1.466838633599151,1.9055224552258845,21.3968724078926,0.3615669755831966,0.5768254990787207,-1.453746707246025,0.5987783931050701,-2.451913540718204,-1.5261304128953386,-2.5500347263433008,0.7946361380178429,2.648295654872737,6.632443679304261,0.5595459837405246,0.0866753511889595,0.130434125838743,0.70609296488362
1578,0.0221232046925479,0.5121433092635315,-1.3606373187733405,1.4813295648254263,24.399739067256547,0.1685293102484226,0.5054722764419933,-1.0206605504377722,0.333098696630448,-1.6256985188514732,-2.8037929331486136,-2.593691055496881,0.8472199700432754,4.681175722779075,3.3441198742845826,0.3937961551684978,0.1992615607929607,0.0304490461213483,0.6499820827356688
1601,0.0248364823597171,0.6081939823514606,-1.6621828177182465,0.8191798047802901,19.22516204572802,0.2070657561224212,0.934452267635774,-0.3922287670962761,0.9007948576935448,-1.4694517256763038,-2.079585729027601,-3.4998052064429226,0.7141621348933238,7.763109822330419,11.054186092945892,0.3040318793009405,0.8733072954081933,0.0654697865332483,0.939435256198978
1610,0.0246878732534482,1.3246384989284627,-1.1528678187696724,0.7192094524641076,21.12086182977744,0.5845898679311745,0.6710362255859383,-2.1974114544990693,0.4042008237369112,-2.422223078796768,-0.8921281579662765,-1.259955914368943,0.894897714841568,6.394449317450107,8.849224132539462,0.0895898302849059,0.1823415106513137,0.1641239978538892,0.7557354870070964
1615,0.0265621316296333,0.4009331515214571,-1.2992030590356318,1.7623731728857934,18.473971092251773,0.2384538048606081,0.657754589834549,-1.1837059146638649,0.6073831524478016,-3.672119632525163,-0.7068784420649346,-1.4445180246830065,0.6000924277354236,2.8835712044334043,14.545954782723156,0.8351222990178926,0.6862592343008699,0.0858182727578118,0.4048589486058919
1621,0.0205941476406581,1.4887365502250016,-1.2719772172287929,1.794801537919124,14.223121530253568,0.2565393185298068,0.9299091832945972,-1.2343856632035783,1.1024424569042246,-3.8294637671570975,-2.8183032081953905,-0.6375665984099284,0.7863516007031909,3.902449594588121,8.872772850591682,0.4148326254576711,0.3501959213338802,0.1812319948184961,0.4245170086490918
1623,0.0179389210258351,0.7565750206818693,-1.4407034091099202,1.0744249883275574,26.381725708385677,0.2413286704918921,0.8783904696077991,-1.220890824083965,1.0874041166673836,-3.211695203961866,-2.2530863098169838,-3.199484472144494,0.8924072703969348,2.027680113401332,5.9787919317105445,0.723073277082044,0.5432655727733915,0.0955725105284991,0.7909437082129992
1637,0.0188715591727962,1.2321130821077857,-1.3976577951198232,1.032886178715063,21.769010849727696,0.4487542720127254,0.8176783653535213,-0.9405132902611332,0.8157181086328973,-3.167396978098754,-0.7033890356254919,-2.1688714734171626,0.6996239228826896,4.158817519943673,6.473471269454718,0.3303980187429725,0.5480850477450023,0.0279038398613132,0.3832423869092396
1640,0.0198295238047195,0.3977044068462294,-1.7270744784927563,0.7587042679199584,21.619648545959286,0.5119027457663721,0.8934935783834967,-0.5238867715407705,1.021058901412139,-1.5564437235248016,-2.512786164332902,-1.3819366712020051,0.6985813529109425,7.425017792727654,5.06620273416284,0.3009223918978341,0.5384698553355325,0.0614771194621148,0.864692118168704
1648,0.0232680211975114,1.1312345599383464,-1.103430733458752,0.3846077387131855,17.851240181274868,0.5489996198176178,0.80779888872066,-0.8936586618387756,0.7000927688156253,-1.6278846854814764,-2.57009444629814,-0.762315370160334,0.5772935625779854,6.272366246569458,2.909341037761485,0.4222103530839394,0.881893868337051,0.165182909056822,0.4936188499252392
1673,0.0154779193645707,0.9317714658503014,-1.316492772052972,1.170437478636246,29.2420219920232,0.5197104810282145,0.867019135290165,-1.771013071725598,1.0151419865459173,-1.3013078156137712,-2.454135216532685,-2.9454618759744573,0.705735743008448,7.018136783766304,10.551870852818668,0.3606463530984395,0.0777436076254816,0.0891596233274244,0.7859241351016493
1682,0.0279639225698629,0.8757834606516961,-1.191477715493215,0.8990862454262682,26.753821690191064,0.1132587924380227,0.6147648735117731,-1.3900421880841138,0.310086377688607,-1.7924338688597432,-1.894179749617965,-1.9326587460660445,0.5689139756745489,4.763816535389921,4.0871998232521705,1.0896678876167032,0.7752161232178745,0.0239261135036512,0.5685856877044835
1691,0.0231387534073102,0.4963227016026604,-1.4624436839327497,1.940608367836301,12.40605131642182,0.2646812774107113,0.5344826585205228,-2.054939675948031,0.66501650628891,-3.113832708236003,-1.825372436931285,-1.354575671481555,0.894941701366857,4.04653609587143,6.732724742933236,0.6128766837432841,0.0951061298633383,0.0690385414091496,0.9632870910985772
1716,0.0223476396481284,0.8441013883809632,-1.5334742784206383,1.0397673614337744,19.417462709901635,0.3572836951359621,0.8467423918765955,-0.9346800269920372,0.7070408569776496,-3.647303150525281,-2.0442734117043417,-2.811529145444525,0.6550179714419816,6.086929861093253,6.724253210732201,0.536137010996548,0.6069724902080089,0.0707770742768026,0.6136055948553554
1722,0.0202362373668326,1.350959036565255,-1.4023204161530394,1.4128752843450574,28.2540776599099,0.5123077480762954,0.8603847102493143,-1.1330421661517205,0.8161015349718197,-2.6105080408982504,-1.5210098743628715,-3.2813979271662594,0.5765929979433108,7.625889943473191,4.606276586102206,0.3801650630837151,0.2257309768450142,0.0295315056474206,0.7632059273866498
1723,0.0265121819250604,0.9892623015711826,-1.3343375657860517,1.8192184086844416,11.432866617300618,0.2918596840238533,0.8675311610503034,-0.5986540974546797,0.9848971408442312,-2.4157701993670884,-1.04338820745941,-2.9550481335874186,0.5553995815977294,5.809655949382348,11.13271028691857,0.1537858650153373,0.3640588571847995,0.1978884853843464,0.517570202588364
1738,0.0154037736930136,1.3465812678856035,-1.864217870374215,0.7863836092359575,19.969787874924712,0.339227100879558,0.5211252755377536,-0.0752067718496434,0.319204949284628,-2.2993033551030155,-2.744897129748813,-1.4146870507239364,0.8379707254157316,7.290044796790083,12.440457197635034,0.7479770633013899,0.7126750289160465,0.1280898327925025,0.6099478069843794
1744,0.0261276333522962,0.3397022231477427,-1.156276143309254,2.265311346598366,13.297801237798428,0.368001895298763,0.5784894507214366,-1.931012057383148,0.4895179791444432,-3.650589631377952,-1.1577543251139224,-2.0565311925184235,0.7366017170073351,2.6271573174596257,8.634721806298394,0.6620787196548322,0.5650755059155419,0.0418400821566214,0.7070586365447014
1749,0.0214060413205243,1.1695010752143409,-1.2311226357291771,0.6252964424967815,18.731276793304986,0.5350996139467482,0.7506250378492823,-1.9460558361642657,0.5214438963532716,-3.160429323409056,-1.033236039402678,-3.054937070119335,0.8275075061354206,5.838833542418,10.085145105595805,0.247198011212264,0.0054428128761914,0.154750347177672,0.5364733380408332
1751,0.0167266603738279,1.18432943766113,-1.5912028662911846,1.0273011828008063,29.322928289086757,0.5942686212506079,0.5313682562290495,-0.9247176845267528,0.7277376600577048,-2.38055503091997,-1.0357160463348902,-3.403774386671508,0.8159305613283476,6.164578062054142,8.86778859028447,0.6412802088584121,0.7140096058969597,0.1447556139262394,0.952530096200194
1772,0.0195798651217104,1.2811168093644945,-1.1777916435423483,1.8586527959521657,12.484671954595942,0.5992887403264862,0.6005361731100937,-0.3956464961513575,0.7550298905043993,-1.9604576573545305,-2.8236912970823203,-1.24234985541429,0.7790208286217344,6.071142356498074,11.474101581342262,0.5576691823592506,0.3786750108645578,0.0522771488463387,0.470555742004551
1773,0.027392360204862,0.9507373233850084,-1.0745772422273954,1.4323752363336006,16.844157873938016,0.4930259931464867,0.7385224459129839,-1.17419438167579,0.578060749101796,-2.2778816884168327,-1.810236331512172,-0.8454663474667932,0.7219667049135154,3.51385215320298,3.839301721147407,0.9241591270743272,0.8059931285624373,0.1657369955090777,0.6830518883908409
1813,0.0223551179603297,1.2942717317892796,-1.3093610763942318,1.505594081539211,28.07114914642496,0.5654302415105125,0.5687434457530226,-0.4810332867642808,1.321906791684103,-2.4198382086816936,-0.8967298207754784,-1.5255828144902883,0.712180262247043,5.408480149480905,5.547659657969202,0.0031978042834751,0.5704506597277131,0.1524238233201071,0.8734903280989159
1820,0.0193934369985354,1.365660631464657,-1.2118548829685472,1.1342241009416882,22.42426971136656,0.2036194516210602,0.8425891556951715,-0.1455989259333439,0.6991888727489758,-1.983311017681339,-2.648435562478888,-2.729267813384939,0.8442567013479181,3.223996084018192,12.800408574657084,0.8469202263218011,0.2146547727778812,0.0749159090247761,0.5964476703489259
1823,0.0289396509267321,0.5513018853160412,-1.3304217999509222,2.287608906665626,25.98335795329105,0.4470319407592428,0.6644317037841494,-1.4325386512887448,0.3936767798786951,-2.344243488658196,-1.5037091349268896,-0.5933872697198619,0.8088611855764833,6.45367320892472,4.26347053721575,0.8671202924645134,0.5986438741647422,0.0630429032266316,0.8825492208870787
1828,0.0133195863365678,0.9722221870982706,-1.590420279269907,1.0490192278850432,24.806059707058942,0.3924868918009556,0.7224076211232797,-0.6305140568919052,0.5784564579056092,-3.679963473015095,-1.5288386367145177,-1.872880135962236,0.8826165939960877,6.122664533106982,11.659266615156865,0.7931987277276515,0.8945327696383273,0.1582295394972271,0.4084224982324443
1848,0.0255963168929943,1.1895770440332496,-1.3379671747704416,1.517809885122484,18.069836176048756,0.2727847713378099,0.7875956686471375,-1.042012478376337,1.259354358587169,-1.631471776333457,-2.571241423023487,-3.409855550741547,0.7182481046985187,3.4686192159776583,12.810049485795783,0.4718390689647141,0.0803860839616729,0.0208426906296207,0.4547318581039945
1866,0.0290538806557072,1.128037588422937,-1.1465360194670204,1.9753891853170675,28.053491391155887,0.3892119409997586,0.7242508486983735,-1.6854276750721038,1.4494586176612794,-2.4036567598528773,-1.9888235666720115,-3.3590741596468767,0.5578928419444661,4.843404854747977,3.603763880569309,0.5926113404587684,0.5699559331247088,0.1381194165945166,0.8567746004380479
1874,0.0257160477840973,0.3075743859215824,-1.3829994129992604,0.8371023870125565,15.135299118234826,0.1793956149406319,0.7815329942038376,-0.8253982131072046,1.4760419057887868,-2.667459744731797,-2.4576670555071605,-2.7222227002761903,0.8608579412404376,5.167982272842319,9.8459176012422,0.222879320773893,0.3243386135846953,0.1950977917040598,0.9175802608922898
1887,0.0279054884801094,0.3673229854707225,-1.182181546521655,1.2074143661538077,22.14734162983948,0.5951256000544933,0.6735962446842876,-1.6683403370423706,0.6243033321247408,-2.959285841814352,-2.1240869699177103,-2.132823812312937,0.7565223818763157,6.641298556895947,12.058417802388966,0.9476196240912014,0.4818299260505993,0.0487273776319876,0.6189664579913148
1890,0.0210269613179466,1.06494410938812,-1.6111726111281452,1.0003809685583165,12.846310532018986,0.5583085463474865,0.6809422856845833,-1.8324350500642987,0.6606166311914019,-1.6093035471499335,-2.0078047307063924,-2.631244466859873,0.654375894710784,6.051475011408765,5.763076216796064,1.034353207955612,0.875708780952103,0.1268995704101524,0.4885067064301227
1896,0.0158277816337178,0.7188262212190453,-1.6795674390485569,1.2886263062197054,16.223088620183475,0.3427485492509664,0.873515753789657,-0.5459448226726673,0.5120093255118523,-1.373011460628569,-2.261754225816749,-3.860342268077036,0.6160485317130922,3.8322104420743175,12.148283225175534,1.0217749447893074,0.5936830964327791,0.1605644159144457,0.7478909901991089
1897,0.015544100192694,0.8099583966157682,-2.221933180687678,1.013565966114991,22.9263860979012,0.2659438202686638,0.9071624113160146,-0.3864890365893831,0.5708874703335395,-3.595667373698123,-1.144431978071084,-3.2056929629694526,0.8204341730906746,7.8741590563237,4.09701570710563,0.5014308346863199,0.5672479011716869,0.1395671813166843,0.5429523358585022
1928,0.0278580539729368,0.752336684605694,-1.8139835974796867,0.8764165587998102,12.17724064052189,0.1065610407894328,0.8142379874931307,-1.909219359034192,1.1042184549340883,-3.243401711215735,-2.047363041400814,-1.3006315845755352,0.607481119370545,3.7422013557280462,3.588312279559287,0.8291260243773789,0.847601994436227,0.130071528194048,0.4473005831840421
1929,0.0259854532515928,1.452289088957582,-1.1656470857437031,0.7098316847570864,13.052809902739163,0.1669061070817714,0.9151643235070712,-0.9635544642783876,1.191246102639826,-1.7676907397662989,-2.9509193969549763,-1.3776576529990856,0.7248741812470957,4.976944981855964,12.270317894823364,0.8295701495598148,0.2508177261224152,0.1347783210358432,0.380083334812665
1938,0.0209273693130294,0.5944032573564844,-1.9750056737847848,1.0515321234137318,15.919138647510682,0.3637449170799267,0.8957779491809517,-1.391021357340545,1.3151901566400217,-2.662191581088736,-1.3337075320807452,-2.930638928225461,0.5877826792323929,5.307442613559625,7.360042976131366,0.6170267902123503,0.0016049602523161,0.1172592093103063,0.7649616575381248
1960,0.0210017460123985,0.7679758531900392,-1.585825548743817,0.9116748195112976,22.511418745435414,0.1351313329659736,0.8619056980820059,-2.6523659942858213,1.361503750147221,-1.8751482375047892,-2.898077552322711,-0.6963612877786685,0.6249129547572029,7.485049468553483,9.32467909017129,0.3878246675302151,0.8824956883633214,0.1057864407205647,0.755221553647671
1961,0.0218072846405795,0.7087001624611324,-1.996548722897715,1.0468665921931888,22.394764744223057,0.5770596097569272,0.8124128061795395,-0.2974790652070136,0.6125311643114535,-1.7687481195864128,-2.241833452929456,-2.004820317178571,0.7372821700167624,7.936215925857501,4.903365369262732,1.0297606488434932,0.3732853660992098,0.0272067201559748,0.8036829521237625
1983,0.0226155384696871,0.8669620494925039,-1.197848294749007,1.0901457709046003,17.550358988027106,0.1703159732156246,0.8994651300701734,-0.2585402342180862,0.5427697864089431,-2.71609844374968,-1.900079022235852,-1.118184010953399,0.6324704720423899,3.933030226782043,5.330799969035538,0.6864102289435444,0.3327885411366589,0.1228921537115498,0.5148892262895516
1993,0.0218741055957771,0.5399184932417369,-1.2922471521144534,1.5076239045349806,10.592676759670734,0.5687435368374988,0.6831127662801507,-1.4573657771386077,0.8223942334662666,-2.368020549317367,-1.471532793183694,-0.684832897830618,0.726755556669825,6.019608307102715,11.025237002199496,0.6441645566258193,0.5927946086656157,0.1830402610203388,0.4095741215979577
