draw_idx,hiv.beta_m2f,log_syph.beta_m2f,log_syph.rel_trans_primary,syph.rel_trans_latent_half_life,syph.time_to_undetectable,syph.p_symp_primary_f,syph.p_symp_primary_m,log_syph.rel_init_prev,syph_symp_test.rel_test,log_ng.beta_m2f,log_ct.beta_m2f,log_tv.beta_m2f,structuredsexual.prop_f0,structuredsexual.m1_conc,structuredsexual.f1_conc,structuredsexual.m2_conc,structuredsexual.dur_sw,structuredsexual.fsw_mf_conc_mult,log_hiv_syph.rel_sus_syph_hiv,log_hiv_syph.rel_trans_syph_hiv
17,0.0227323292894037,-1.1830850890006748,2.251333386409473,0.2989974094200918,21.238831082608577,0.345249643393574,0.8991704514273835,-1.0306119469284063,0.7449070401844241,-2.8306516755592064,-1.7899776404737024,-0.9182765564378998,0.8303942208778335,0.1937392132439703,0.2483721421548512,5.408863465289748,5.005782893809027,0.2465631855216749,0.3106052792766198,0.456255551487395
40,0.012940765067293,-1.3087956299893193,1.3742849046052636,0.9268523146773596,29.401111706290784,0.2721935626370778,0.8108380617540276,-0.8290229989511326,0.4328594425507717,-1.962075796643554,-1.5894351225811407,-1.9383459925479076,0.5788031491547928,0.2291036574214802,0.2068397360280217,5.055792917709473,3.22813976933811,0.1582094606229852,0.1801490542162745,0.6443385483464719
43,0.0293794687225157,-1.7573377155195056,0.44030239597729,1.8991009810891477,26.820260891975167,0.1369922027777292,0.6889098311604944,-0.6926467533092628,1.307302879176672,-3.474319299979346,-3.2836807650924644,-1.6468820439944063,0.6068220862830729,0.1452692748137298,0.1796917607835146,7.2483998781132275,5.982602656998802,0.3643603860912994,0.9809689482623974,0.7170907585300526
50,0.034216747317739,-2.114446051797153,1.8703904778885936,0.9321053554430272,20.508426869907968,0.4347421687998936,0.7370222942299611,-0.0265753756030595,0.8264698654395033,-3.665462997929253,-1.798412322886617,-2.2253663492918783,0.746688782490559,0.1495322843484494,0.0775181904926407,2.5023665692871955,4.3323070151430345,0.590418501081337,0.4404197023085268,0.272181746000656
55,0.0171348102686356,-1.1735946470379213,1.188365774680936,0.5288641808842949,18.16893586428801,0.3428861726389514,0.6746775317366444,-0.4520660501165219,1.1759662180650927,-3.029428227100044,-2.947154294651293,-0.9787028836803766,0.7732007428119652,0.2990189880570539,0.1618236133095393,4.883189954932217,3.744196991734612,0.7055512278771371,0.0925330129326934,0.2194991920602813
57,0.0376089423016224,-1.3260033854389666,2.0800249830416746,1.513532255031986,19.06768699691165,0.1853263000181265,0.8701640216983821,-1.6814148993024285,0.716035623641559,-1.439244168058842,-2.4338396366569217,-1.6070533315100408,0.7138184230105487,0.15335360923997,0.1985848185796942,7.530720617796342,6.0078135365647904,0.187306031813639,0.6242079012720353,0.0907635883526806
71,0.0212512760626201,-1.2550223221806585,0.7572689190960912,1.0232307266592793,22.057004587613445,0.1933367234709729,0.7597313101708634,-0.1691992359206287,0.4942598240439059,-3.492943323210039,-3.752888860034438,-1.1862776115777307,0.6031122653379667,0.2153215236473029,0.1724122007379663,7.300463173605796,8.488122517097377,0.852962219430118,0.5425901878666822,0.4221853892055046
72,0.0303887555550827,-1.1336422859161726,2.177740639487661,0.3922297668657197,19.32865578606124,0.5389145083944245,0.7434172051035429,-0.1985316321592156,0.4676201416454854,-1.894325327352628,-2.717782821613539,-3.796473095611357,0.5986068078721432,0.1638931436409744,0.0794722899908507,4.8706658436246535,11.665346741402136,0.2286500910471563,1.0539576957543413,0.8568140536346366
76,0.0364308874023764,-1.3461335570433917,0.3659583334253686,1.3346520930256314,12.142028392796682,0.1959371184406987,0.5440120176003608,-1.654234320379273,1.3267808745323295,-3.463937668673469,-2.9153772541607985,-3.4239973955616407,0.8926615378535105,0.1426429627247199,0.204700025462605,4.383863825120165,4.573818048868963,0.9385928622829096,0.96484480064985,0.4235545598605537
78,0.0404858553616137,-1.2046149561281054,0.9208035032666466,1.7487382402931009,19.63380506818768,0.470565570763323,0.6283935287383972,-0.7071931892304799,1.0148826455837838,-3.780546911555108,-1.34544073893604,-1.9917724242311887,0.79369409995148,0.2942280072621802,0.091501979699535,7.898342543351214,6.665192051172809,0.3927904484214579,0.964016516351086,0.2417347621483528
81,0.0195377088476892,-1.2433105525125323,2.2276412665784497,0.6322762681247966,11.549417439974825,0.5017390038852192,0.9275694828627884,-1.1901383037092073,0.7069228419151181,-2.413108129660441,-2.2000667998049463,-1.6791416008323208,0.5757653961371368,0.1611126829919643,0.2477346375126013,5.601288676686852,5.886343318358878,0.7766619869249854,0.6846437075627088,0.3333309961045141
99,0.0176056506362993,-1.1133165017584832,0.9864147569144136,1.8297716941753748,18.78080423174908,0.1305837324870521,0.8824698507822979,-2.9496179556387707,1.1186842212848356,-2.8269954245198408,-3.906258400969716,-2.772447164873242,0.7700739953284826,0.1243838923468862,0.2460418921708779,6.576423590415559,5.632251795004578,0.6530524372513032,0.816401063267342,0.6950584395467541
119,0.0371830664235936,-1.3886382728025586,1.8782501992588525,0.858490189686254,14.64088357653835,0.1231785247072567,0.8691361961449302,-2.212603807080108,0.3709730464551234,-1.4356856614640896,-1.6530390161700024,-2.335343505164637,0.8381520253067472,0.1868496739908315,0.1961500998796672,7.74314067266053,3.251210946062981,0.1501621571580816,0.8904766911529799,0.8683060927300946
122,0.0149373180806784,-1.3220981956888067,1.973026050586802,0.7617505058070055,28.876090763768666,0.20039646617489,0.7165208931165773,-3.3331306499657183,0.7357913292727248,-2.4070057107756235,-2.627613163585342,-0.6926837166499924,0.8420065457040109,0.2314312034327035,0.1613041745776238,2.8568187309696027,9.796038653013111,0.8885256689571653,1.0262636129637297,0.4288589076362342
123,0.0166425164132484,-1.2251298097444565,1.4467899911488815,1.386781638604318,17.00778329501765,0.3459855728416675,0.6852819043173806,-0.7660887626292592,0.983651723930794,-3.2227578648483504,-2.146239336358996,-1.0416089360340868,0.6867586013864543,0.2681192824854915,0.0566078952810263,6.559957995690289,3.0569135830982432,0.5212500861501653,0.94911697194274,0.3400582034330617
127,0.0405726993548724,-1.3479367644971187,1.412607250554346,0.5045888154837854,21.98052172013086,0.2258149663837827,0.6352964973898744,-2.361546368609967,1.2840886213478904,-3.713443023773968,-3.016609719404303,-3.271025262889407,0.64806359599472,0.0918428795842199,0.1205846990838099,7.499069186578687,5.694163089727327,0.588210310996931,0.0064588755451864,0.1502651932809747
147,0.0465927076203888,-1.7951266052486563,1.985522877299172,1.0432953266525808,12.324997468189306,0.3496761854632205,0.8388181567565787,-0.1498394783003398,1.2350654486876278,-2.9819363484007977,-1.781416586788506,-3.6094647150192656,0.6974233551726475,0.2573509412093702,0.1462409344340135,2.690061561356691,6.64561665450824,0.615547191937277,0.7883512126914157,0.5491236776969982
178,0.0324101462850727,-1.2058606956651123,1.9111534258331155,1.9290698801401585,29.82804052778127,0.2435338757158191,0.5821192993361853,-2.810893693383978,1.2095914979241067,-1.3327762379325518,-2.43853623027222,-0.9044400934140177,0.6641230058779967,0.1006483468556694,0.1395112347230126,4.525824106025635,8.474767585701377,0.1665123049893782,0.1023420865388763,0.0245346644723854
182,0.0095220480898037,-1.0805138236556058,0.4593271386784521,0.4486649835988369,23.872870081558556,0.1715694985425994,0.5983575867210065,-0.647211224338585,1.0568668160694146,-3.146774725416708,-2.3238993584842484,-3.715680873863183,0.7037374753382843,0.1586445036093032,0.1368573640496471,5.852506460265015,9.862088649164331,0.5280376763019137,0.7607408060108559,0.0350356568003468
242,0.0319861661005314,-1.43413710765294,1.7241481925737128,0.3752319768959478,22.18446342787258,0.4912698599946746,0.7200147334293738,-1.1586757866868544,1.3042177113935172,-3.220075320211415,-2.4119882292148214,-1.8997678368021356,0.7994595533953345,0.1731958349765035,0.066311262098995,5.157415132816515,4.216785093207208,0.5481715408847952,0.1484416460241387,0.0914646909624549
249,0.0333674503430759,-1.2806429517196565,0.9469245907152136,1.4404209664710643,21.405187255420813,0.3644425721607469,0.7262048490449788,-1.8904764161775585,1.071797327945068,-2.4369862103272597,-1.2770113425742875,-1.8071905263280068,0.7566665071081923,0.0902580019122384,0.1323369568479686,7.692822624175069,12.732033938183232,0.7468636565993713,0.119948505434906,0.2113100383616379
266,0.0284537947591307,-1.0531657202668472,0.8355107406942771,1.6524938691541626,22.33602139106577,0.3907807390590589,0.7071928395341015,-1.1154188722381786,0.8314706449453944,-2.2878952544627187,-3.8598245373299465,-1.7120409961227645,0.6293215108450022,0.2577430376654802,0.2452598180629355,7.747032680968104,10.710798155558065,0.1724622532874774,0.0903393674350393,0.3597503071420703
272,0.0499872052311094,-1.6829926750789497,1.0892438703611071,1.632479523550499,20.089874317682643,0.2798858937843414,0.9463782681362848,-0.8992721307565059,0.6815737495575802,-1.4046798292244125,-1.3089171022874408,-1.220977311824312,0.8317873334184005,0.1016713039802953,0.1117195227920404,7.409428741155207,4.543906739986115,0.2298542795205917,1.0164878418733303,0.509380807006926
287,0.0486592333252085,-1.1439864661296395,0.4914913576554789,1.4739210421062112,28.515588296026337,0.2046062875814949,0.7038078234418388,-0.3830245876566427,0.5179776098824399,-2.450209286872038,-3.780722037814257,-1.8597023099273613,0.7224648740837961,0.1785231323801181,0.1776726891591814,2.878039139023875,4.639694533756646,0.2900881257078198,0.2161736232527892,0.154823406916547
300,0.0260487674479046,-1.4476881231954128,0.8411988250386747,1.173282172233855,17.746850930665833,0.4184761855719068,0.6914841776697961,-2.692457722729634,1.3947194024362124,-3.374738198620967,-1.3294464683427076,-0.7716197647927387,0.6126875385393166,0.1429649385444393,0.1843621341966497,7.794765983888798,5.66580583127193,0.6361709493193505,0.9037702966482944,0.0277336747823661
308,0.0187063560173034,-1.306224766454585,1.0083909850753192,0.407279495878326,16.214814582953153,0.1165841844515455,0.7838749924788629,-0.4277682130839868,0.3900663849074239,-2.435184296383383,-1.4239310849341695,-1.5975768186090369,0.7564424530141186,0.1494988070044225,0.0546331246226779,2.234041159938494,6.334477091756752,0.2773045901037723,0.3719475345783917,0.2396314286560977
364,0.0266984228422366,-1.12160329299452,1.3923064897920523,0.4385450227418951,11.109004083974511,0.1786365537071959,0.8892839968378059,-2.500156978866391,1.2405329570945949,-2.4713311032449465,-3.790409726193309,-3.1747224859087786,0.6339694620005774,0.2703974594251012,0.0930615604506039,4.046829882405402,11.507675664162353,0.134372262563256,0.3683021836871604,0.3231375532894599
377,0.0089298651116687,-1.3235922744589106,0.5532499195894847,1.244288769081347,20.19313119290148,0.1657424137815769,0.8616236690954286,-2.2034484828019,0.9887849908213364,-3.825083968761229,-3.336173682241528,-3.468487952987197,0.6471354913496579,0.0882865071923463,0.2776382449737745,7.560031593295328,6.996632225545636,0.3889663304358461,0.2997444442553199,0.2132966165219453
402,0.0213776082302512,-1.188422775457222,1.983923367618372,1.4857205001221243,13.638095708192395,0.1064236187163552,0.610344582526173,-1.841681702970228,1.260092087691913,-2.769160131703733,-3.0146672537290686,-1.4401434493404688,0.5682843663904251,0.2901010858327279,0.0995303029160072,3.234063789246646,7.136117161066954,0.515159772297998,0.661302113217796,0.4987010810770313
410,0.0359159296645684,-1.1505489764355974,2.233920260290493,1.714959781444985,22.11449763615625,0.3299959802009841,0.8024329471298863,-3.1575402039327187,1.1280439229717247,-2.096946836897182,-1.7014836092366483,-2.148282814094536,0.5875781772455152,0.1254597327027597,0.2248123373568631,7.976092331177079,12.557459889246442,0.5237512485101693,0.0964883498693859,0.8060221521947134
413,0.048930556666938,-1.406808275264437,0.5798562169905598,0.5665562594229934,27.648543166972413,0.3047672286107065,0.927310034049082,-0.9142189365055956,1.4966670165057376,-3.8481948992085866,-1.9850325626638403,-2.8999461167431666,0.6556674476105113,0.1035600206343922,0.2119056303134577,7.314648796874477,9.367409378090144,0.932233269262452,0.5235751647196022,0.5701619764183383
414,0.0111449103099049,-1.226726909664757,0.9345271698080656,0.5383779634527357,29.143255168589903,0.1244457660332724,0.6425759089668338,-1.7308453367781902,1.381734631225468,-1.6199032410726186,-3.2602037375115804,-2.452892330774564,0.7461618309809762,0.2678080506170259,0.1152308650688708,6.468756223339188,10.532363848196647,0.6148567382004424,0.0615697591646937,0.1347785892713233
459,0.0125083895803546,-1.230593520256441,1.9946506727590925,1.5601893807540534,17.313120381140823,0.2218327977182143,0.6630369720595601,-0.1851411289637035,0.9331126500722808,-1.5316805584027309,-3.074136089521028,-3.104520408342203,0.5580490079420818,0.207700259917653,0.1704461144378712,3.485973543092894,3.8227089620754704,0.7363715019213046,0.2538155241257026,0.2610167626853654
462,0.0168509542991164,-1.2362563635596218,2.239905330549011,1.6382812994436196,25.4167224133744,0.1992518865587681,0.7085397338287632,-0.0145017055135108,0.6608935216326701,-3.650304782435786,-3.4407209319023826,-2.101273902701335,0.7246941718508211,0.14488991923536,0.1492051935490549,2.3483298720239074,3.1258617475777504,0.4799856679162334,0.1848822598639678,0.5779792555523264
463,0.0142899851475581,-1.4998151886285158,1.525792311745117,1.466225813731772,16.530522058933506,0.4907241553349012,0.7019136869153868,-1.754413785438008,0.9249423404213636,-1.3018043075589274,-2.289338452782181,-3.2895000435054955,0.8131744430858444,0.0824820936664359,0.2308661293239671,3.6106480618040666,3.49732354136164,0.2441467639220519,0.5468804036171704,0.5256051771991603
474,0.0350903591484153,-1.5889438389882864,1.501694504110242,0.6138975709146652,26.93459648210681,0.4835970090732278,0.796550464021011,-3.758116764156449,0.9720847748207369,-3.81697698347664,-1.804079491115409,-3.368606080409533,0.8455093817439606,0.0593125799470667,0.0550219710210574,2.469536177727184,4.881492802400389,0.6037294370518074,0.3701635586440866,0.0555219558368373
521,0.0490096344931781,-1.0737709097156756,1.631423739481506,0.5770126970816853,13.865493228009033,0.1437341253368909,0.925180123534158,-0.4192038285462036,1.1173228837393638,-1.9061706394952247,-1.6840215178671407,-2.528554070727561,0.821506601352574,0.0699214071360467,0.0815008733702029,7.046183681232394,3.531490786325377,0.401688003461299,0.5062394834894921,0.1789776998397341
524,0.0302463397763055,-1.0875600841619557,1.8393775546936275,1.037604918183082,12.411990869196943,0.3705605546840128,0.8413810937830288,-0.5049101599369004,0.9815337842736024,-1.8719915351705207,-1.7406147215825598,-1.0839236710327298,0.5777145100454213,0.2564034645309494,0.0882168207286303,3.8401093989238566,12.070750565561422,0.2655478161245229,0.8040291959790462,0.3179734152024628
537,0.0376491447461531,-1.2654405449745778,1.7990887140248706,1.7683348696703234,18.40761502706959,0.209447977312336,0.6224937965639795,-1.3432985209715451,1.0528970013317973,-2.639386053757504,-2.214010734842396,-2.737688010559501,0.7859643674390879,0.088520361296385,0.238043708885962,4.647402897477874,4.685825268041921,0.5817930273201223,0.98577945792864,0.3081987239817028
544,0.0344658797368027,-1.403582854629848,1.2259709207265488,1.5205855140944056,20.98570906955878,0.4293155474354519,0.6941632109313408,-1.0411726025942878,0.7147031461191709,-1.7134978014445226,-3.112836683905462,-2.389965378370244,0.6169261596562294,0.1047771372830564,0.255649272169667,6.928747523686021,12.925657171674835,0.92932744826451,0.0831763875545565,0.6543538461684305
551,0.0158032738238677,-1.0586992978811642,2.2354069815938407,1.4867115744666175,12.621743107881164,0.1740012201308686,0.5126462557225725,-1.5923306795259498,0.5797345047040918,-3.103866262653924,-2.996962532006469,-3.7550307142819,0.7245124612127809,0.1183246340876684,0.2807400319761043,6.17038866965296,7.384123237026209,0.6186956308361862,0.8030769757534109,0.6882836184651095
553,0.0347180373627156,-1.4218270891226097,1.3993782087192437,1.891656294492668,27.33723231868557,0.2235278473624966,0.5891817823474659,-1.3105775942214315,1.0673849344659396,-3.672013475865712,-2.1832437640782683,-3.591744844644946,0.7156958668210057,0.1447090124627224,0.1810815060739498,2.633307342785258,9.993632620439396,0.4761665829160439,1.055580012548484,0.9138665628009072
572,0.0469686161400816,-1.5537693152751402,1.6370615596878006,1.7894412701835571,25.134818269244004,0.3979746941668804,0.933822132556717,-2.337974751781412,0.5027847140495877,-1.391105335193207,-2.045816764091364,-1.8474761321796376,0.6243165648397221,0.2929562489237243,0.1148376708527514,6.607534753651201,5.191654537824356,0.3109144847789717,0.8814216655560697,0.7454960312246016
582,0.0151436767136027,-1.4630143721628408,2.2977054616530848,0.2815720805204496,19.20501275929062,0.4602346167848834,0.9209143252509148,-0.6211585036780058,1.0964810064866088,-2.2202026541445283,-1.2729058035475722,-3.349881262582197,0.6318493155640933,0.2199087858623105,0.1935508314235322,7.883246413454923,12.88946975256119,0.1623766623137456,0.976873944784372,0.3085283502647854
611,0.0106342548122987,-1.6475882207807977,0.6279562602871842,1.3642655655284968,27.932816660602068,0.4091116970084881,0.9434862404885568,-2.705733721652628,1.1919647740433217,-2.2995025896019854,-2.4928637501634587,-1.8566060737363888,0.8257435931445983,0.2156085353559583,0.2572409057502271,3.3931524028810585,4.759423387665388,0.7907597187541016,0.9822603342630276,0.0148671377251593
615,0.0141466479586685,-1.4366213415893188,1.3688191138162678,0.8470399348721532,19.90400711931304,0.3125865386510987,0.9467335657608708,-2.040647562833355,0.8805414357640311,-1.5744168218095664,-3.813256590995149,-3.860149741739292,0.611282902452738,0.0826216436478622,0.1650444489842583,4.075465174140263,4.616268885865014,0.4134410433590376,0.8203551195786081,0.1877388707203323
639,0.0333889942262773,-1.4197682000330214,1.871887106370068,1.792492130330207,13.562575021901717,0.1547116853751587,0.9079338684834544,-1.5529727694986453,0.9967170631803116,-1.24252224016625,-3.1365193539475347,-2.088256930747864,0.7632013295995577,0.1101568008629262,0.289838272094397,2.713169014901747,10.069557484590575,0.420202336066937,0.1903564052901274,0.2944720130034748
642,0.0330146806384219,-1.4306770925159762,1.2115996990029667,1.010424473590434,24.062484134111397,0.5331683688772854,0.5088255463042894,-1.2678016061984143,1.3034274620519024,-3.3151811831346123,-2.1664887751865387,-3.2261838584691587,0.7213568144130291,0.087693605749569,0.0630699896290288,6.257754059791462,3.87917131176209,0.6656243562818527,0.7374355233671639,0.3712874355403956
643,0.0370323255364991,-1.113175278599188,2.298844271506271,0.9552568257864112,15.630663577179108,0.5879568178491014,0.7805802370387687,-0.2558637225060964,1.2585199460995593,-2.643492540368829,-1.8378075851557816,-1.2677643596641346,0.8360039442404419,0.112398423147397,0.2707132373245908,3.5408591383241195,4.277567799470775,0.2209579456992126,0.4384110849885805,0.5007840951202763
650,0.0058417184527748,-1.358965242649604,1.0316042057723316,1.4499745029993747,25.19335391784274,0.3142132135777608,0.7672941016991777,-1.3076346288772962,1.485703816673801,-2.7080012649959366,-1.8702667853282997,-2.8183723725941103,0.5756470584305005,0.1521163413237667,0.2300697877044628,7.864170849116404,7.833926920970102,0.2166801808414059,0.4390598159187786,0.3437973227143028
664,0.0053112962744615,-1.4524144404826442,0.8034101265316809,1.9584546623053245,21.685304403912877,0.409596718599073,0.6512717853327032,-1.917532016309157,0.512350836471146,-1.9025942351773368,-2.397473012128048,-1.6206746661400082,0.5884069586656873,0.1157366680447799,0.2892153083683142,5.176080151300114,5.2871371146056525,0.7481098539865416,0.6601273098907321,0.2884251648341693
685,0.0447880085003234,-1.141087464680041,1.3346757896483326,0.8015369188419222,22.031714296324363,0.3357521835030368,0.8808823612974791,-2.3183776312570337,1.3364128774731994,-1.64859572976555,-3.1910055174303955,-1.165494240800221,0.8383861858034405,0.186701642625104,0.2821095134834763,2.012091849926737,8.855608655341012,0.7537958879410057,0.1011975104535785,0.5465694044323263
695,0.0194316088162386,-1.201710664453176,0.6776750402740618,0.6543093207410368,21.31084519236312,0.4422907107055349,0.5262947591261194,-1.8483461468870224,1.0931292520967164,-1.992240710897996,-1.7515493424673003,-3.844354903153059,0.6511879040734883,0.077428527604264,0.0795082846777299,3.5542863506327023,11.386632571136518,0.4860495679400657,0.5484654685942301,0.8978457593374839
710,0.0488035015393019,-1.2288047155562871,0.7077913844687745,1.6018670851030057,19.290684853063755,0.2995710993787412,0.515037784112711,-1.6949730537191123,0.6866999080116232,-3.90017297263346,-2.867589256977709,-2.293491968402232,0.6123153886729447,0.1360258796547427,0.1165063388548989,3.655944475573522,3.261225755791883,0.7733590928512895,1.0971789664068945,0.2912728633036134
716,0.0224286224375366,-1.1701142993692168,2.038001513013723,0.966471358483222,20.997315453677945,0.5375471559271578,0.5532728374384499,-1.447998951169322,0.8895286473902924,-1.2298498104702604,-2.485321179327385,-3.080671052389292,0.8600123096449548,0.2926023557451266,0.2906746653677239,5.30024521741723,12.114830124345096,0.822614302700876,0.4927543622610587,0.5337511170624032
727,0.007313794635199,-1.382138981974505,2.066570811827169,1.1019957591721043,18.81787198585501,0.4554405652119996,0.7360117248430766,-1.305797023481364,0.9467177719708676,-2.4608037047690177,-2.286917215114828,-2.989977050731758,0.8783135987995332,0.1255902891300863,0.2538126874414684,2.6750207661634406,7.3647114972545475,0.2006035765603433,0.5612930547586396,0.8436985865940307
736,0.0423736336240063,-1.451466095355646,1.81371413958718,1.4245808719511812,27.188278580320627,0.212617133973658,0.8148353545600877,-2.329683301755148,1.2659983151967726,-1.5232681784105369,-1.633505657140315,-0.6045040257992276,0.7513502333566977,0.187450047251235,0.2508743285161902,2.935016432316918,7.3488111430976,0.3915371574294344,0.1316880666467394,0.3552374396788285
753,0.0056647283070119,-1.1971082894200118,1.23096309955494,0.8972948991305112,14.573734880142553,0.4387463614623701,0.6321675902751457,-1.744096674998414,0.7926679424773562,-2.9723966393428625,-3.804946939704523,-3.424827879403283,0.7467624014594544,0.2543152990849337,0.1873678679022126,2.751744502738984,10.375616354272855,0.6042693837616481,0.8151292483086174,0.7865766628689238
768,0.0310309805790264,-1.20041768272878,0.9448047191978484,1.2752512528011417,22.582699790162906,0.5966675484271179,0.8580119877309036,-0.5738725959632212,0.5712738034227849,-2.6827293059406685,-2.4414579533219944,-2.347867938259264,0.7833513701060523,0.2243098637574263,0.1613991843009654,2.1253754497722923,4.838160397323319,0.6950789582432162,0.0756420711953175,0.389575885387747
769,0.0309580828188754,-1.1909020296328876,2.0351737677709307,1.065565302469538,26.06446276522492,0.1011539861213567,0.7979871106980757,-2.117015275421406,1.372405391671772,-3.0475270390295663,-1.6990768369929667,-2.925484926053198,0.5673240634668667,0.149887275800773,0.2427510667820005,7.519147417531506,12.103514502536708,0.8284051444568804,0.1760677420936355,0.6522912368622034
775,0.0261464870444769,-1.1812014583139612,0.2264287669364771,1.7614966330845443,18.01641866845644,0.5686550765253588,0.530677405382549,-0.6858328962432805,1.2908244592087887,-2.361815221348862,-3.9101675548606702,-0.7457623584993383,0.7751877029723488,0.2365672986629224,0.0747981561834573,2.4345453310366216,5.011121428467485,0.4590936209698895,0.4137484541760474,0.4924845686810514
781,0.0104520932519422,-1.2685807514489058,1.6847504855364963,0.9893344364509744,22.419872844709623,0.5269243354786268,0.6442822349901511,-1.5884485057659656,1.1742843338145217,-2.996758771336575,-1.9771879539497528,-2.978205681899498,0.7053948820487868,0.117327012535736,0.1644617933961963,6.164873728209746,9.820146554256084,0.2429721243552828,0.7039592419907692,0.6285005441321454
785,0.0312364200613177,-1.1025972048217825,1.0794175724260575,0.8545673821880893,18.12195355417893,0.3596331643452275,0.871080174599816,-2.1041529014378435,0.6044917357223871,-2.352361001184301,-1.9993449325403367,-1.2185112891501015,0.562781185173788,0.2059352554665222,0.1432157945368628,6.8903770358935645,11.616967203001009,0.2393268952612433,1.0171177227983692,0.2982805352986165
788,0.0360328684274674,-1.595565641082965,1.6253531122353486,0.4656252377277279,26.51757539983282,0.1979079367634676,0.9117900929140196,-2.438757457094166,1.3228736071110605,-2.5255565315328736,-2.8293863454413977,-3.231792380859388,0.8698496039122542,0.275223056731971,0.0543655883640513,3.5615306917559195,11.378336284798298,0.3433148447409101,0.9609778501469722,0.1213185226715945
800,0.0171731514005427,-1.453565333241381,0.7317952675593448,1.3302559539512158,15.392723974286888,0.2807584701189938,0.7273972328438696,-1.529102525697282,0.4401882677835789,-2.1192972092567235,-2.2253556051462464,-0.7116690161306907,0.6912823914599743,0.2955666027504007,0.1230844473824705,3.923126059245361,6.5058163989981725,0.4398250333542112,0.2268028750255447,0.7031055717717778
816,0.0088073178427494,-1.2754988816110238,1.5171945494106431,0.6581454996093015,17.529023641677153,0.1522954010676947,0.9479882239039376,-0.0415824528610038,0.9575684298297308,-2.0098220176499217,-3.901310561460089,-2.679493820337955,0.7291876889713278,0.1266845888268589,0.0853283689634049,2.116555602653126,8.784351430009064,0.6137315213068865,0.2055092419258917,0.7641240233268736
833,0.0139725251925032,-1.1656660628760425,2.233277930631489,1.1749860969546817,24.630892531340013,0.1518590654346782,0.8107071701357937,-0.5081627382497174,0.8036625111956435,-2.729958255904954,-1.5916221135447723,-2.560412878825233,0.653296605041592,0.1477392040571745,0.098543082429235,6.857041886858076,12.343092318855811,0.7579977607614842,0.1982181376134394,0.8208715121791663
844,0.012799513835213,-1.103838192172862,2.261259478143565,0.74704425112109,16.803805726647084,0.1323934359368508,0.9029636614507892,-1.379991699983381,0.8298165328999401,-3.812268529389789,-1.815748045868208,-1.210629356998162,0.8735509985993115,0.2559040885968464,0.2076177082809663,5.260736354905287,4.752621101375645,0.7188543508982589,0.2992538094796658,0.8092383136572934
848,0.0202850902903975,-1.1860623002025954,2.286254405839804,1.121852510490569,12.801960682740766,0.2664130638873396,0.8930986211714733,-0.9288321510412988,1.1710589196440342,-1.7398210827769724,-3.0097963401886823,-0.7065251526739122,0.8098549031578134,0.1704375374809238,0.0999132718590889,3.744271803365697,9.412562246513916,0.9574589880330164,0.3943682970593152,0.7111042703568119
855,0.0361754847362566,-1.2068444286366913,0.9642391438855724,1.5486776178637596,20.114567608410237,0.3484187450062709,0.6470832905629915,-2.5641636785255404,0.8722687391204123,-1.4665685108663062,-3.359337443801937,-2.591572826243857,0.7617693217560466,0.0881655601495209,0.2291047106623462,5.189840488580163,6.497775077989958,0.9881303041675747,1.0246212219535773,0.909211130201803
874,0.0220563036891995,-1.1670872393694445,0.8412640962609462,1.6974399270483873,16.078874589059243,0.2619100844254454,0.8253201793222824,-0.2061760066076763,0.714286882630922,-2.157369778666646,-3.484012692817632,-3.3635054401610542,0.7319928125419553,0.1502834936713967,0.2061889412296063,2.58937178646285,8.392345518407964,0.4191290733227942,0.8180936384228028,0.7219915037079196
887,0.033309653475111,-1.067099355805233,1.3855018619057948,0.9687774387497736,20.63522855625937,0.1428059433359661,0.6591859309819903,-1.018300485414743,0.9199055198559832,-1.2369667255329055,-1.3863309296039152,-3.654299696235724,0.8544361205817281,0.0784324977967459,0.1058130132188659,3.806636839362144,7.514810348339015,0.5119324047251467,0.662078158474995,0.1376162985128509
904,0.0205728251571858,-1.1808450230630354,1.8019867683288344,1.6598076765050362,17.484265035652875,0.2948409272125568,0.8427821451852276,-3.326228200790207,0.3463561043547943,-2.129582070722479,-1.2652895369952235,-3.3257340030666565,0.6147274717791503,0.1236509175784267,0.080857388539206,3.797804515491502,4.167700672655396,0.5095235082571188,0.0308795482015026,0.7494361569922934
905,0.0352119698517734,-1.5862497051861024,1.9194317344885932,1.3225410516509497,25.24483467228211,0.1251910817127573,0.8846788304498029,-3.431059666038747,0.665629211919369,-3.802155279219812,-2.910609792714704,-0.537784832643446,0.5512892892037976,0.0839538235731368,0.1441612771249406,3.028211360528222,10.219985345999158,0.8898563966850759,0.5188182572967734,0.1503563241920113
926,0.0409536343036075,-1.2277099987206277,1.412075835448,1.1795998578096318,12.684748335411854,0.3416400042748261,0.6833356746625848,-0.4391244923904347,0.8419596307778194,-1.4627826868950762,-1.7363178875092684,-1.2520688305062309,0.8577445686613204,0.0559991346550435,0.0532594190440704,2.866263135020533,5.063348256185266,0.8742833671674989,0.0126993664133133,0.8183488547247336
928,0.0348050673963884,-1.0865143343696737,2.093125160894389,0.8570123335014237,21.1031318096822,0.1290980904763292,0.8351160605147305,-0.9402553708031623,0.8203009506838321,-3.6231938319643526,-2.001126268733304,-2.6076108277600696,0.7741560130238769,0.2597212244461244,0.2189007559168399,6.952970247760117,2.4044070213309783,0.3766790157646195,0.0385711000239861,0.2412363159224702
935,0.0337609194442829,-1.1485765160607688,0.5309108823298925,0.3971118597998002,26.85882129831092,0.3577092482931276,0.9354538249883168,-0.6399568377406579,1.2252020693175754,-3.2376922403617847,-3.638977993978717,-3.5233989517615245,0.8749391134246935,0.2256312339705202,0.2658482462227973,4.110916079292541,3.6254599017485134,0.5614747723919042,0.7401981897936539,0.1725694130154164
961,0.0160120010371215,-1.3061269891707372,1.7135761275467905,0.8020056979920522,23.967723371474417,0.5059302033364319,0.7510956263228814,-1.9578593587834867,1.380302526455345,-3.5934843320688463,-1.7381588503505454,-3.1332499198582897,0.6976841813161764,0.177075912550466,0.2875848595159073,3.2588235060316526,4.620761086406303,0.8687510786062952,0.4689946634243376,0.2100113881205901
970,0.0136707086127326,-1.4684592767497546,1.351835205897124,1.8233464656592504,19.084151721317085,0.5924186112632781,0.8160493851814554,-2.441308914439948,1.2128359719337622,-1.5957000051514547,-2.809281436291603,-3.629011107094999,0.7265840202752769,0.1553845093424822,0.2825587021214371,5.113951828703443,9.765511252810562,0.2590213075681233,0.7249409699033293,0.9018541224238024
981,0.0107493011837272,-1.239743901550873,1.2218703934702784,1.495347908337482,21.339441653755745,0.3852414013517493,0.6704666397572614,-1.2827459024907406,0.6181194773211055,-1.7096420929476652,-1.5690439818354616,-2.6212907424502,0.8342682479332955,0.2616834460296875,0.2064331063141607,3.305389922690014,6.3593595635526645,0.7962277540229603,0.2470231649574134,0.6293464990595913
993,0.0298545129279431,-1.478489235531146,1.695183009849871,1.194876214996045,22.59096595628764,0.4220164938277371,0.8813217679763892,-0.0993568495692001,0.701583708473001,-2.159605073052028,-3.123983732890903,-3.087184924581342,0.7530877509730575,0.2789039807479428,0.1870937963325724,5.1934446202455495,3.710285897470535,0.9584226177352534,0.3712092057122232,0.4060794761689304
1002,0.0414128133032831,-1.9337600644613735,1.1787529732207565,1.998862840889822,17.85939201422338,0.1123688030227877,0.7336071240211942,-0.8640849682518885,1.088234963863389,-3.440909457755493,-2.547576619715508,-1.547041461889339,0.6741610963248296,0.1531823775408694,0.0868704404470033,5.230343970119019,4.030023274336383,0.997451208152925,0.4282570442266828,0.40318145483932
1006,0.0374645481818769,-1.1689479949624657,0.6419044085980252,0.843413631055027,23.3339630514251,0.4328518085482998,0.6121497923021594,-2.827946010805748,1.2966993593174083,-2.8797590103024926,-3.776190713453977,-1.280809207948682,0.835175376275812,0.1370695850477533,0.1944867531332604,2.484090355680861,7.450781621639333,0.9341846900805988,0.4525864650542525,0.0732877314449422
1017,0.0491876276161815,-1.3308592557906227,1.7118386100561167,1.5134854647976463,21.48496760223667,0.1132404541872767,0.6504233203445042,-0.3046774070629126,0.9994937283715164,-1.3393971501579016,-3.2253013112200333,-3.158460040678973,0.8802468335658891,0.134951026004608,0.1695748443482294,4.814182931651686,4.151473595789181,0.2070889374193187,0.2202386820362706,0.9046892544571324
1028,0.0168333316804961,-1.5317347503670429,0.9931964638622862,1.4849889001668943,23.394255597447312,0.1966168727708986,0.6188585614114379,-0.9856677230177392,0.4856168818738007,-3.606138592674433,-1.2668085924082093,-3.761044922464453,0.6198337386921688,0.2031842975211464,0.1975882259562024,6.439900834389413,5.771768859634769,0.4581962946043271,0.4354054382163532,0.1644766210349456
1046,0.034559203391538,-1.3944685564507502,0.9668326625153888,1.6103929315149166,29.421584981048063,0.5732761504973175,0.7546142540692355,-2.1502844574234627,0.7692280343030098,-1.5922002594684497,-2.7825888446708955,-1.194900420674947,0.5558857340282906,0.1419666199167963,0.1703260481664066,5.379571343064884,3.802192544297126,0.5436011147610043,0.1255345675618348,0.2307334489144976
1049,0.0273555325576971,-1.122987344784159,1.20125970680119,1.163623297793929,29.8688357506622,0.3755542344137926,0.5931297934896659,-1.327211160034612,0.7229062455119968,-3.487327350856804,-2.6449279580976066,-2.940759788334,0.8705395933408253,0.293844782473142,0.2166092652437006,6.921166541053452,9.563488845311396,0.971796313053365,0.5095480410504474,0.6785105440297411
1069,0.0114521504846254,-1.3632292745879866,1.4102102864870163,0.8640761539423848,29.05615085231294,0.2745818744947686,0.7587373197748876,-0.8849048443225498,1.0890063210306546,-3.804433374497666,-2.2550147618169483,-2.2515757755991563,0.88872755896206,0.0740151852150583,0.2535557772056487,2.299276300935774,9.574578680187711,0.7672080076147575,0.4459249976566741,0.0449163918229295
1074,0.0314587063687829,-1.2578097099240535,1.0193438718010486,1.3608547385858036,23.52900110186479,0.1986026084916399,0.7489025995444214,-0.4060828059872947,0.7731682084668412,-3.682752229011248,-3.141014724199005,-1.824383586086311,0.7143675142438501,0.2786213745929458,0.2147914030304504,6.4003950282121815,7.359026463684679,0.780280462811165,0.8048645806213507,0.161545119872742
1079,0.0399605823878475,-1.2742956753163632,1.5950045049998909,1.371107802554325,10.129285840078104,0.3737744182906076,0.6403120297338752,-1.5081933229913471,1.043601255478731,-3.7492558684836728,-3.717125499911027,-1.0575742830947363,0.7310338774747411,0.1913595786191733,0.1974321493341738,6.40821544168287,4.766991323197605,0.3550826354818831,1.054846057440176,0.0321912552764899
1113,0.0280077559375816,-1.253463259205934,0.5459929753851358,0.8139933467798853,25.404180859411376,0.5135465663222668,0.8745083995450335,-1.8119469309520269,0.9125009474049744,-1.6233869039171496,-1.5249498667070371,-2.784476980938476,0.8995607102215104,0.0808824375435098,0.277726907677689,5.295472306959996,13.188564701734396,0.2114915978257866,0.1268340010212383,0.4477739459064391
1118,0.0393491463015081,-1.377887890540816,1.2574271494253475,0.2959220423799529,12.969318368066515,0.3999878501175332,0.7726782345418424,-0.1519811441211396,1.4369977947097423,-1.757126030847607,-1.4099609881392676,-1.866105661191889,0.657704430780402,0.086899568943,0.1727136616278946,5.980787474513624,5.12026419458973,0.8733731885688965,0.1708389097535707,0.4187905603888804
1129,0.0248030323619242,-1.70921756022797,2.0336796464374216,1.460900900464681,23.31140020799578,0.5055873111390246,0.8605461505242031,-1.8080716029742323,0.8072558418420135,-3.647174821975873,-3.654966248233861,-2.385787688418107,0.8478921334379061,0.1686474758625275,0.1774739137783261,4.4684873397729366,5.26938835541973,0.6571953074026642,1.0325470623073227,0.1811592223289629
1132,0.0086195024338058,-1.2416974133430108,0.790172420222806,0.8394064406426258,23.92966058408528,0.4116295464056323,0.8362365256269664,-0.8906439811344984,1.0095588796879251,-1.7258094626444258,-2.5575219137861582,-1.0155418214186684,0.8715202643437245,0.1562886747655174,0.1408446452036775,2.420076629846603,13.365713174442051,0.3498329392954906,0.2733480667165003,0.0976146632917412
1139,0.0434883375316518,-1.469635267864838,2.219521356591353,1.5284176475196647,25.53624696481469,0.2989934673373965,0.6964793823103111,-0.2852668144160435,0.7917458283309877,-2.72193588316826,-2.047699647392544,-2.4427939749032337,0.6434844248319862,0.1631503243442452,0.1088950892796486,3.708801863887933,6.282177582213736,0.8380686308889909,0.2905289575816396,0.7484278289567757
1140,0.0348847116243133,-1.6452563219094505,2.242404565234013,0.6794075336148591,28.44768768510754,0.4670963226630594,0.9390630814705012,-0.2250919585339055,1.3458944464217744,-3.5612190808195328,-3.810177266374832,-2.0614556334545524,0.8555198428361829,0.1748038646763338,0.1292577470425262,3.198234661754367,6.525767436027924,0.3697639280964239,0.0046233226508415,0.596071834181587
1155,0.0071390320373632,-1.3810760085198956,1.84499031413781,0.3400619250773639,29.43275179429202,0.1533203237867808,0.6196584582759187,-1.1052324812531142,1.351703722940092,-1.424021739939726,-3.520713678104388,-2.727611557022376,0.649053795219622,0.2843823906961993,0.0511389942349002,7.512597631730501,6.466204757480214,0.4693637829407571,0.1933030092425265,0.7512088983508473
1161,0.0178985526957747,-1.208484345216719,1.4001955622839273,0.4092035700419313,13.077697546295193,0.2638195325439987,0.5186563912533269,-1.860872046805988,0.9978907503516914,-3.532901985365712,-2.8883887284000416,-2.145630628511054,0.5561761976033828,0.2773641639393413,0.201933519444935,3.775527179114675,4.8915842826786005,0.1359996805177535,0.2468128457711648,0.6978076261674687
1162,0.015650367689611,-1.1923015360810292,1.5278907757674076,0.8195610634676331,20.061730641847788,0.176742613673529,0.8195286091235552,-1.5547553040640554,0.9751485578370136,-2.870710808067102,-2.139030625717366,-2.290281805586749,0.840427279365807,0.2081675005249732,0.1540183024027518,4.452775925992453,9.02049374537101,0.4098352948173094,0.5798602601296379,0.8196915147907166
1191,0.0422079802725587,-1.2205117417126374,1.722068378064997,1.5717023127284693,28.955319825973188,0.3881655151023058,0.858674218105489,-2.3466793600758624,1.1573123600803703,-1.9890089545784968,-2.122482794547105,-1.0136287313945784,0.8442881491852098,0.1106057697375886,0.1079206761678477,7.872881298053964,11.006657492160924,0.8151240437996337,0.0473440077426637,0.7413565317756771
1212,0.0264930906005212,-1.9066042116638071,1.2976104835052993,1.281745012447839,20.546692874430796,0.5293672452922628,0.6366113950572864,-0.407689117803633,0.9876234048234064,-3.83498081253538,-3.601395072965321,-3.356018110909277,0.8767274707963546,0.1690645779600287,0.1773276086388684,2.1743889540711177,4.041848143304243,0.6503194004979738,0.4568819571145611,0.0518620469373123
1222,0.0321841679970291,-1.5027051743893631,2.248781508726065,0.805146920077551,14.785561776089724,0.1865750754869489,0.8812205888553093,-1.1740849567955838,1.397601525241731,-1.3630454005094323,-2.4389424438301264,-0.5257059284724961,0.5740592166475116,0.1580659200603866,0.1175797718060224,3.5341584992423574,6.692224825170883,0.7628660082483485,0.1917344680322313,0.8378503654452977
1227,0.0225999518942689,-1.2192870152327395,0.7772311595786066,0.627063202365825,17.07505785112189,0.5681708732760758,0.8724600303738769,-2.387798702074776,1.2391436499292292,-2.656568358329392,-2.113667355330724,-0.5147736347099041,0.6455274027580788,0.2216550333257135,0.1615475182946797,3.6962971934591735,7.7773152770983485,0.3157048884881479,0.1439904398103636,0.6414422474944518
1280,0.0426722511890525,-1.12955030501807,1.034971117389646,1.3266247874521846,11.749237435416234,0.1156594394067882,0.6326090299868006,-2.2815418340561973,0.5388914810830628,-2.303620326866582,-3.68114822512233,-0.542175826276273,0.7043132661200022,0.0515773725866917,0.2035463861242508,3.436553527212161,3.75185692540758,0.5421532638654074,0.9164221226730008,0.7459289428196195
1287,0.0337779112470469,-1.179371215568744,1.8676208671672647,0.607907832086664,22.293424385590164,0.1701433951631885,0.5177045027005851,-1.866372083566234,1.2779736588863573,-2.5525762081362853,-3.291639843481896,-3.320643546122682,0.5915127988796072,0.1751463367462758,0.2962163015899321,5.745600147656861,4.128899618501093,0.4285836070785992,0.4697439101931525,0.5998879961866455
1293,0.0172703581134793,-1.411727856672688,1.4643923046488043,1.333492597704404,19.3723088179742,0.5415421555958465,0.7993894871039333,-0.4140089267630999,0.6447879955033796,-2.8099800026092785,-3.798550174451372,-3.016296356594617,0.5659772522588881,0.0993588271272157,0.0596660702303346,4.321896383982706,11.175256594706202,0.8372717783686527,0.9510192565517328,0.6493395210124535
1297,0.0479145581817299,-1.5587384036412362,1.2460632875224655,1.2937259067657467,17.69426576890077,0.4458939396191346,0.5824802420586405,-0.2914498432796293,0.9371919117874676,-2.975563232780486,-2.7622945976729,-2.0428791323133955,0.6026268588283507,0.2877870005050972,0.1538429252066745,4.115554099961046,3.201691376402384,0.4831328310901808,1.066469734554843,0.2251262492216092
1300,0.0353462612422104,-1.3406785436121822,1.0025098365425709,1.3057523423440291,13.997357915714709,0.567992502482385,0.6126840557722144,-1.988516822317164,0.8777541861345797,-3.377516741985212,-3.787843645484576,-2.1595748595578628,0.5531476315955249,0.2705081597201602,0.2719557656144787,4.458839608062369,3.9071528729388696,0.9151478550874664,0.3733273305456369,0.202265424563553
1321,0.0282975370597446,-1.562361249239165,1.0378751450479455,1.0476995299589045,22.537646193155425,0.2915773585948206,0.6274853963395667,-2.1191850192803736,0.7293532184670767,-1.4289707197278363,-3.0796447154986915,-3.547709653177984,0.6662144655584863,0.1504011156344946,0.2811657018404151,4.435285978598035,4.25989531156042,0.1260021008505856,0.0982115881015017,0.3035028175289138
1352,0.0227208803720437,-1.5655881921782822,0.6600428444894273,0.3446010599827371,21.508668307797464,0.3816336158723236,0.7392085809836461,-0.4664914912704758,1.0628250565354078,-3.1762019770238585,-1.8994417954294425,-1.321091640941697,0.8574341557045302,0.1684989560173001,0.2993343010734693,4.349333291181049,5.016028030446266,0.6788562350684624,0.8885468961698593,0.4167440485371269
1357,0.0066119002090484,-1.0549458605164217,1.8495699103490524,1.0136227896389662,19.72206884687884,0.4533676740733978,0.9464017408879,-2.3583871815164805,0.351917771073033,-1.3692793900848903,-1.924242010859806,-2.2751451486774297,0.6544874957713273,0.0607022984956152,0.2527261392121591,3.3916378624389525,13.354519996292924,0.6257397326790795,0.0174895629136612,0.6111309212906232
1391,0.0154906376294368,-1.4734496948943532,0.9833269879316312,1.8374013626450545,12.365502618747277,0.3757902812845213,0.7010429662458458,-2.845796243574611,0.4592517084842252,-3.899150855700272,-3.7847756894537903,-1.4459388424842188,0.8596773468233253,0.2191380701639946,0.2497609677258483,6.356562169805311,9.584809477712737,0.7166806093160789,1.0446907586256602,0.8201537297312145
1399,0.0057152191599864,-1.2598988061461407,1.8690872330182933,0.3709731774528318,14.123013601392527,0.2115221615179332,0.687216582182312,-0.0311546382479517,0.9783665366453044,-3.420671625779546,-3.7127308380005566,-3.8991464377132456,0.8271029399527872,0.1482787270345378,0.2658060577612973,3.218426452425593,5.57368004587406,0.2406167199695982,1.0734804250995325,0.3039538969394578
1418,0.0150936700329403,-1.0948847408829483,0.6363261275411031,1.435271445884169,10.088435252712369,0.146575182791335,0.6495710554788874,-2.390242981847784,0.9774232489246116,-1.7993411864752549,-2.784327190961044,-2.777781067074341,0.6160076390377649,0.1229496429310004,0.1895612431830919,7.273837733577501,9.66168162607591,0.2957127012908316,0.4632135172255721,0.2903380404455033
1423,0.0204005659734357,-1.5433162974097785,0.6989129688086644,0.2771325765733058,10.518137820234935,0.1969928789434298,0.5865467940802742,-0.0728914394685138,1.1348616318359497,-1.8922675932036863,-3.6531205315494737,-1.904662233619781,0.6233733815159465,0.1326383593719262,0.1882108931421216,5.382522393502033,10.276428782993271,0.6567885026482992,0.7869593789773309,0.5142140669125815
1433,0.0484177299945267,-1.1161780556558545,0.3042356162250462,0.8975075589972709,24.77005206067031,0.1143883621322722,0.5472124554536578,-1.2841585235030264,0.606437965089442,-2.3927689496564417,-2.941674658363445,-3.43984870889993,0.6077627504456785,0.1043326595458257,0.2199735687902218,6.629298035790479,6.672783904115794,0.3651421120294867,0.9367798945889546,0.3376437298636194
1438,0.0464963273591149,-1.6154435042633302,0.6852538920240236,1.4814900296622604,17.948002243134543,0.4488411119965088,0.8032037579128528,-1.700064796054528,0.8126729391611252,-3.2123780732423204,-1.7301833960174706,-3.888285541407277,0.7691570704875159,0.1545743620092142,0.227281860557146,2.773083964323828,4.7039742966578535,0.939608146033598,0.1192831524458462,0.7724011196575392
1445,0.0203493307155152,-1.579587148521858,1.509532412026057,0.418005490461145,29.250540088568155,0.2873278076183762,0.9087061452615876,-0.3217738131628125,1.110134452839736,-2.2045322235603724,-1.55149445449206,-3.3595847753652066,0.5736225110227157,0.2312268123599186,0.0522932391069751,4.500856694559836,3.34451954820009,0.2696799965512503,0.0632092265001136,0.670485396391113
1451,0.0129769052151075,-1.5373741498959217,2.061117445623125,1.6538750371214488,24.01678126252804,0.4708348437961971,0.714448928775326,-0.5976339549790897,1.0748905705610063,-2.467380939889959,-3.0916946342666973,-3.8438307430495815,0.8209541877093749,0.1715925193352868,0.1992152536769292,7.385940200810687,3.1483652674656453,0.673940479736819,0.3495964753058027,0.8446334069254446
1459,0.010594048964149,-1.2843909672854783,1.6497103985063648,1.8526152481660407,28.94514719479849,0.2724584211298937,0.9420186553108384,-1.707036705341613,0.8133515494976689,-3.713191483074175,-1.486268868590621,-3.6417062450284,0.8247178570301855,0.090605801904971,0.1548641790248894,6.034685162300603,3.310701289007783,0.1080820033093621,0.0837803862919965,0.4565809450488025
1471,0.0345182396021369,-1.5353185964866598,1.10049620531792,1.06963418912151,17.085064483848562,0.2733560818779424,0.768246514076558,-0.0188290118959613,1.2048849588804358,-3.268419291198195,-1.7509674576295864,-2.8068067107633574,0.6724156669638137,0.1357699115179546,0.0953590426479636,5.698754619776919,5.109015174695454,0.135119794911733,0.4503389353821316,0.6029237846201903
1476,0.0127643995109915,-1.414045660418264,1.900732773828516,1.699974933811044,27.707140890818145,0.126645751069203,0.7483968525213076,-1.4209765620167256,0.9409725313205576,-1.6326459863447085,-2.235268103625496,-2.4352611822575687,0.6075102430543636,0.0819793511285444,0.0690327423712816,5.920016552748255,4.189729108819337,0.3596495448734141,0.3634460612890936,0.3430890259221487
1477,0.0113163631872117,-1.3162910755352724,1.6822594011268994,1.1261921359424467,16.14459709250812,0.4874851461279156,0.5604363652713429,-1.6435965508951331,0.6883532633448558,-3.2729799085044218,-3.1737441466710696,-2.0711692433124584,0.6141946851771569,0.2010621646876818,0.1029682592786788,4.134838945545584,3.444005964813296,0.7957170694945234,0.1474667135596154,0.188787131610313
1495,0.0133704564112992,-1.299444535916984,1.6189974604501316,1.3403208154323918,18.659746722606037,0.1698810749422897,0.7549018216801303,-1.3151124355801782,1.4582546730547237,-3.867985917964958,-2.453171823194017,-3.6994713577661806,0.597256306811446,0.1571901493043397,0.2914514418261871,4.879613377688026,8.379858469127557,0.3066967922569709,0.7097534695266748,0.3956713202426705
1499,0.040284318722615,-1.061852378219874,1.2383745067497351,0.7673219575207215,19.60103804426124,0.3402607109325529,0.9311138677237332,-1.2418490969378913,1.3705203159363286,-2.0035387237203715,-3.273214680110189,-3.865577871574111,0.648655556286024,0.2555435503244176,0.258414988525563,6.971089349638133,8.179214864299208,0.9644627461069082,0.1739189824015169,0.8034301345438083
