draw_idx,fsw_prev_2019,nontrep_f_2016,trep_f_2016,primary_share,secondary_share,early_lat_share,late_lat_share,client_prev_2016,overall_prev_f_2035_2040_mean,new_inf_2030_2040_mean,hiv_pos_trep_2016,hiv_neg_trep_2016,hiv_pos_nontrep_2016,hiv_neg_nontrep_2016,hiv_trep_ratio_2016,hiv_prev_2010_2020,n_pass,n_seeds_ok,pass_fsw_band,pass_nontrep_band,pass_trep_band,pass_primary_band,pass_secondary_band,pass_hiv_pos_trep_band,pass_hiv_trep_ratio_band,pass_early_lat_band,pass_sustained,n_pass_mean
1,0.16666666666666666,0.049649046279051555,0.08670778116431953,0.2053314121037464,0.08681556195965417,0.041186359269932755,0.0,0.17079922928749744,0.03444717228976144,6155.25,0.14167205161103977,0.03287925387500077,0.07941359811794395,0.01555181854120883,2.626899703949654,0.1382957812135699,2.3333333333333335,3,0.0,0.0,0.0,0.3333333333333333,0.3333333333333333,0.0,0.3333333333333333,1.0,0.3333333333333333,2.3333333333333335
17,0.5664192316270771,0.10861435838755512,0.279928811671111,0.6292923663189113,0.24384702969027497,0.12686060399081373,0.0,0.23632610939112486,0.11588864477841454,26133.833333333332,0.433477432869607,0.16829641171893894,0.0976198705627785,0.05193696015107701,2.5804739282831513,0.05912035597333853,3.0,3,0.0,0.0,0.0,1.0,0.0,0.0,0.0,1.0,1.0,3.0
20,0.5383323722840286,0.11684417782681206,0.2492900747712342,0.5396986767470343,0.3044760246637443,0.15582529858922145,0.0,0.5064173393923467,0.13635511023021474,22731.166666666668,0.42869293920302454,0.08299580863841695,0.18883965680574288,0.04102710903660991,5.206418233099761,0.14375238276128813,4.333333333333333,3,0.0,0.0,0.0,1.0,1.0,0.0,1.0,0.3333333333333333,1.0,4.333333333333333
26,0.7291057264762221,0.17815818584500565,0.32617456991642263,0.6114709448098673,0.25940885553197585,0.12912019965815685,0.0,0.5579653858750927,0.15303451140276034,34969.166666666664,0.477694433023693,0.1316088517433551,0.21511911315034193,0.05703630152687845,3.633398322010617,0.14679305013637836,5.0,3,0.0,0.0,0.0,1.0,1.0,0.0,1.0,1.0,1.0,5.0
27,0.0,0.0,0.0,0.0,0.0,0.0,0.0,0.0,0.0,0.0,0.0,0.0,0.0,0.0,,0.1282468753783379,1.0,3,0.0,0.0,0.0,0.0,0.0,0.0,0.0,1.0,0.0,1.0
30,0.6230730436921491,0.1581747930323902,0.3168320557447278,0.5927179645875073,0.2687045988932211,0.1385774365192716,0.0,0.4172819792302334,0.18500679950262777,34932.916666666664,0.5081206338528644,0.14817444868224117,0.20078311416276437,0.059331945049790995,3.4393143771753305,0.10960877973529067,5.0,3,0.0,0.0,0.0,1.0,1.0,0.0,1.0,1.0,1.0,5.0
33,0.6221439773518186,0.1875212451738452,0.34178537086664745,0.5696081915507871,0.292517872308863,0.13787393614034993,0.0,0.3691333510978165,0.17565181868259314,40145.666666666664,0.5213169703772756,0.15618615637469477,0.2197391746994275,0.06318370512472055,3.3382497252655994,0.12101822487298997,5.0,3,0.0,0.0,0.0,1.0,1.0,0.0,1.0,1.0,1.0,5.0
34,0.41478763976022504,0.10671217764412738,0.236543929576142,0.6115105155608127,0.25633644444714293,0.1321530399920444,0.0,0.3738655024173682,0.12078698622955082,24589.583333333332,0.41704538269117547,0.07687405346865715,0.1754761084415993,0.03465370799256866,5.4977876800466925,0.13512153536501048,5.333333333333333,3,0.6666666666666666,0.0,0.0,1.0,1.0,0.0,0.6666666666666666,1.0,1.0,5.333333333333333
51,0.3267826762582218,0.07302083461250386,0.1554408926914778,0.38801217706104985,0.17961998371328633,0.09903450589233048,0.0,0.27512964801941964,0.06021619764921421,11459.833333333334,0.264989785962371,0.07168748075041514,0.10986095802101226,0.03190029611787442,3.767776541999774,0.11232058939020173,4.0,3,0.3333333333333333,0.0,0.0,0.6666666666666666,0.6666666666666666,0.0,1.0,0.6666666666666666,0.6666666666666666,4.0
52,0.20159680638722555,0.04312865497076024,0.082328216374269,0.17430555555555557,0.10819444444444444,0.050833333333333335,0.0,0.1809169764560099,0.040606458706205044,5089.5,0.1397720175422733,0.025362318840579712,0.06317571968216752,0.013529627591267657,5.505722101267236,0.1459871484478523,2.0,3,0.0,0.0,0.0,0.3333333333333333,0.3333333333333333,0.0,0.3333333333333333,0.6666666666666666,0.3333333333333333,2.0
55,0.6934450071419297,0.1515528981857433,0.3089093152941082,0.5751669063594075,0.2687370972071986,0.1560959964333939,0.0,0.4924367557806415,0.17062892554051948,23250.75,0.4786593591666118,0.1644013018232481,0.1785056438024263,0.08285749072579594,2.9138207901568,0.09047920046402601,3.6666666666666665,3,0.0,0.0,0.0,1.0,1.0,0.0,0.3333333333333333,0.3333333333333333,1.0,3.6666666666666665
57,0.6289881835858847,0.14749323921383753,0.30433517201034066,0.6553003075080528,0.23120699338700146,0.1134091987709444,8.3500334001336e-05,0.5263499320945536,0.14326941699040366,25085.0,0.4837784123722302,0.12901713090231723,0.1990330183381314,0.05814604751285742,3.752317217698048,0.12463707320525681,3.3333333333333335,3,0.0,0.0,0.0,0.3333333333333333,0.0,0.0,1.0,1.0,1.0,3.3333333333333335
58,0.36512226512226514,0.10095452776771459,0.17378704323759267,0.31811959986090943,0.2322099943452398,0.11633707246051743,0.0,0.3797898957371408,0.08868562767698863,14613.583333333334,0.29483452185615416,0.057880650785469695,0.1647857238908077,0.033708610966228576,3.717335089194094,0.14933058564057103,3.0,3,0.0,0.0,0.0,0.6666666666666666,0.6666666666666666,0.0,0.6666666666666666,0.3333333333333333,0.6666666666666666,3.0
65,0.7456020759650405,0.1864888409577529,0.2763323922219998,0.6298048879240562,0.23634594443232057,0.13384916764362317,0.0,0.5606141558205303,0.13769110401716125,21290.833333333332,0.431653339599214,0.11060704277653015,0.25190641699670024,0.06551868291148362,3.901667230827437,0.1387396885979118,4.0,3,0.0,0.0,0.0,1.0,0.0,0.0,1.0,1.0,1.0,4.0
73,0.5992852932508105,0.11590169917818287,0.25013660010441546,0.5756834680337057,0.2860244120868187,0.13829211987947557,0.0,0.6028530155290719,0.11554527786452272,19741.75,0.4078643452080361,0.10698411979742506,0.1551899173167769,0.046839592578288645,3.8142184695739343,0.12904457828656887,5.0,3,0.0,0.0,0.0,1.0,1.0,0.0,1.0,1.0,1.0,5.0
92,0.5294424451050957,0.12888596802394622,0.2248147975965887,0.355567275692336,0.21327337600346144,0.09782601497086924,0.0,0.31382137917407626,0.12044079209370491,26153.166666666668,0.33223443677868597,0.08012559749904376,0.1496474423090939,0.03304849478177413,2.7816845954643887,0.1528272935414566,3.3333333333333335,3,0.0,0.0,0.0,0.6666666666666666,0.6666666666666666,0.0,0.6666666666666666,0.6666666666666666,0.6666666666666666,3.3333333333333335
106,0.428444918312227,0.1051635171034034,0.21651306032637194,0.5182554017278881,0.3191440062061331,0.1626005920659788,0.0,0.33751721617899205,0.06797845454677236,10959.583333333334,0.36780648814427136,0.06766818255536895,0.15243357324200804,0.032306395634352,5.434185198168268,0.14471531152424055,4.0,3,0.3333333333333333,0.0,0.0,1.0,1.0,0.0,1.0,0.0,0.6666666666666666,4.0
115,0.24372759856630824,0.04651026855381136,0.08434574936306753,0.18636647904940587,0.10068792995622265,0.046278924327704814,0.0,0.17253521126760563,0.035640647942938856,7834.833333333333,0.14294032023289666,0.030882987982931737,0.06986899563318777,0.015553036023862517,2.3274862707676363,0.1384336490069911,2.3333333333333335,3,0.0,0.0,0.0,0.3333333333333333,0.3333333333333333,0.0,0.3333333333333333,1.0,0.3333333333333333,2.3333333333333335
122,0.6954762878002775,0.14730464444186744,0.31486813082496307,0.5075834924702854,0.3359467523414195,0.1564697551882951,0.0,0.4983198090988932,0.17126402012458178,33666.583333333336,0.5132542302062276,0.11318361369597014,0.20075946914027135,0.04706351739716738,4.548737568670556,0.14279114922652011,4.0,3,0.0,0.0,0.0,1.0,1.0,0.0,1.0,0.0,1.0,4.0
136,0.452579365079365,0.10108633310976506,0.19326435034603637,0.3849402925424919,0.18655541103544926,0.09517096308872545,0.0,0.4459412345367862,0.09787021652450739,16401.916666666668,0.2893061631065488,0.09631489257284565,0.11800010250627851,0.04836499631806441,2.3332780907090283,0.12365003857607908,3.3333333333333335,3,0.0,0.0,0.0,0.6666666666666666,0.6666666666666666,0.0,0.3333333333333333,1.0,0.6666666666666666,3.3333333333333335
143,0.5835964801482043,0.10923391620842811,0.23149470721503854,0.6190001968647064,0.2498790509581241,0.13112075217716954,0.0,0.6620643753763241,0.11414009503229895,20633.5,0.38903956724754224,0.09012807278947978,0.16249713724804646,0.04228956577307356,4.319142526788333,0.1433420340253866,4.666666666666667,3,0.3333333333333333,0.0,0.0,1.0,0.3333333333333333,0.0,1.0,1.0,1.0,4.666666666666667
148,0.7048749173621025,0.17886664336774374,0.25816788927339224,0.5991696324526009,0.2653921047607792,0.13543826278661988,0.0,0.6296106055796652,0.12145249300210552,20906.583333333332,0.4008177962585057,0.12595556995952797,0.2527928819485415,0.07283919843689213,3.1814965534261987,0.11845387685343751,5.0,3,0.0,0.0,0.0,1.0,1.0,0.0,1.0,1.0,1.0,5.0
152,0.20576012681275838,0.06296264839423889,0.13561689764735393,0.3661797798149136,0.19975834401055778,0.10072854284119521,0.0,0.17093079922027288,0.04718580385967953,7706.75,0.25479920604797607,0.044588313790401846,0.10590342811217272,0.01764959356597988,5.162739521327797,0.12999911003692086,4.0,3,0.6666666666666666,0.0,0.0,0.6666666666666666,0.6666666666666666,0.0,0.6666666666666666,0.6666666666666666,0.6666666666666666,4.0
154,0.6101040388119814,0.12004700308174619,0.2755692031849175,0.5559346651541722,0.30064814285565894,0.14341719199016886,0.0,0.28197905354066966,0.1383890888529488,28937.166666666668,0.45986878432280504,0.13794232722494662,0.14420981776046252,0.049965183757705554,3.332506836654261,0.09032946336623748,5.0,3,0.0,0.0,0.0,1.0,1.0,0.0,1.0,1.0,1.0,5.0
155,0.6087280535556397,0.18260151352411377,0.34249375215419525,0.511220145073146,0.3285571184176852,0.16022273650916882,0.0,0.666153811849176,0.1683505965568305,38077.0,0.513582128625201,0.1690242390150536,0.2423371348220852,0.08010271783870991,3.0414043513026616,0.11392370435409536,3.6666666666666665,3,0.0,0.0,0.0,1.0,1.0,0.0,0.6666666666666666,0.0,1.0,3.6666666666666665
160,0.5215415019762846,0.15239710504086648,0.2836332771538701,0.5954853573032254,0.2654844769985624,0.13903016569821217,0.0,0.7905098230650509,0.12013957915320704,22649.0,0.456384468022399,0.13473245286985047,0.22921640141467728,0.0774138744783582,3.399689723796644,0.11912837117310508,5.0,3,0.0,0.0,0.0,1.0,1.0,0.0,1.0,1.0,1.0,5.0
184,0.5501689750309664,0.10100704726877846,0.2628470431862631,0.629440943646597,0.24911904244357974,0.12144001390982333,0.0,0.5124791769905518,0.08339988737397923,15481.166666666666,0.42810858005830105,0.11880431642695656,0.13619233668813094,0.04943725570755925,3.6110222183003855,0.11953846387795446,4.0,3,0.0,0.0,0.0,1.0,0.3333333333333333,0.0,1.0,1.0,0.6666666666666666,4.0
185,0.4441192620607195,0.14327865203547674,0.2597853452658765,0.5829683524211855,0.26460020978402077,0.15243143779479368,0.0,0.42321616310116755,0.09855238510433888,16095.0,0.4455401855345125,0.13135844979873904,0.22014350459074836,0.07236715063119344,3.53462398270795,0.09137336661060773,4.0,3,0.0,0.0,0.0,1.0,1.0,0.0,0.6666666666666666,0.6666666666666666,0.6666666666666666,4.0
200,0.6618199200570228,0.14094503995157812,0.2910952525024507,0.6114726758707159,0.24799354077841518,0.14053378335086905,0.0,0.46605501805452193,0.15320626733976542,19507.333333333332,0.4627308999692267,0.13571599437075435,0.17116613275416936,0.06426942100993029,3.419454802749073,0.11200628040814681,4.0,3,0.0,0.0,0.0,1.0,0.0,0.0,1.0,1.0,1.0,4.0
202,0.4305120167189133,0.07997004205614115,0.17408546412605738,0.3888100400036331,0.18644516579985546,0.09141146086317808,0.0,0.37102069558378376,0.07413330307906846,16085.333333333334,0.2845646861015539,0.07180139115396082,0.12665445169222822,0.035925580563741184,2.646635256219136,0.12961355539503136,3.6666666666666665,3,0.0,0.0,0.0,0.6666666666666666,0.6666666666666666,0.0,0.6666666666666666,1.0,0.6666666666666666,3.6666666666666665
218,0.7362962962962962,0.15166616461274332,0.275131032578477,0.6164551092766618,0.24475980318113952,0.13878508754219857,0.0,0.720199453702176,0.12074612160404426,17844.666666666668,0.44060986849919265,0.10669124892531419,0.22405032206748468,0.06247885348973555,4.140608709832654,0.1453733083712089,4.333333333333333,3,0.0,0.0,0.0,1.0,0.3333333333333333,0.0,1.0,1.0,1.0,4.333333333333333
227,0.6219157088122605,0.17170373222857424,0.26670381831023254,0.5981225429224878,0.26393073808572765,0.1379467189917846,0.0,0.7072480111897894,0.1320807859491013,21269.083333333332,0.427876935819861,0.13212854512763597,0.2640730580643977,0.08206038626908352,3.2502941752908487,0.1215602519819456,4.666666666666667,3,0.0,0.0,0.0,1.0,1.0,0.0,0.6666666666666666,1.0,1.0,4.666666666666667
228,0.5895771857782547,0.13929415929611907,0.29991583598651955,0.661738579298779,0.2284597258108907,0.10980169489033026,0.0,0.5512047091941215,0.15098205235668014,28502.166666666668,0.46826182063604643,0.12100121593631119,0.16806178948563621,0.04586626454193443,3.9097008738815617,0.13425169752786512,3.0,3,0.0,0.0,0.0,0.0,0.0,0.0,1.0,1.0,1.0,3.0
240,0.586454807931318,0.1627462912321895,0.24508409234291298,0.5885176442881411,0.2681882807324219,0.1432940749794369,0.0,0.5209661773154375,0.14232198128821685,21689.583333333332,0.4160605143597113,0.086594094698617,0.2310983313015004,0.048720816078089695,4.848454700965745,0.1432057649518517,5.0,3,0.0,0.0,0.0,1.0,1.0,0.0,1.0,1.0,1.0,5.0
242,0.6052286608425989,0.16926754947309366,0.2814926230323336,0.5417569126897519,0.3129645980805416,0.1452784892297065,0.0,0.5081329489224227,0.14695815251868863,25785.833333333332,0.4624715868323314,0.11563740346372098,0.25703605869090124,0.057635841734620774,4.013251819187798,0.13112791743418054,5.0,3,0.0,0.0,0.0,1.0,1.0,0.0,1.0,1.0,1.0,5.0
245,0.7342204319585027,0.17108719914046758,0.3305116242779203,0.5799006270086465,0.2795609612613387,0.14053841173001483,0.0,0.567228134184656,0.19569168381937072,33618.25,0.5062383683117974,0.13195908773697693,0.19688561479474817,0.06143737605185614,3.836373356877813,0.14200323722880745,5.0,3,0.0,0.0,0.0,1.0,1.0,0.0,1.0,1.0,1.0,5.0
254,0.361139254756276,0.07408371222555149,0.1536841461691594,0.35996542511394,0.20448884174131698,0.10221239981140971,0.0,0.2817107955483383,0.053200735945122125,10698.583333333334,0.26976846680977357,0.0710204021626452,0.1317300894471591,0.0379524026165795,3.6204345364941393,0.10434327146379863,3.3333333333333335,3,0.0,0.0,0.0,0.6666666666666666,0.6666666666666666,0.0,1.0,0.3333333333333333,0.6666666666666666,3.3333333333333335
262,0.2464110464452813,0.05440552772626353,0.12570849222604177,0.3259354569713939,0.23402484016771452,0.10670636952755819,0.0,0.0856892174432497,0.04544154342830112,5645.333333333333,0.2361407891316624,0.05235140692581359,0.07195890447911252,0.018826032568632144,6.156272230282254,0.10095442932484604,3.6666666666666665,3,0.6666666666666666,0.0,0.0,0.6666666666666666,0.6666666666666666,0.0,0.6666666666666666,0.3333333333333333,0.6666666666666666,3.6666666666666665
291,0.30720649818793055,0.0643205404270215,0.13040857759686245,0.4135163522634186,0.17244087035619338,0.08070944404705467,0.0,0.2765413066983546,0.05048518301436539,9959.083333333334,0.24902114521500548,0.03960757311452306,0.12976759210048008,0.019911089689212205,4.794591931467916,0.14019105548264602,3.0,3,0.0,0.0,0.0,0.6666666666666666,0.3333333333333333,0.0,0.3333333333333333,1.0,0.6666666666666666,3.0
307,0.5682625509915585,0.12527642805841624,0.244894141261239,0.5723683365465954,0.2879754418468019,0.13965622160660268,0.0,0.27055805905360875,0.12230315854028444,20014.833333333332,0.41749771944893893,0.12881466669153616,0.14757736006516495,0.050630309023104336,3.2424879836260785,0.08020876382345589,5.0,3,0.0,0.0,0.0,1.0,1.0,0.0,1.0,1.0,1.0,5.0
316,0.4573856199078204,0.12759332815072064,0.24844026177938053,0.567025349455608,0.2740447308236294,0.15892991972076265,0.0,0.41289198606271776,0.10313490303523275,14985.75,0.43157430206812175,0.08904979610316431,0.19268189797028504,0.04036944942812246,5.274361151919033,0.13833101527946326,4.0,3,0.0,0.0,0.0,1.0,1.0,0.0,0.6666666666666666,0.6666666666666666,0.6666666666666666,4.0
317,0.6479522412358233,0.1654458379671885,0.2953078585267693,0.5734318728471332,0.28034501194288136,0.14622311520998552,0.0,0.42869579749785514,0.1540042458526165,26619.583333333332,0.4910625470530696,0.13280322696284605,0.24095882033618207,0.06350726282683512,3.7024844608393317,0.11150680173828985,4.666666666666667,3,0.0,0.0,0.0,1.0,1.0,0.0,1.0,0.6666666666666666,1.0,4.666666666666667
331,0.604735562248854,0.17408487641355275,0.24762376965065458,0.612553396708217,0.25103627106330545,0.13641033222847773,0.0,0.5586632476494257,0.13540469696812976,18562.416666666668,0.41732967980202934,0.09324860579306099,0.27710250420180466,0.06000479602795943,4.483872986158645,0.14989003697221237,4.666666666666667,3,0.0,0.0,0.0,1.0,0.6666666666666666,0.0,1.0,1.0,1.0,4.666666666666667
342,0.4732754826133434,0.1752497751347882,0.3453147216121984,0.5804809428853397,0.28861513368574715,0.1309039234289132,0.0,0.49697017287123296,0.16479392346719882,45312.5,0.5173066215701317,0.16386242911184895,0.22664796501807496,0.06408319045290113,3.158774531238249,0.11116828081093603,5.333333333333333,3,0.3333333333333333,0.0,0.0,1.0,1.0,0.0,1.0,1.0,1.0,5.333333333333333
383,0.4213013308477034,0.10387787786094017,0.17412778181995936,0.37567996391582525,0.1922450889015066,0.09874161384933484,0.0,0.29133330120172224,0.10346430208482921,16542.083333333332,0.29046675909421005,0.09454699983480826,0.146993275424648,0.04981300509001394,3.0793462244123386,0.08176878754393134,3.0,3,0.0,0.0,0.0,0.6666666666666666,0.6666666666666666,0.0,0.3333333333333333,0.6666666666666666,0.6666666666666666,3.0
406,0.14492753623188406,0.04782530229200505,0.08861209840583494,0.20416966211358734,0.08890486460579917,0.0402588066139468,0.0,0.1839080459770115,0.039031947852040956,9922.833333333334,0.14289697476648544,0.03274073637409791,0.05813467168548724,0.012889925871579612,1.4626737237821912,0.1403335033384415,2.3333333333333335,3,0.0,0.0,0.0,0.3333333333333333,0.3333333333333333,0.0,0.3333333333333333,1.0,0.3333333333333333,2.3333333333333335
416,0.648187134502924,0.11540745582086948,0.24935915962210245,0.5927161456182825,0.26461401217054165,0.14266984221117582,0.0,0.2093232156811364,0.11887858613320046,21433.416666666668,0.43509513415809625,0.10056000338000548,0.13775976297819503,0.032990064367739186,4.361375464050603,0.11786694113771401,5.0,3,0.0,0.0,0.0,1.0,1.0,0.0,1.0,1.0,1.0,5.0
440,0.7820547150444058,0.19313937398491707,0.34801421270175864,0.5932641742057798,0.2693803948644146,0.1373554309298056,0.0,0.6750526226108787,0.1574340398153391,34995.75,0.5132982501596245,0.16321761417799127,0.2611229027259348,0.08329798252025385,3.1549772333956,0.12485193632895057,4.666666666666667,3,0.0,0.0,0.0,1.0,1.0,0.0,0.6666666666666666,1.0,1.0,4.666666666666667
444,0.5563725490196078,0.1614194284487922,0.22978712734145143,0.3946354946585786,0.17794427203980337,0.09408689996828468,0.0,0.46547143912997574,0.127916528356075,18944.25,0.3329165368065548,0.11219279474369248,0.20192524225520514,0.06462962015675709,2.974609066793588,0.11712395761956472,3.3333333333333335,3,0.0,0.0,0.0,0.6666666666666666,0.6666666666666666,0.0,0.3333333333333333,1.0,0.6666666666666666,3.3333333333333335
455,0.6124305492240577,0.14322851699425282,0.28732072645876666,0.5517842684109954,0.29189947947901407,0.15631625210999048,0.0,0.5725579828290576,0.1261353200763905,24925.5,0.4936073411214276,0.13425087621430878,0.2379314131660364,0.06808690494633655,3.722460129736108,0.10625418769161954,4.333333333333333,3,0.0,0.0,0.0,1.0,1.0,0.0,1.0,0.3333333333333333,1.0,4.333333333333333
472,0.4026915113871636,0.1288820813666725,0.278517126052999,0.5535406248380641,0.29605202663501723,0.1504073485269187,0.0,0.4842647892684475,0.08089096539233503,16609.75,0.42550076560853684,0.12996830638126425,0.16602468983057958,0.052161534167622536,3.2884549517068575,0.11173802989854953,4.333333333333333,3,0.0,0.0,0.0,1.0,1.0,0.0,1.0,0.6666666666666666,0.6666666666666666,4.333333333333333
489,0.7640342052313883,0.16761480392696707,0.32252674946960064,0.5984067130442551,0.2590229073755649,0.14257037958017996,0.0,0.6046446632564582,0.1740382037194952,25652.916666666668,0.4949819521572409,0.1634633664447935,0.19361404241353983,0.08190330440020996,3.041823047723627,0.10361816000714551,4.333333333333333,3,0.0,0.0,0.0,1.0,0.6666666666666666,0.0,0.6666666666666666,1.0,1.0,4.333333333333333
492,0.4155777837854074,0.09897167021314963,0.1564930693307366,0.40191805161655686,0.17605379739962568,0.08869481765048409,0.0,0.2819339021280769,0.08731684917530848,13958.666666666666,0.27126409999315576,0.06116084920398007,0.1518327116398455,0.03513470581617115,2.9642422180605412,0.12864984250943404,3.6666666666666665,3,0.0,0.0,0.0,0.6666666666666666,0.6666666666666666,0.0,0.6666666666666666,1.0,0.6666666666666666,3.6666666666666665
494,0.4366131386861314,0.07877255647269038,0.19838322951413445,0.3822051297428146,0.19552088930570535,0.08894064761814667,0.0,0.24476076182856635,0.08804721246842745,26515.666666666668,0.3243658132972103,0.08413856776264138,0.10200032777924628,0.028322713589092562,3.9199027888253815,0.11962495262110336,3.6666666666666665,3,0.0,0.0,0.0,0.6666666666666666,0.6666666666666666,0.0,0.6666666666666666,1.0,0.6666666666666666,3.6666666666666665
525,0.4808259587020649,0.11223306420194766,0.1930780215421286,0.3942377410850087,0.18100114115994548,0.0914277844217125,0.0,0.37126800140498767,0.09857789103185337,19797.333333333332,0.3059577594281528,0.09610598653267481,0.16063220452267013,0.049734136311638644,2.890765648380069,0.10947367580243773,3.6666666666666665,3,0.0,0.0,0.0,0.6666666666666666,0.6666666666666666,0.0,0.6666666666666666,1.0,0.6666666666666666,3.6666666666666665
529,0.2952928297755884,0.0912878726774889,0.18257219575184067,0.38354048890668074,0.18711860104082248,0.09600757671916343,0.0,0.27228702638846514,0.08627859156736949,21327.083333333332,0.30529538114375265,0.10149034331496387,0.143618344198666,0.048103361967870205,2.0073526358418907,0.08047390128136382,3.6666666666666665,3,0.3333333333333333,0.0,0.0,0.6666666666666666,0.6666666666666666,0.0,0.3333333333333333,1.0,0.6666666666666666,3.6666666666666665
541,0.5104173813607776,0.14798540301926152,0.32076891890710857,0.5993257295137794,0.26729918246128065,0.13337508802494,0.0,0.5248413707107649,0.12634604466222973,30440.333333333332,0.49795808495291505,0.1255241890405092,0.21131985386921362,0.05147573555169099,3.978400351826707,0.13433881897278163,5.333333333333333,3,0.3333333333333333,0.0,0.0,1.0,1.0,0.0,1.0,1.0,1.0,5.333333333333333
550,0.08928571428571429,0.06244061285379576,0.1764540381125664,0.3606283536647054,0.18972143748223347,0.11631687551972784,0.0,0.1714362225696254,0.04560403295926901,8216.666666666666,0.33648084873363837,0.09560908294309917,0.0828925495685769,0.032287326366248065,4.719740224309002,0.06199099724775631,3.0,3,0.3333333333333333,0.0,0.3333333333333333,0.6666666666666666,0.6666666666666666,0.0,0.3333333333333333,0.3333333333333333,0.3333333333333333,3.0
563,0.71502849002849,0.1882812569887388,0.28731389421431036,0.5963628962688506,0.26685695268846427,0.13678015104268504,0.0,0.5389632670782226,0.14251508639301605,24393.833333333332,0.4661200463694148,0.1208988438990972,0.2540115924770926,0.06668452815603994,3.8660801771040525,0.13006573462748525,5.0,3,0.0,0.0,0.0,1.0,1.0,0.0,1.0,1.0,1.0,5.0
569,0.6341609025032938,0.14150507736307644,0.27719238228366194,0.6012520739345876,0.2610771061004456,0.13767081996496675,0.0,0.44366530934010345,0.1303623854844049,23608.416666666668,0.47302192130946774,0.11028560214388566,0.228555668504394,0.056276964034008316,4.3209594659480635,0.12314766745004425,5.0,3,0.0,0.0,0.0,1.0,1.0,0.0,1.0,1.0,1.0,5.0
583,0.6374812130771863,0.13476658881422485,0.24582700738791932,0.5730413101551645,0.2841103366761314,0.14284835316870417,0.0,0.5678556640544877,0.11784069481558178,19761.083333333332,0.4157574438905612,0.11918041845998968,0.22529558765523497,0.06464968340403925,3.495561950570989,0.10653791917620821,5.0,3,0.0,0.0,0.0,1.0,1.0,0.0,1.0,1.0,1.0,5.0
591,0.5491470394379138,0.1141027074426826,0.306144398185717,0.5547314273302201,0.3031410495566294,0.1421275231131505,0.0,0.2898011493610504,0.14052184932443293,30208.333333333332,0.4724350945565106,0.1877058319031415,0.09641806989767683,0.05967185113909355,2.5195318175730748,0.04510634509872579,4.0,3,0.0,0.0,0.0,1.0,1.0,0.0,0.0,1.0,1.0,4.0
594,0.645695538397203,0.15941830005991678,0.2508756297596462,0.4535136739329575,0.3682134822623851,0.17827284380465744,0.0,0.456427407484756,0.12267313293958566,19115.833333333332,0.43085562905103414,0.09933629895229024,0.2578597533898172,0.05367735032154778,4.3590587086814,0.12569280556209877,3.6666666666666665,3,0.0,0.0,0.0,0.6666666666666666,1.0,0.0,1.0,0.0,1.0,3.6666666666666665
599,0.7308395217355,0.12405791086020634,0.2797737820691583,0.5645922034982602,0.29092051116971646,0.14448728533202326,0.0,0.46074513616614876,0.12709416849511176,32042.583333333332,0.45003588287046664,0.1192178533268378,0.16211133392552757,0.04462041832730735,3.791612205662451,0.12842972146792134,5.0,3,0.0,0.0,0.0,1.0,1.0,0.0,1.0,1.0,1.0,5.0
616,0.773636069289299,0.21783356671457263,0.34625091629815774,0.5845807204187109,0.2779484858127781,0.13747079376851104,0.0,0.6846192496886018,0.17679734214086132,30986.5,0.5220533877537558,0.1583484892949556,0.29115622024570664,0.08649580863852883,3.2972654666576102,0.12400888674214434,5.0,3,0.0,0.0,0.0,1.0,1.0,0.0,1.0,1.0,1.0,5.0
621,0.16325536062378168,0.047231825909788305,0.1222684874297289,0.1553451351722245,0.2882530533827364,0.2230684781117058,0.0,0.1049140485591325,0.028115857236391872,4739.083333333333,0.22296559619077486,0.03885177923289329,0.0739197959611205,0.015475374009602602,5.85457024358805,0.12371515926025693,2.0,3,0.0,0.3333333333333333,0.0,0.3333333333333333,0.3333333333333333,0.0,0.3333333333333333,0.3333333333333333,0.3333333333333333,2.0
655,0.8184891240446796,0.18075452160140826,0.318228725479317,0.5759562924251439,0.28978662174440295,0.13425708583045315,0.0,0.5308654425193066,0.1584509105342907,39988.583333333336,0.486563011578185,0.13493326482430398,0.224901348761214,0.060593472501752364,3.612552186111492,0.1398622690894821,5.0,3,0.0,0.0,0.0,1.0,1.0,0.0,1.0,1.0,1.0,5.0
667,0.6382857381313377,0.10789686281527712,0.2597255003534628,0.5944319773587429,0.27009551254616926,0.13547251009508787,0.0,0.6783975385553971,0.10632566616697076,27929.416666666668,0.4037743740056154,0.1326173800552554,0.16547705882679156,0.05677708646196231,3.048746213893331,0.11285007262849944,4.666666666666667,3,0.0,0.0,0.0,1.0,1.0,0.0,0.6666666666666666,1.0,1.0,4.666666666666667
675,0.5489560604115861,0.11868993338120627,0.22086577214329192,0.43844310972489464,0.39365021801355415,0.1679066722615512,0.0,0.48971608472778766,0.07751866065855,15280.583333333334,0.38066925101237253,0.09846697794951877,0.2018595099134973,0.05121790742522747,3.881872904367485,0.10974571671725164,3.0,3,0.0,0.0,0.0,0.0,1.0,0.0,1.0,0.0,1.0,3.0
682,0.18357487922705315,0.03776819351231884,0.08432663941802322,0.19835136527563113,0.08912931478619268,0.04585265327150953,0.0,0.1708185053380783,0.03540434920729673,7660.833333333333,0.14762165117550574,0.03905207044791431,0.07308182977947876,0.019626007465074678,1.8957003963065722,0.10474212945915089,2.3333333333333335,3,0.0,0.0,0.0,0.3333333333333333,0.3333333333333333,0.0,0.3333333333333333,1.0,0.3333333333333333,2.3333333333333335
686,0.23163841807909605,0.06956282650536157,0.10310657984250347,0.1848634264694373,0.095875401111372,0.052594505752524064,0.0,0.17395833333333333,0.05681051721017391,10147.583333333334,0.15552735476593346,0.0415190029010007,0.09066553863508177,0.02303669642052114,1.2513267259404919,0.13932005544285478,2.0,3,0.0,0.0,0.0,0.3333333333333333,0.3333333333333333,0.0,0.3333333333333333,0.6666666666666666,0.3333333333333333,2.0
707,0.7735787851755737,0.18736911189506142,0.3151594408453259,0.5795520702169588,0.2839879931684178,0.13645993661462344,0.0,0.42054797752511214,0.18812629539234074,40150.5,0.4620371536664085,0.14884931482195743,0.1955744878241398,0.061153087642261655,3.112236649831482,0.11633701904006555,4.666666666666667,3,0.0,0.0,0.0,1.0,1.0,0.0,0.6666666666666666,1.0,1.0,4.666666666666667
723,0.6531088900889097,0.10483125968194708,0.2761551561741468,0.6024139729077108,0.2654768989847223,0.1321091281075668,0.0,0.5301353897244309,0.11153274353382858,27489.583333333332,0.45915564814506094,0.15196196875073634,0.1274539880410188,0.05931585655756552,3.025983373245092,0.07924451151209116,4.666666666666667,3,0.0,0.0,0.0,1.0,1.0,0.0,0.6666666666666666,1.0,1.0,4.666666666666667
726,0.7054534346066065,0.13789530048286816,0.27391430052232674,0.6107635412125428,0.2617471337192594,0.1274893250681978,0.0,0.24836665241699565,0.1468492749864838,26428.666666666668,0.4324715508435173,0.10017696881581213,0.1501339864663804,0.03506969434867546,4.325726716028703,0.14317098022204208,5.0,3,0.0,0.0,0.0,1.0,1.0,0.0,1.0,1.0,1.0,5.0
730,0.7187140108032603,0.18601054967003938,0.27651404806505386,0.5829046722862613,0.2657914260652108,0.151303901648528,0.0,0.67884907229574,0.1452368062682771,20106.666666666668,0.4321378952326578,0.11337218409832146,0.27109234749179095,0.07084227317709328,3.8167650134812443,0.14607438162480255,4.333333333333333,3,0.0,0.0,0.0,1.0,1.0,0.0,1.0,0.3333333333333333,1.0,4.333333333333333
736,0.657677429196528,0.1473029362891733,0.3103833950089398,0.5744835246792064,0.26846441458927545,0.15705206073151812,0.0,0.6710866027875583,0.14730928611543712,25116.416666666668,0.47696949518730997,0.16404184742152406,0.2019543653689125,0.08326050997028865,2.9080906169352225,0.10303535705992399,3.3333333333333335,3,0.0,0.0,0.0,1.0,1.0,0.0,0.3333333333333333,0.0,1.0,3.3333333333333335
744,0.6221939591345315,0.19293735986401173,0.3217424528800126,0.5766484762628222,0.28079709511791906,0.1425544286192587,0.0,0.4709262609400986,0.17412522346470563,26271.583333333332,0.5114386409784215,0.143326709907216,0.26814362376817596,0.07299075557161076,3.586410536658576,0.11701241916748574,4.666666666666667,3,0.0,0.0,0.0,1.0,1.0,0.0,1.0,0.6666666666666666,1.0,4.666666666666667
753,0.539060064475567,0.11359733544139809,0.30113853614783775,0.5969682134290984,0.2685959888028186,0.13443579776808298,0.0,0.4381136460834539,0.09428976318943912,19611.25,0.4646457001146605,0.2036887299166801,0.1007872904461035,0.0767434987226145,2.281522073726842,0.022407501641343298,3.6666666666666665,3,0.0,0.0,0.0,1.0,1.0,0.0,0.0,1.0,0.6666666666666666,3.6666666666666665
773,0.7007208550832712,0.12519275537422977,0.2778456186973652,0.5667404273730837,0.28718083690750057,0.14607873571941574,0.0,0.682713055948326,0.12821289373931938,27028.0,0.4428635518109029,0.1184125576809576,0.2011797447372378,0.06113128097853467,3.7523416255494926,0.14114888466465206,5.0,3,0.0,0.0,0.0,1.0,1.0,0.0,1.0,1.0,1.0,5.0
783,0.648215494933372,0.17166937988892048,0.312462722293049,0.5297848847329601,0.3097341713575596,0.16048094390948028,0.0,0.5916564927137179,0.1691304720336794,28966.166666666668,0.475469793806154,0.14257216451459356,0.24255579220377088,0.07569950077941554,3.3503603349731326,0.1334844143531659,4.0,3,0.0,0.0,0.0,1.0,1.0,0.0,1.0,0.0,1.0,4.0
789,0.7094896331738436,0.16387903127749456,0.2459543508247667,0.616607789537651,0.25160566243276455,0.13178654802958442,0.0,0.6276349288211073,0.13093602953960246,21010.5,0.4272975302346887,0.1161927944468285,0.2696698125694949,0.0698879717527759,3.72998878326427,0.11280084333795155,4.666666666666667,3,0.0,0.0,0.0,1.0,0.6666666666666666,0.0,1.0,1.0,1.0,4.666666666666667
806,0.5535845528599151,0.13104023915422777,0.24581402300932934,0.5449430759220314,0.2987284544148309,0.1563284696631377,0.0,0.5847057851181537,0.10738371136321305,22823.0,0.4282416183413063,0.10251722513779384,0.22403263178558008,0.05800811536200425,4.189673498083596,0.1224894648429314,4.333333333333333,3,0.0,0.0,0.0,1.0,1.0,0.0,1.0,0.3333333333333333,1.0,4.333333333333333
807,0.7582731338149294,0.18309074722074228,0.3060054810900829,0.5924355979972554,0.2721072563184395,0.13545714568430495,0.0,0.47801376823868175,0.1546494289553659,26537.416666666668,0.48473213161420153,0.13122622256485603,0.22805511342557072,0.06279507404030489,3.7143285955524448,0.12152232410959247,5.0,3,0.0,0.0,0.0,1.0,1.0,0.0,1.0,1.0,1.0,5.0
814,0.3481426632111564,0.12077366051223948,0.19811923796733322,0.42506356470887363,0.16559623696923467,0.07600686498855835,0.0,0.1806696263411025,0.09939180640064697,17559.5,0.34121789742579955,0.06923202402706263,0.16433882289201743,0.027958820891705816,5.518552133869496,0.13775315859363146,3.6666666666666665,3,0.0,0.3333333333333333,0.3333333333333333,0.3333333333333333,0.3333333333333333,0.0,0.6666666666666666,1.0,0.6666666666666666,3.6666666666666665
818,0.42465436722615246,0.11866493412381778,0.1814099013257868,0.3586796907041183,0.19886984195869953,0.10911713400384888,0.0,0.35545139187523295,0.10158182470940728,14072.25,0.3079599527664259,0.08678434795096474,0.17804864428144707,0.05148625922547082,3.0835134174249164,0.11055920565139375,3.0,3,0.0,0.0,0.0,0.6666666666666666,0.6666666666666666,0.0,0.6666666666666666,0.3333333333333333,0.6666666666666666,3.0
820,0.7051913065780174,0.13248410758966075,0.23824891363713463,0.6010344975286851,0.2581713454327926,0.14079415703852238,0.0,0.6711438040929139,0.13294945001326647,18618.0,0.39806412895350723,0.10265600013750532,0.19660534613163758,0.059542353371936106,3.8866300763287533,0.13482043510549477,5.0,3,0.0,0.0,0.0,1.0,1.0,0.0,1.0,1.0,1.0,5.0
822,0.15261044176706826,0.037347888939075195,0.08209016618326968,0.1621785540999515,0.11851043182920912,0.05264434740417273,0.0,0.06315789473684211,0.027182954175832746,6174.583333333333,0.15350999104357763,0.035823062059326075,0.0486852883776816,0.013261555868435788,3.532736963560115,0.09718302349791934,2.3333333333333335,3,0.0,0.0,0.0,0.3333333333333333,0.3333333333333333,0.3333333333333333,0.3333333333333333,0.6666666666666666,0.3333333333333333,2.3333333333333335
826,0.801676402580017,0.22114257084584762,0.3557134566830811,0.5284537201349979,0.32040018612374044,0.15114609374126162,0.0,0.45026850155777876,0.21050356207504764,43248.666666666664,0.523036180058965,0.1550475768537711,0.2507043130348641,0.06811516434068639,3.3833142560512663,0.12557374355791792,4.333333333333333,3,0.0,0.0,0.0,1.0,1.0,0.0,1.0,0.3333333333333333,1.0,4.333333333333333
834,0.34259259259259256,0.09023273449832549,0.16036838372632228,0.3944637636786445,0.18360140307350017,0.08860149991452206,0.0,0.4608789202581991,0.06352829272604428,11380.083333333334,0.27595145394058435,0.07185439537858096,0.15529362109978054,0.040607001724064395,3.4291668432488946,0.1192396668444549,3.6666666666666665,3,0.0,0.0,0.0,0.6666666666666666,0.6666666666666666,0.0,0.6666666666666666,1.0,0.6666666666666666,3.6666666666666665
853,0.21832358674463936,0.05181598062953995,0.10081385179123324,0.19383477188655981,0.09305384299219072,0.04644471845458282,0.0,0.19404761904761905,0.04630788347959464,8956.166666666666,0.1670186554030271,0.04934110336003431,0.07743752199929603,0.02465153784126253,1.69643792615485,0.09913014180393302,2.3333333333333335,3,0.0,0.0,0.0,0.3333333333333333,0.3333333333333333,0.0,0.3333333333333333,1.0,0.3333333333333333,2.3333333333333335
868,0.5779667248828017,0.19876459825140666,0.30346111386502783,0.6148421918380231,0.24206309224521194,0.1430947159167649,0.0,0.7510771910524386,0.14801308333151666,22820.583333333332,0.4689954676798323,0.16130027628432198,0.27137531664566605,0.09917671555495478,2.9074709741535645,0.10197745350768912,3.3333333333333335,3,0.0,0.0,0.0,1.0,0.3333333333333333,0.0,0.3333333333333333,0.6666666666666666,1.0,3.3333333333333335
894,0.78411306042885,0.15699086487142008,0.26146748564133554,0.5186166432860305,0.3274533224206724,0.15393003429329707,0.0,0.6336252717089502,0.11285581523761257,19966.5,0.41626573020026997,0.10596171809464178,0.23494141988375306,0.06039485554452325,3.9521401309478015,0.14195258636514962,4.0,3,0.0,0.0,0.0,1.0,1.0,0.0,1.0,0.0,1.0,4.0
922,0.19512195121951217,0.04857490441432047,0.1146159193604449,0.18719362745098037,0.09920343137254901,0.04693627450980392,0.0,0.16423357664233576,0.051755982752679335,11063.5,0.1661560904449307,0.049154151562230276,0.056601021152443476,0.020412566891075436,3.3803063457330413,0.1290880136636186,2.3333333333333335,3,0.0,0.0,0.0,0.3333333333333333,0.3333333333333333,0.0,0.3333333333333333,1.0,0.3333333333333333,2.3333333333333335
933,0.6467993904644967,0.19864373523219092,0.2882958597280634,0.6157752434354345,0.251557589130703,0.13266716743386245,0.0,0.5434298062035289,0.1703403883344051,22255.083333333332,0.45654718817070256,0.10935945100034239,0.26720120088257493,0.06156671005711697,4.174764245395687,0.14311193089781427,4.666666666666667,3,0.0,0.0,0.0,1.0,0.6666666666666666,0.0,1.0,1.0,1.0,4.666666666666667
942,0.4702585611709473,0.11369707097330879,0.21217080437681723,0.5799404490517849,0.2858748191773386,0.13418473177087656,0.0,0.136892253777627,0.10390194894511579,22180.166666666668,0.3699923808655223,0.08330513883613132,0.13576399873457767,0.03069344945849059,4.459739447041933,0.12471298092403094,5.333333333333333,3,0.3333333333333333,0.0,0.0,1.0,1.0,0.0,1.0,1.0,1.0,5.333333333333333
944,0.23120567375886525,0.05869721315418037,0.11450146679695615,0.17178232502965599,0.10779952550415184,0.0537514827995255,0.0,0.19999999999999998,0.06334139351086944,9630.416666666666,0.17708333333333334,0.05682745670615061,0.08002645502645503,0.028234271728029874,1.0408953338034792,0.1142293456529996,2.0,3,0.0,0.0,0.0,0.3333333333333333,0.3333333333333333,0.0,0.3333333333333333,0.6666666666666666,0.3333333333333333,2.0
966,0.0,0.0,8.443093549476529e-05,0.0,0.0,0.0,0.0,0.0,0.0,0.0,0.00017825311942959,4.014613192018949e-05,0.0,0.0,0.0,0.10804087160939298,1.0,3,0.0,0.0,0.0,0.0,0.0,0.0,0.0,1.0,0.0,1.0
968,0.7466397849462365,0.17764317409528455,0.280563633414554,0.6189764868843025,0.24866583383216648,0.132357679283531,0.0,0.6581576997017878,0.13355672052967113,23543.166666666668,0.443739376898189,0.13704156246190294,0.24234092437751867,0.07523590136928464,3.239420040635334,0.11426119654782409,4.0,3,0.0,0.0,0.0,1.0,0.0,0.0,1.0,1.0,1.0,4.0
975,0.7936046511627907,0.13344895993880845,0.31127833320266546,0.601333777263469,0.2677970745736686,0.13086914816286244,0.0,0.5236342926965128,0.1431808659817816,35781.166666666664,0.5068998016150106,0.12527482301881543,0.1723417455121108,0.046545514492476674,4.045210688181669,0.1312793627653577,5.0,3,0.0,0.0,0.0,1.0,1.0,0.0,1.0,1.0,1.0,5.0
987,0.6539353943609263,0.19721853521434493,0.2951599551497672,0.5841307650501497,0.27638156564024174,0.13948766930960854,0.0,0.3807730078563412,0.17377125556251727,25737.5,0.48955994212674975,0.10472950223776618,0.25809909193933994,0.052940122354703946,4.7391893876008675,0.13257824491473216,5.0,3,0.0,0.0,0.0,1.0,1.0,0.0,1.0,1.0,1.0,5.0
