draw_idx,fsw_prev_2019,nontrep_f_2016,trep_f_2016,primary_share,secondary_share,early_lat_share,late_lat_share,client_prev_2016,overall_prev_f_2035_2040_mean,new_inf_2030_2040_mean,hiv_pos_trep_2016,hiv_neg_trep_2016,hiv_pos_nontrep_2016,hiv_neg_nontrep_2016,hiv_trep_ratio_2016,hiv_prev_2010_2020,n_top_spreaders_50pct,n_pass,n_seeds_ok,pass_fsw_band,pass_nontrep_band,pass_trep_band,pass_primary_band,pass_secondary_band,pass_early_lat_band,pass_sustained,pass_hiv_pos_trep_band,pass_hiv_trep_ratio_band,n_pass_mean
10,0.4121770863343897,0.07311739606467003,0.11855416725304935,0.431155340406925,0.22103135907377738,0.014479967185964261,0.0,0.35470559251047057,0.07462365591771236,11.178399444444446,0.2327339590575981,0.05410245609691908,0.13518546777308896,0.034627953525080524,2.875349199751683,0.17534410778684048,492.0,3.3333333333333335,3,0.0,0.0,0.0,0.3333333333333333,0.6666666666666666,1.0,0.6666666666666666,0.0,0.6666666666666666,3.3333333333333335
29,0.42717948717948717,0.11545868751943707,0.17435965283064056,0.4175294583509774,0.23497100004598903,0.014166208269700269,0.0,0.5352218284559083,0.08763409151597246,12.481299444444446,0.36703913232710095,0.08893955762068745,0.23175381060309672,0.06360291504522539,5.5507425527752,0.15659138841389328,689.0,3.6666666666666665,3,0.0,0.0,0.0,0.6666666666666666,0.6666666666666666,1.0,0.6666666666666666,0.0,0.6666666666666666,3.6666666666666665
31,0.1623965313362239,0.07615043545602769,0.14633941982041052,0.3446740770969769,0.308391146349521,0.013601443220168806,0.0,0.27560004550108064,0.048653722978516674,6.77508,0.3046107989005253,0.0835925728938729,0.1288991215319326,0.054830087156027114,6.103777177222301,0.11888699325917411,538.6666666666666,3.0,3,0.0,0.0,0.0,0.6666666666666666,0.3333333333333333,1.0,0.3333333333333333,0.3333333333333333,0.3333333333333333,3.0
33,0.16352201257861634,0.0551301488874923,0.09123761344991088,0.27855023173618754,0.3781467773665433,0.009969657563935847,0.0,0.24883656469283846,0.005985170830643168,0.0,0.20812951714782857,0.03992784597922271,0.12613743984630357,0.027741928043097733,3.982910004534418,0.14947094000110936,224.66666666666666,2.0,3,0.0,0.0,0.0,0.3333333333333333,0.3333333333333333,1.0,0.0,0.0,0.3333333333333333,2.0
39,0.16847826086956522,0.0480231018620293,0.07833801368833447,0.19466106778644274,0.13097380523895222,0.0076984603079384125,0.0,0.20504385964912283,0.04027592484211753,7.291414444444444,0.14189549186526362,0.03645963863868703,0.08967315058683784,0.02447693780712591,25.15727701176267,0.1721291860101117,381.3333333333333,2.3333333333333335,3,0.0,0.0,0.0,0.3333333333333333,0.3333333333333333,1.0,0.3333333333333333,0.0,0.3333333333333333,2.3333333333333335
44,0.155467720685112,0.052718266413841,0.08008418067707515,0.16263190564866542,0.16238361266294227,0.008317815021725636,0.0,0.2038946162657503,0.04386862817876536,5.894416111111112,0.1440983718576734,0.042166940429564516,0.08926772120764936,0.03394979870190785,4.7733384230325715,0.17173086143239147,424.0,2.3333333333333335,3,0.0,0.0,0.0,0.3333333333333333,0.0,1.0,0.3333333333333333,0.0,0.6666666666666666,2.3333333333333335
56,0.19813061260780654,0.054595284944908874,0.11457376279003222,0.1737046103631171,0.1528967768257854,0.006731946144430845,0.0,0.19288866077856903,0.04999527602908865,7.023596111111111,0.24732122743743246,0.04887671679810069,0.09796519429021787,0.029444652575014694,11.887377313033676,0.15206175912000677,474.0,2.6666666666666665,3,0.0,0.3333333333333333,0.3333333333333333,0.3333333333333333,0.0,1.0,0.3333333333333333,0.0,0.3333333333333333,2.6666666666666665
57,0.6975731387496094,0.14927970442465813,0.244833394991545,0.6052087915172105,0.37294523377043354,0.021729911574008717,0.00011606313834726091,0.7497613686871999,0.14104393388988318,19.188821666666666,0.44400153110723234,0.14362212319192305,0.2410579573312018,0.1052326536719509,3.0921005634219245,0.150435312760549,982.0,4.666666666666667,3,0.0,0.0,0.0,1.0,1.0,1.0,1.0,0.0,0.6666666666666666,4.666666666666667
72,0.5236080011942081,0.14289007749443605,0.23180445162003882,0.5729443051644626,0.40323501239754944,0.02382068243798807,0.0,0.689080697319184,0.13660206854627965,18.56873777777778,0.4229404006600089,0.15231694629519973,0.2299767968972196,0.1126698816697943,2.7842099404488874,0.13473634960195432,1005.6666666666666,4.0,3,0.0,0.0,0.0,1.0,1.0,1.0,1.0,0.0,0.0,4.0
73,0.1913978494623656,0.04856398395320274,0.07589807742234643,0.20166599489453177,0.12427784495499127,0.007389493483810292,0.0,0.15140845070422534,0.03548217935242178,5.134391111111111,0.15879616413731437,0.03517473263431693,0.09425463987176601,0.02569567257788967,14.21922533006433,0.14907080247979032,344.3333333333333,3.0,3,0.0,0.3333333333333333,0.0,0.3333333333333333,0.3333333333333333,1.0,0.3333333333333333,0.3333333333333333,0.3333333333333333,3.0
78,0.6023423684819303,0.12963996105126044,0.23151375249889528,0.5492650988881577,0.42560496840717743,0.02512993270466486,0.0,0.7671921176759886,0.12134312374300525,20.67509277777778,0.4195038149736949,0.13340407098672766,0.22460341096944825,0.09284243431335455,3.1495183096291632,0.15742545109964567,992.6666666666666,4.666666666666667,3,0.0,0.0,0.0,1.0,1.0,1.0,1.0,0.0,0.6666666666666666,4.666666666666667
84,0.3925796425796426,0.09564645150052153,0.16020242708376206,0.4052198387299894,0.24720525349838138,0.014241574438295886,0.0,0.49014539450482514,0.09297145982945382,15.38387111111111,0.2935040690462222,0.08274316851226882,0.15595598582535222,0.05583203469289341,3.555198758646892,0.16410497551487987,910.0,3.6666666666666665,3,0.0,0.0,0.0,0.6666666666666666,0.6666666666666666,1.0,0.6666666666666666,0.0,0.6666666666666666,3.6666666666666665
93,0.3779014459665144,0.07402083734046531,0.18093795091775053,0.529895736356211,0.44330579647682855,0.02679846716696051,0.0,0.3463650362904094,0.08732242712106776,13.270277777777778,0.3751555363214556,0.09433730008279878,0.11561904720286385,0.052406506239884125,4.129950902120242,0.13605635414229303,703.6666666666666,4.333333333333333,3,0.0,0.0,0.0,1.0,0.6666666666666666,1.0,0.6666666666666666,0.0,1.0,4.333333333333333
100,0.43240418118466906,0.09615559816625917,0.14322957967717057,0.41243241047857576,0.24253158539979092,0.011702670788299977,0.0,0.4082193089285287,0.08275603332656141,10.589681666666669,0.28414187448040357,0.07627433973737306,0.1786036075532026,0.059339216121930105,6.180552750526395,0.14946379449946864,622.0,3.6666666666666665,3,0.0,0.0,0.0,0.6666666666666666,0.6666666666666666,1.0,0.6666666666666666,0.0,0.6666666666666666,3.6666666666666665
118,0.008291873963515755,0.019914695561183953,0.03698385047835454,0.0,0.0,0.0,0.0,0.021464646464646464,4.46479925438634e-05,0.0,0.0973707627872762,0.010672608890041567,0.05392506990338108,0.006074806907923284,4.592833241235341,0.15599958730946917,115.0,1.0,3,0.0,0.0,0.0,0.0,0.0,1.0,0.0,0.0,0.0,1.0
127,0.6899392441561116,0.12286976988752289,0.20969604986955162,0.5950004660644438,0.3851401018276182,0.019859432107938012,0.0,0.7049954495443629,0.12636430132854512,18.58080166666667,0.39530549552335964,0.12227577460359106,0.2174698727172022,0.08259187234747344,3.2477298487279582,0.15687385725697828,903.6666666666666,4.666666666666667,3,0.0,0.0,0.0,1.0,1.0,1.0,1.0,0.0,0.6666666666666666,4.666666666666667
146,0.4313543895506659,0.0939383489024332,0.1670039889731955,0.41107073216326234,0.24132029662088902,0.014275637882515235,0.0,0.36920383937679685,0.10501878893608363,14.445300555555557,0.3325972650067884,0.08390467924762446,0.1681647791303925,0.05350116534075666,12.390752735905345,0.15145654566742248,730.6666666666666,4.0,3,0.0,0.3333333333333333,0.0,0.6666666666666666,0.6666666666666666,1.0,0.6666666666666666,0.0,0.6666666666666666,4.0
161,0.0,0.0029642113975266063,0.009095231790585497,0.0,0.0,0.0,0.0,0.0,0.0,0.0,0.027778712519752103,0.001478118205960826,0.008567592303748902,0.0002959647589042197,15.947796139141749,0.14673226151302834,89.0,1.3333333333333333,3,0.0,0.0,0.0,0.0,0.0,1.0,0.0,0.3333333333333333,0.0,1.3333333333333333
169,0.20883534136546186,0.04446930782391256,0.07342320566079517,0.21269554753309264,0.11281588447653429,0.007821901323706379,0.0,0.24206349206349206,0.04214789757149146,5.011339444444444,0.14055260755343052,0.038608551870341595,0.0807479106531399,0.028803409756594234,5.833515336185502,0.17934528457591636,397.0,2.6666666666666665,3,0.0,0.0,0.0,0.3333333333333333,0.3333333333333333,1.0,0.3333333333333333,0.0,0.6666666666666666,2.6666666666666665
170,0.0,0.004429078758804441,0.015881875519118287,0.0,0.0,0.0,0.0,0.0011862396204033213,0.0,0.0,0.0625,0.0031495187145743446,0.01566804407713499,0.0006375428748751662,6.773628048780488,0.10549336459693164,117.5,1.3333333333333333,3,0.0,0.3333333333333333,0.0,0.0,0.0,1.0,0.0,0.0,0.0,1.3333333333333333
186,0.12698572204836023,0.049562378099687394,0.11587827929655126,0.34612261469752337,0.2809175801867641,0.03962647178237921,0.0,0.13021380723692363,0.03125389114322556,3.9593683333333334,0.2845988476914408,0.046518491979989,0.10322190193351526,0.026146194128880137,9.714399727056291,0.13271814825082895,425.0,4.666666666666667,3,0.3333333333333333,0.6666666666666666,0.6666666666666666,0.6666666666666666,0.6666666666666666,1.0,0.3333333333333333,0.0,0.3333333333333333,4.666666666666667
200,0.21617161716171618,0.05158015391351323,0.09091106706218928,0.18715137526447392,0.1365647239853818,0.009617234083477592,0.0,0.1961451247165533,0.05039978376098372,8.577425,0.17931679161012004,0.04763324905103955,0.09247688499383133,0.0304209618996296,6.598901405447649,0.14796283603425778,439.0,2.3333333333333335,3,0.0,0.0,0.0,0.3333333333333333,0.3333333333333333,1.0,0.3333333333333333,0.0,0.3333333333333333,2.3333333333333335
219,0.3046499678869621,0.11157824491157824,0.14981648314981647,0.41687262015390775,0.23442751999484254,0.015366526517916432,0.0,0.4972512617159337,0.08882751052178456,10.26154388888889,0.26050016125798664,0.08936246098921558,0.1886526677300977,0.07490908006455854,1.949865611928959,0.17581998895609754,633.0,3.6666666666666665,3,0.3333333333333333,0.0,0.0,0.6666666666666666,0.6666666666666666,1.0,0.6666666666666666,0.0,0.3333333333333333,3.6666666666666665
229,0.3908368396446938,0.06775724919419779,0.14870403942323535,0.40935609763129327,0.24173577670903834,0.015268841584404514,0.0003059507419305492,0.5372254827716775,0.06645099847028986,11.349706666666668,0.27546092662063776,0.09023732524177684,0.10783392765911744,0.05623737444724105,3.4821775446246406,0.14649486182595794,563.0,3.6666666666666665,3,0.0,0.0,0.0,0.6666666666666666,0.6666666666666666,1.0,0.6666666666666666,0.0,0.6666666666666666,3.6666666666666665
235,0.4898034853540971,0.08209751419749552,0.13471618131171517,0.43535896925018264,0.2159241548781298,0.015383542538354255,0.0,0.4020311673568379,0.052920800446959425,8.519518333333332,0.2745631703379333,0.07892303165523054,0.15930152398037195,0.05726939019507258,6.1071760191993825,0.13137641858782698,557.6666666666666,3.6666666666666665,3,0.0,0.3333333333333333,0.0,0.3333333333333333,0.6666666666666666,1.0,0.6666666666666666,0.0,0.6666666666666666,3.6666666666666665
242,0.7317815739441667,0.1374402761444484,0.23053862398291572,0.6097541283217573,0.36904297205335124,0.02120289962489137,0.0,0.7477484117692083,0.11891468044539068,24.079522222222224,0.4267236063937608,0.1418812167410147,0.2341474759979186,0.09499898874411261,3.0106768181907544,0.1390510721301987,928.6666666666666,4.666666666666667,3,0.0,0.0,0.0,1.0,1.0,1.0,1.0,0.0,0.6666666666666666,4.666666666666667
249,0.56277542606143,0.13357000429077467,0.22902997652924553,0.5718291736297881,0.40348900330955995,0.02468182306065196,0.0,0.5763937871134709,0.10472319083123598,15.446603333333334,0.4296626629186873,0.13302404694383588,0.2308884484636231,0.09036406070419196,3.2467647881759234,0.13926809488203784,892.6666666666666,5.0,3,0.0,0.0,0.0,1.0,1.0,1.0,1.0,0.0,1.0,5.0
258,0.25396825396825395,0.037472353870458136,0.06799368088467615,0.19823066841415463,0.1290956749672346,0.00600698995194408,0.0,0.14161220043572983,0.03771163654411422,5.981276111111111,0.1365701306076093,0.03964048824522155,0.07183418512208972,0.024804741159386162,3.4452181759913643,0.132892478522024,296.0,2.3333333333333335,3,0.0,0.0,0.0,0.3333333333333333,0.3333333333333333,1.0,0.3333333333333333,0.0,0.3333333333333333,2.3333333333333335
259,0.0,0.007714549255822954,0.03810113960131284,0.0,0.0,0.0,0.0,0.01338199513381995,0.0,0.0,0.10994626405072234,0.008290422102274186,0.024376016975911716,0.00190488522258935,11.427048555090188,0.13665373890607993,175.33333333333334,1.6666666666666667,3,0.0,0.3333333333333333,0.3333333333333333,0.0,0.0,1.0,0.0,0.0,0.0,1.6666666666666667
267,0.24115612648221343,0.09455677524649041,0.15271551896529778,0.3749718139621471,0.27630346250919074,0.015391390195328767,0.0,0.38222456351595424,0.08949049680537585,16.674707222222224,0.27294739884554314,0.08887528976892466,0.17113102267017477,0.06289993019256973,2.055322782468109,0.15285546619003454,666.6666666666666,4.0,3,0.6666666666666666,0.0,0.0,0.6666666666666666,0.6666666666666666,1.0,0.6666666666666666,0.0,0.3333333333333333,4.0
272,0.6927249725013797,0.13083636735334667,0.20442673107774945,0.6052750485057522,0.3737929873283043,0.020931964165943465,0.0,0.6862996463197722,0.12992356064654134,17.75321888888889,0.38293474485296847,0.10412657983477282,0.2315687753164212,0.0740379913625641,3.703221389699929,0.1727002221857945,839.6666666666666,5.0,3,0.0,0.0,0.0,1.0,1.0,1.0,1.0,0.0,1.0,5.0
277,0.31996658312447784,0.08275827410923449,0.164445098481831,0.3737725857545229,0.27558674839403535,0.017307332518108436,0.0,0.4880747075869027,0.07609392231421984,12.556095555555558,0.28794176419295975,0.08774538258447394,0.12170327341399867,0.052682816412441734,4.551474018307299,0.16713476558079896,486.6666666666667,4.0,3,0.3333333333333333,0.0,0.0,0.6666666666666666,0.6666666666666666,1.0,0.6666666666666666,0.0,0.6666666666666666,4.0
282,0.038011695906432746,0.04631245198900826,0.07429173313179603,0.174496644295302,0.13646532438478748,0.02237136465324385,0.0,0.06206651420126369,0.0003895614080066634,0.0,0.17668337655143887,0.03221583631465149,0.10624839724821637,0.02318310548059889,9.132828740866866,0.1292868439996837,256.6666666666667,2.6666666666666665,3,0.0,0.3333333333333333,0.0,0.3333333333333333,0.3333333333333333,1.0,0.0,0.3333333333333333,0.3333333333333333,2.6666666666666665
286,0.0,0.0028586750823867226,0.01644221777080967,0.0,0.0,0.0,0.0,0.0,0.0,0.0,0.056535304018999054,0.0030362047836152116,0.011412427587029575,0.00032236831541413656,17.627394586156584,0.1298938874560714,110.66666666666667,1.0,3,0.0,0.0,0.0,0.0,0.0,1.0,0.0,0.0,0.0,1.0
287,0.6803159401064635,0.16780683441965358,0.2284958405928311,0.5225889977162165,0.4527903542280037,0.024620648055779928,0.0,0.8329712739715127,0.12795756424790927,16.288662777777777,0.41940876261841487,0.1243216780298625,0.30422102251640515,0.10160807625879258,3.3742470789843666,0.17210308616739542,944.0,4.666666666666667,3,0.0,0.0,0.0,1.0,0.6666666666666666,1.0,1.0,0.0,1.0,4.666666666666667
305,0.4569481151759633,0.06764503251899297,0.16194728466922434,0.3287475262312834,0.3201480682822399,0.0177710721531434,0.0,0.40643505148624604,0.10381134717831075,12.879407777777777,0.2976408147211815,0.08120951599838322,0.0983505612176536,0.04490821396051701,4.330479398964075,0.17069524186191012,711.3333333333334,3.3333333333333335,3,0.0,0.0,0.0,0.6666666666666666,0.0,1.0,0.6666666666666666,0.0,1.0,3.3333333333333335
314,0.40742156394330314,0.08716897146138602,0.13932510111288957,0.4132682178591292,0.2387798995167132,0.014618549290824234,0.0,0.463479302086897,0.07153481761780263,11.593397222222222,0.25248538031051226,0.07228505177124189,0.15860739522230857,0.051493153975442685,4.706700904348701,0.1747962004068322,599.0,3.6666666666666665,3,0.0,0.0,0.0,0.6666666666666666,0.6666666666666666,1.0,0.6666666666666666,0.0,0.6666666666666666,3.6666666666666665
316,0.44960331927156566,0.09404759251068656,0.15760949777622454,0.3766861426118857,0.2744525453610151,0.01552797869376587,0.0,0.4426691571171353,0.1033729933572274,12.145923333333334,0.28674861978431737,0.08798355552443311,0.15607323732874767,0.06342400788514548,3.900750812860475,0.16609440699348801,716.3333333333334,3.6666666666666665,3,0.0,0.0,0.0,0.6666666666666666,0.6666666666666666,1.0,0.6666666666666666,0.0,0.6666666666666666,3.6666666666666665
318,0.20444444444444443,0.05903662293828524,0.10856423534238524,0.34963276344229205,0.30007887647125103,0.016955026753123475,0.0,0.24249635745507528,0.02968575266203283,4.692852777777778,0.2292886375627341,0.04440049346624788,0.11801945578866564,0.02785316269341157,4.115167730697967,0.16517847911660827,383.6666666666667,2.6666666666666665,3,0.0,0.0,0.0,0.6666666666666666,0.3333333333333333,1.0,0.3333333333333333,0.0,0.3333333333333333,2.6666666666666665
332,0.24432612170510146,0.09735944641828655,0.1778870923915006,0.33936374722620455,0.308167656632716,0.019135262807746092,0.0,0.23503504350437557,0.0762302775977417,16.31761611111111,0.3637892534557095,0.08320876885884006,0.19064526108581406,0.048280615383543335,8.36461907857074,0.1500472117794375,729.0,4.0,3,0.3333333333333333,0.3333333333333333,0.3333333333333333,0.6666666666666666,0.0,1.0,0.6666666666666666,0.0,0.6666666666666666,4.0
335,0.1511627906976744,0.03927792235363959,0.08153809522450352,0.19758015728977618,0.12837265577737447,0.007380520266182698,0.0,0.13225493225051863,0.03493878927180367,6.676156111111111,0.18692607890683413,0.039377727245532484,0.08502753655723859,0.021116244518100638,11.299357453897821,0.13402416007745008,385.3333333333333,2.3333333333333335,3,0.0,0.0,0.0,0.3333333333333333,0.3333333333333333,1.0,0.3333333333333333,0.0,0.3333333333333333,2.3333333333333335
341,0.41624097149122985,0.11573344339563406,0.21996688447587853,0.5997449627789723,0.3779932625450974,0.022261774675930362,0.0,0.5991264452284951,0.0792348299217255,15.58413166666667,0.3813958006637482,0.12582563456239504,0.1843732294809036,0.07840498810894075,3.0377837789978908,0.16270591593673633,768.0,4.0,3,0.0,0.0,0.0,1.0,1.0,1.0,0.6666666666666666,0.0,0.3333333333333333,4.0
342,0.23950204384986992,0.07934918917465843,0.13716448895359343,0.3591803055908034,0.2911283867298733,0.016357974345990012,0.0,0.48555370454507213,0.08198974663635877,9.687302777777779,0.2588390418357303,0.08927688376505893,0.11771349543120153,0.0655768795536065,1.9345061407899875,0.1356426712542124,597.3333333333334,3.3333333333333335,3,0.3333333333333333,0.0,0.0,0.6666666666666666,0.6666666666666666,1.0,0.6666666666666666,0.0,0.0,3.3333333333333335
345,0.38306712444643476,0.09942879550901661,0.16643562706458576,0.3712238128181931,0.2800698029198375,0.01537305092863605,0.0,0.44247331615752666,0.10877901191783124,16.40688888888889,0.3108923796037204,0.08987780094531243,0.17236406867191978,0.06227266770790554,4.986246639308695,0.15936187465693016,762.6666666666666,3.6666666666666665,3,0.0,0.0,0.0,0.6666666666666666,0.6666666666666666,1.0,0.6666666666666666,0.0,0.6666666666666666,3.6666666666666665
353,0.31726825266611974,0.09224673864203227,0.13965576747568068,0.4061157129246145,0.2452599160439095,0.01529103769814264,0.0,0.4504393594718765,0.09606865615717992,11.221829444444447,0.2646882729683176,0.0765912335577411,0.16645582584704235,0.05914310185255676,4.8472950812879505,0.16385093422866337,674.0,3.6666666666666665,3,0.0,0.0,0.0,0.6666666666666666,0.6666666666666666,1.0,0.6666666666666666,0.0,0.6666666666666666,3.6666666666666665
396,0.1851851851851852,0.028594747160805054,0.07181713581980871,0.19224581724581724,0.13175675675675677,0.00933075933075933,0.0,0.1768219832735962,0.04313603177972968,5.240553333333334,0.14691372860586854,0.03377361421673047,0.041599369950843006,0.020544240651686165,13.34322699231773,0.15744234910512814,369.3333333333333,2.3333333333333335,3,0.0,0.0,0.0,0.3333333333333333,0.3333333333333333,1.0,0.3333333333333333,0.0,0.3333333333333333,2.3333333333333335
405,0.3075257490636704,0.07675944675253796,0.1472114278608929,0.41008052809149126,0.24526716343474372,0.01131897514043168,0.0,0.3226632472654504,0.08706639604044608,13.883123333333332,0.29437641229401573,0.09734852203089146,0.11502983755582519,0.05681677402752819,7.375827883386741,0.0965220771757751,638.3333333333334,3.3333333333333335,3,0.0,0.0,0.0,0.6666666666666666,0.6666666666666666,1.0,0.6666666666666666,0.3333333333333333,0.0,3.3333333333333335
413,0.49487569761542366,0.13301655257191514,0.21702410917244055,0.5522940215271702,0.42394662536839056,0.02375935310443918,0.0,0.41852521405659826,0.11962347972341263,22.713890000000003,0.3945813043132454,0.10722262167329472,0.2198571749677535,0.06566871114193133,3.6819258319899935,0.17006633972350738,884.6666666666666,5.333333333333333,3,0.3333333333333333,0.0,0.0,1.0,1.0,1.0,1.0,0.0,1.0,5.333333333333333
429,0.0,0.0008410699963742606,0.005726840621583083,0.0,0.0,0.0,0.0,0.0,0.0,0.0,0.014996728266289783,0.0011756394645669166,0.001851475144387999,0.00012839821165439299,18.119712988771152,0.16194651145010816,60.333333333333336,1.0,3,0.0,0.0,0.0,0.0,0.0,1.0,0.0,0.0,0.0,1.0
455,0.3611858495266567,0.09643471431367794,0.1569498496047965,0.35669190240327847,0.29541672163465144,0.014558042628736759,0.0,0.3711574074074074,0.08258834065720864,13.55016,0.2795076657620809,0.07760560621657524,0.16211014782540908,0.05079377142871527,4.260054637891424,0.16455569163993936,647.6666666666666,4.0,3,0.0,0.0,0.0,0.6666666666666666,0.6666666666666666,1.0,0.6666666666666666,0.0,1.0,4.0
467,0.2914614121510673,0.0783168550922564,0.13558793070539255,0.42533475906443824,0.22919138026736172,0.012140527334866737,0.0,0.39935064935064934,0.0733578634351117,13.820391111111112,0.25526424658162156,0.07490369072606212,0.14077845521582008,0.0499413977404794,4.503870062568191,0.15465272388085174,620.6666666666666,4.0,3,0.3333333333333333,0.0,0.0,0.6666666666666666,0.6666666666666666,1.0,0.6666666666666666,0.0,0.6666666666666666,4.0
474,0.5999374021909233,0.13435965668941066,0.21028578901166375,0.6260349110124027,0.3551747712672939,0.018790317720303346,0.0,0.7331902459544924,0.11460019936626697,20.173235000000002,0.3969452800254037,0.1262222271700242,0.2554732651662352,0.08987994406011406,3.1520107638434927,0.13786312089958522,900.6666666666666,4.666666666666667,3,0.0,0.0,0.0,1.0,1.0,1.0,1.0,0.0,0.6666666666666666,4.666666666666667
476,0.48943533697632063,0.08459472543112256,0.1386731173851348,0.3999246438460551,0.2506361827955749,0.016105840025036698,0.0,0.5260873464263295,0.05388753681797736,6.393861111111111,0.27331634913602126,0.08937353124889158,0.14803666371289323,0.06673707453936299,3.0585797020817083,0.13220880056040954,487.6666666666667,3.3333333333333335,3,0.0,0.0,0.0,0.6666666666666666,0.6666666666666666,1.0,0.3333333333333333,0.0,0.6666666666666666,3.3333333333333335
477,0.0,0.015093070510434565,0.04166287886571957,0.0,0.0,0.0,0.0,0.0032467532467532465,9.573617282999218e-06,0.0,0.1396714640090618,0.006429858051268718,0.051356783208120295,0.002976466289124173,22.52886458107089,0.1269655886963663,186.66666666666666,2.0,3,0.0,0.6666666666666666,0.3333333333333333,0.0,0.0,1.0,0.0,0.0,0.0,2.0
486,0.21126760563380284,0.037153775747099035,0.07455097680022993,0.1849615806805708,0.14233443102817417,0.0060373216245883645,0.0,0.21474358974358976,0.031489450778961835,4.260965555555556,0.15447453807355724,0.04129033906088381,0.06110068812566585,0.027588591658651934,6.75899547852799,0.12588159668578816,296.3333333333333,2.3333333333333335,3,0.0,0.0,0.0,0.3333333333333333,0.3333333333333333,1.0,0.3333333333333333,0.0,0.3333333333333333,2.3333333333333335
492,0.19861830742659758,0.04058195113973253,0.07956164836894024,0.19138438181990702,0.13312458487522535,0.008824366638200968,0.0,0.23611111111111113,0.04263813751142447,7.103217777777779,0.13446367275827026,0.04792189363313915,0.05817755958205397,0.031138979935041874,2.5915065304617064,0.14973984823173808,324.6666666666667,2.3333333333333335,3,0.0,0.0,0.0,0.3333333333333333,0.3333333333333333,1.0,0.3333333333333333,0.0,0.3333333333333333,2.3333333333333335
504,0.22505307855626325,0.04309790299755564,0.07937034915665946,0.1788135593220339,0.14661016949152542,0.007909604519774011,0.0,0.18506131549609808,0.04696598426294326,8.213095555555556,0.14726312885314033,0.051863502439513924,0.06237911025145068,0.03100866360892234,17.296536071197927,0.12002430261021606,321.6666666666667,2.0,3,0.0,0.0,0.0,0.3333333333333333,0.3333333333333333,1.0,0.3333333333333333,0.0,0.0,2.0
505,0.29276000680400005,0.06561722563170568,0.14921833984912133,0.4285510299859207,0.22671323154962206,0.011402405131123915,0.0,0.3446953196844296,0.08090239114110613,14.652799444444446,0.2763432771378848,0.09287998715455885,0.08039237176676896,0.05212351619968477,1.9862343213559785,0.12477991507866082,608.0,3.6666666666666665,3,0.3333333333333333,0.0,0.0,0.6666666666666666,0.6666666666666666,1.0,0.6666666666666666,0.0,0.3333333333333333,3.6666666666666665
509,0.1531986531986532,0.03433272793334292,0.07392404468507506,0.20381122524936726,0.12118505285097514,0.00833705523299092,0.0,0.20977464603659537,0.03916306622791464,6.3021755555555545,0.1470176138858186,0.04297543471485795,0.05518619677434389,0.02748080075207447,7.200801823595502,0.13993546700093779,358.6666666666667,2.3333333333333335,3,0.0,0.0,0.0,0.3333333333333333,0.3333333333333333,1.0,0.3333333333333333,0.0,0.3333333333333333,2.3333333333333335
515,0.17687074829931973,0.03999196141479099,0.08058681672025723,0.18652662078956897,0.14004587709766994,0.00676083544609441,0.0,0.2730263157894737,0.0417776783239088,6.30941388888889,0.13938609898317597,0.04698933262805254,0.056134453781512605,0.032442916336066295,2.963900547085626,0.16472024794238324,484.5,2.0,3,0.0,0.0,0.0,0.3333333333333333,0.3333333333333333,1.0,0.3333333333333333,0.0,0.0,2.0
518,0.18074074074074076,0.059754398350519766,0.13098211464568968,0.3666232087633563,0.28630711560082656,0.013736342302483828,0.0,0.38805884644469396,0.03608027705128825,5.7110449999999995,0.26455250909749023,0.08356073901224693,0.08446533207031481,0.05010429502746148,7.494523171539349,0.10921635335726808,370.6666666666667,2.6666666666666665,3,0.0,0.0,0.0,0.6666666666666666,0.3333333333333333,1.0,0.3333333333333333,0.0,0.3333333333333333,2.6666666666666665
521,0.7027017899358325,0.1347807199241605,0.25113762428146513,0.569523451614813,0.408178975314817,0.022297573070369985,0.0,0.7625146917695108,0.15931806600159104,24.506583888888887,0.45202865401258907,0.1328036023870681,0.2029420348978618,0.08487813335798021,3.429617030640261,0.17035739637784628,921.3333333333334,5.0,3,0.0,0.0,0.0,1.0,1.0,1.0,1.0,0.0,1.0,5.0
537,0.6072218409212232,0.13365303626419436,0.22692568357461007,0.601406297691128,0.37681575465860934,0.02177794765026271,0.0,0.7723763487459857,0.13701496780771658,20.619598888888888,0.4196256251747296,0.14010455678705666,0.21732177911107833,0.09686804853894022,3.000826752805001,0.1491704519734857,971.6666666666666,4.666666666666667,3,0.0,0.0,0.0,1.0,1.0,1.0,1.0,0.0,0.6666666666666666,4.666666666666667
539,0.3103263144338195,0.07025992576610866,0.16552062091904318,0.40278649335126254,0.250627521290901,0.013252652024503214,0.0,0.35390574664819824,0.07433800222727943,12.090429444444446,0.39192496969101837,0.09724267840444255,0.130704565475067,0.05558986196935306,4.612041674036942,0.1012105195117935,684.3333333333334,4.0,3,0.0,0.3333333333333333,0.0,0.6666666666666666,0.6666666666666666,1.0,0.6666666666666666,0.0,0.6666666666666666,4.0
540,0.0,0.002771911532609766,0.007209734542861172,0.0,0.0,0.0,0.0,0.0,0.0,0.0,0.0196590138533273,0.0019106730491532584,0.007014727223011029,0.0003910659564222063,7.987792484765655,0.1607621529056051,104.0,1.0,3,0.0,0.0,0.0,0.0,0.0,1.0,0.0,0.0,0.0,1.0
541,0.4136667929771378,0.05529379562208505,0.13342203119579174,0.3893964007007485,0.2643612040133779,0.012909061952540213,0.0,0.37734877734877736,0.041342530077075446,4.449162222222222,0.27808859294310995,0.054689795607637794,0.09961816854252929,0.03216723830549198,13.808455083076,0.1647861340243518,526.0,3.3333333333333335,3,0.0,0.0,0.0,0.6666666666666666,0.6666666666666666,1.0,0.3333333333333333,0.0,0.6666666666666666,3.3333333333333335
560,0.00784313725490196,0.01951758507477566,0.06902015648601617,0.19932998324958126,0.1273031825795645,0.006700167504187605,0.0,0.11034880483633615,0.0005114515183532279,0.0,0.1846511504982807,0.03982668814381734,0.03392969404254044,0.01750579273401973,14.948846936729757,0.09521325446853994,214.0,1.6666666666666667,3,0.0,0.0,0.0,0.3333333333333333,0.3333333333333333,1.0,0.0,0.0,0.0,1.6666666666666667
568,0.503992303992304,0.09825104083021492,0.1696478451268771,0.36488630864981036,0.2844826130860639,0.017297744930792416,0.0,0.5308990249171066,0.1005743165066224,15.859188333333336,0.29454113222854245,0.10362695904790696,0.15137347584654148,0.07148858666678705,1.8958646569059872,0.14683661778600468,662.6666666666666,3.0,3,0.0,0.0,0.0,0.6666666666666666,0.6666666666666666,1.0,0.6666666666666666,0.0,0.0,3.0
572,0.7349299719887955,0.15666193987259927,0.22072596249944385,0.6168507228713301,0.3583465944680593,0.02480268266061056,0.0,0.7343668909706645,0.12090578387435814,16.838776111111112,0.3961450053466961,0.12089530762480054,0.27200753160446095,0.09782905926532566,3.2861571053055343,0.17249404036640695,890.3333333333334,5.0,3,0.0,0.0,0.0,1.0,1.0,1.0,1.0,0.0,1.0,5.0
573,0.4562091503267974,0.12639912586555865,0.19895209530700333,0.6214958844715913,0.3573970338926106,0.021107081635798126,0.0,0.763047225843836,0.0639464615276028,11.134969444444446,0.3786845524278614,0.14537793795669254,0.23144545761736315,0.10639529815619038,2.620812626634,0.11012692574947797,597.0,3.6666666666666665,3,0.0,0.0,0.0,1.0,1.0,1.0,0.6666666666666666,0.0,0.0,3.6666666666666665
598,0.41722060656418786,0.12134970535333171,0.18270287319982526,0.5664339130425766,0.3947038548590401,0.03886223209838326,0.0,0.5903347197464844,0.08284292615510531,10.867151111111111,0.3727345287617334,0.09844630582934531,0.246539876578731,0.07835268381168665,4.357867821258145,0.15402030661865848,751.3333333333334,4.0,3,0.0,0.0,0.0,1.0,0.6666666666666666,1.0,0.6666666666666666,0.0,0.6666666666666666,4.0
604,0.001984126984126984,0.050855509372981084,0.0969980579675138,0.36000000000000004,0.26484848484848483,0.04181818181818182,0.0,0.12861471861471863,0.000212214290659777,0.0,0.22675606210126295,0.032935736060464134,0.12566307030483956,0.020178037111542205,6.8939919411134225,0.16443261230800935,306.6666666666667,2.0,3,0.0,0.0,0.0,0.6666666666666666,0.3333333333333333,1.0,0.0,0.0,0.0,2.0
606,0.1111111111111111,0.026950621937429326,0.06388993592159818,0.1790173724212812,0.14698697068403907,0.007328990228013029,0.0,0.24646464646464647,0.02993674848461346,4.876223888888889,0.12675777381659734,0.04521470382926834,0.036244800950683304,0.02458306381331418,1.4028301139999753,0.0946249432070589,377.5,2.3333333333333335,3,0.3333333333333333,0.0,0.0,0.3333333333333333,0.3333333333333333,1.0,0.3333333333333333,0.0,0.0,2.3333333333333335
610,0.0,0.006911349526013262,0.03173454372073786,0.0,0.0,0.0,0.0,0.007070707070707071,2.9310085328352973e-06,0.0,0.0825685325395739,0.005984152736554611,0.01694250509262672,0.0017743906140425191,18.038984043716724,0.16440760894391349,99.0,1.6666666666666667,3,0.0,0.3333333333333333,0.3333333333333333,0.0,0.0,1.0,0.0,0.0,0.0,1.6666666666666667
611,0.6697932388032818,0.1371496028740873,0.22435701519537468,0.5627999861720415,0.41351631274416256,0.023683701083795954,0.0,0.5771847570359638,0.1114629689193926,21.049073333333336,0.4105843417501565,0.1713628356015541,0.21735434727471847,0.11031203363949016,2.405002908634653,0.06487204157352607,858.0,4.0,3,0.0,0.0,0.0,1.0,1.0,1.0,1.0,0.0,0.0,4.0
617,0.37749766573295984,0.09999473644988259,0.25344310296280687,0.5698677940908524,0.40658958140794743,0.02354262450120014,0.0,0.7118018951383087,0.0805979351575169,14.124401111111112,0.463554070555718,0.21101099753140876,0.08450565512344754,0.09634111192279037,2.197673955721587,0.029398175107184715,606.3333333333334,3.6666666666666665,3,0.0,0.0,0.0,1.0,1.0,1.0,0.6666666666666666,0.0,0.0,3.6666666666666665
639,0.6823967295403414,0.11423452671440389,0.22469722393834882,0.6388771530603604,0.3400224139248544,0.021100433014785213,0.0,0.625939545524517,0.1530725900028014,22.458135555555554,0.43648480171319987,0.13036556629060048,0.1774257274517391,0.07970793792315312,3.348916243601108,0.14088255402587133,955.0,5.0,3,0.0,0.0,0.0,1.0,1.0,1.0,1.0,0.0,1.0,5.0
643,0.7011965811965811,0.11963044633678978,0.24967106094518407,0.5458100645721942,0.42975986242794223,0.024226324018608494,0.00020374898125509371,0.7352023465299745,0.12223252019495273,26.51642777777778,0.4375747313801181,0.14582715235633376,0.18441338746152766,0.08962900817556822,3.0080122603227206,0.15589773126852732,1005.0,4.666666666666667,3,0.0,0.0,0.0,1.0,1.0,1.0,1.0,0.0,0.6666666666666666,4.666666666666667
675,0.38453703703703707,0.11548009037436661,0.1757752305546878,0.38563424967783666,0.26698062009073953,0.014051796898090515,0.0,0.4178004317888578,0.1048128353636807,15.849537222222224,0.3076464238744681,0.09138049994146624,0.19493934041495242,0.06065382911719156,5.670528868970371,0.16950956897294597,745.3333333333334,3.6666666666666665,3,0.0,0.0,0.0,0.6666666666666666,0.6666666666666666,1.0,0.6666666666666666,0.0,0.6666666666666666,3.6666666666666665
680,0.44480042947535203,0.12138600866563269,0.19557360858089998,0.5741192365552727,0.39735945579276866,0.028521307651958577,0.0,0.4968191913737752,0.09038132590021981,9.972010555555556,0.3951657639077763,0.09684320133655423,0.24641588482422994,0.0717971263688132,4.468524239957673,0.15973388321010965,777.6666666666666,4.0,3,0.0,0.0,0.0,1.0,0.6666666666666666,1.0,0.6666666666666666,0.0,0.6666666666666666,4.0
685,0.6144423642372652,0.15305869267270353,0.24946448770286764,0.5723059320250304,0.40683440446063307,0.020859663514336574,0.0,0.6565765369652908,0.15229821812037708,25.570618888888887,0.4418869570595396,0.13999351110188826,0.24485939775701926,0.09009046581392753,3.1739170738188744,0.15898614872654657,994.0,4.666666666666667,3,0.0,0.0,0.0,1.0,1.0,1.0,1.0,0.0,0.6666666666666666,4.666666666666667
693,0.0,0.0003943811541609851,0.007376338723217561,0.0,0.0,0.0,0.0,0.0,0.0,0.0,0.019579980336761737,0.0023029664917245617,0.0021083872690893435,0.00013050558199689322,6.526270860136425,0.15248159601303254,85.33333333333333,1.0,3,0.0,0.0,0.0,0.0,0.0,1.0,0.0,0.0,0.0,1.0
710,0.7044459876878114,0.12512988880207773,0.2077786524313708,0.5456532471683501,0.42632075600393327,0.028025996827716657,0.0,0.8321828899761678,0.1205095644043702,17.067989999999998,0.38147610256281106,0.12002468817242383,0.21665974174426936,0.08978873201376181,3.1788999701707623,0.1746508810252304,878.0,5.0,3,0.0,0.0,0.0,1.0,1.0,1.0,1.0,0.0,1.0,5.0
713,0.0,0.0029414829761669954,0.019267967027876327,0.0,0.0,0.0,0.0,0.001182033096926714,0.0,0.0,0.05298159059376933,0.004277795054587253,0.00877779819813619,0.0005624347427374796,11.932695116808437,0.155276402401308,155.33333333333334,1.3333333333333333,3,0.0,0.0,0.0,0.0,0.0,1.0,0.0,0.0,0.3333333333333333,1.3333333333333333
718,0.373188029752638,0.08346750398728432,0.15689731349357647,0.3806057560176524,0.2705093606765341,0.015551549972480129,0.0,0.3481719684311191,0.097101847068316,16.054623333333335,0.29932200655694147,0.10032595279288553,0.12703109407297405,0.058933598895309545,1.993322198303322,0.1145977061361193,639.6666666666666,3.3333333333333335,3,0.0,0.0,0.0,0.6666666666666666,0.6666666666666666,1.0,0.6666666666666666,0.0,0.3333333333333333,3.3333333333333335
720,0.4184495054060271,0.0883725032778044,0.16003189352601022,0.39253722609337577,0.25545659034963847,0.018672850223652362,0.0,0.44595600946833697,0.0884927007790105,11.84432611111111,0.3265631779509701,0.1216690626324719,0.12559395914935934,0.08081292109665361,4.653250114319074,0.0706473433773696,695.6666666666666,3.3333333333333335,3,0.0,0.0,0.0,0.6666666666666666,0.6666666666666666,1.0,0.6666666666666666,0.3333333333333333,0.0,3.3333333333333335
739,0.385622040464916,0.06932737323020799,0.1478100109685226,0.42341098969231955,0.23016177116432868,0.013093905810018342,0.0,0.4597740384348543,0.07319135430865875,14.143703333333335,0.28385480279628966,0.0830873116054887,0.11081353067408606,0.0508328275907323,7.018781045125672,0.14636837400525493,683.3333333333334,4.0,3,0.0,0.0,0.0,0.6666666666666666,0.6666666666666666,1.0,0.6666666666666666,0.3333333333333333,0.6666666666666666,4.0
768,0.6001514746502717,0.15015998728787114,0.23125947889525347,0.5629634116263755,0.414443382203739,0.022593206169885426,0.0,0.7969614038579556,0.12838329182681016,19.64001111111111,0.4368484649737742,0.1449215770338378,0.2638243890341885,0.11028114960511186,3.0249111972251206,0.13590594013106996,1028.3333333333333,4.333333333333333,3,0.0,0.0,0.0,1.0,1.0,1.0,1.0,0.0,0.3333333333333333,4.333333333333333
770,0.2754334121355398,0.09255560624802972,0.15450291321831175,0.42553148816686726,0.2279316702150637,0.013203508284735722,0.0,0.3388482513018129,0.08854379930980522,15.224627777777778,0.26545410844862144,0.08129654735996462,0.15180856412244567,0.05257335727009066,5.837666548376798,0.1706074055015654,660.0,4.333333333333333,3,0.3333333333333333,0.0,0.0,0.6666666666666666,0.6666666666666666,1.0,0.6666666666666666,0.3333333333333333,0.6666666666666666,4.333333333333333
774,0.10588580992168435,0.07068631513699923,0.1351772447929759,0.37479360016396696,0.2766305426922609,0.015242523810438802,0.0,0.16287523975199605,0.0412834090801399,7.590598888888889,0.30798379823326055,0.07804159891937772,0.146341617183746,0.04392124655850293,9.063036072036061,0.10040354431527304,485.0,3.0,3,0.0,0.0,0.0,0.6666666666666666,0.3333333333333333,1.0,0.3333333333333333,0.0,0.6666666666666666,3.0
777,0.21202854230377166,0.07373706321264481,0.1712903316843836,0.3827787311327657,0.26749017757443017,0.016397757959470807,0.0,0.39614459535936614,0.00860970199695537,0.0,0.3336320547076837,0.10770438074242067,0.10479578169561055,0.05764791213965062,9.601087302691504,0.10351830612162947,424.0,3.0,3,0.6666666666666666,0.0,0.0,0.6666666666666666,0.6666666666666666,1.0,0.0,0.0,0.0,3.0
778,0.32384042297524634,0.07203384846354101,0.13613857872810253,0.33822583186700633,0.31248741585033835,0.01595341894932199,0.0,0.373390770449594,0.03243599103216588,5.2984599999999995,0.25870612795286324,0.07374825847413723,0.1405151741489111,0.04827549103293014,2.800557458950914,0.1535357786609901,496.6666666666667,2.6666666666666665,3,0.0,0.0,0.0,0.6666666666666666,0.0,1.0,0.3333333333333333,0.0,0.6666666666666666,2.6666666666666665
788,0.6302989325301699,0.14354144617240402,0.22651137922010856,0.6299529532593868,0.35099704887778865,0.01904999786282446,0.0,0.5307909593586015,0.14598418030144591,22.040725,0.42363232508571064,0.1261484214563219,0.24297309605668374,0.08371231824442388,3.370492612393773,0.14487452804425208,903.6666666666666,5.0,3,0.0,0.0,0.0,1.0,1.0,1.0,1.0,0.0,1.0,5.0
800,0.6162570404505888,0.11984101932009712,0.2123762704490466,0.5732817967611061,0.4054399489830142,0.021278254255879658,0.0,0.7122308435225354,0.12165572133787735,16.69159666666667,0.3986903995200019,0.153902806865832,0.16777485842102888,0.10454945545272765,2.595716158013697,0.09544024933306977,917.6666666666666,4.0,3,0.0,0.0,0.0,1.0,1.0,1.0,1.0,0.0,0.0,4.0
821,0.5923919691189982,0.1287194064214576,0.19747669095206555,0.6354403021771438,0.34682509362155306,0.017734604201303277,0.0,0.6748092232361894,0.0817809036580908,12.03011,0.3676858755066004,0.11287783550961228,0.2366441705440051,0.08576133185498469,3.2926887734471606,0.16952223948157644,818.6666666666666,4.333333333333333,3,0.0,0.0,0.0,1.0,1.0,1.0,0.6666666666666666,0.0,0.6666666666666666,4.333333333333333
828,0.3686781449081555,0.07893500996567963,0.15952103965059058,0.38952517999503905,0.25994989886421577,0.017191587807411774,0.0,0.5100453217501564,0.10087808161005311,13.265452222222223,0.2964492182819749,0.08714017543206161,0.11394531273447091,0.057021273038171415,5.217849010072363,0.16237775305441296,680.0,3.6666666666666665,3,0.0,0.0,0.0,0.6666666666666666,0.6666666666666666,1.0,0.6666666666666666,0.0,0.6666666666666666,3.6666666666666665
829,0.14251207729468598,0.02576368426172554,0.06540702531014218,0.17417417417417416,0.15200915200915202,0.00715000715000715,0.0,0.15705128205128205,0.034964462110636536,5.959561111111111,0.13020747435044205,0.03663783791025844,0.035391698453033665,0.01988626274198976,8.073228673063786,0.1367433910285122,332.0,2.0,3,0.0,0.0,0.0,0.3333333333333333,0.0,1.0,0.3333333333333333,0.0,0.3333333333333333,2.0
842,0.5649110953458779,0.11408928047465787,0.21826271490624416,0.5789307492622427,0.39805730460286926,0.023011946134887995,0.0,0.7626010031275289,0.09038013396896873,11.832262222222221,0.41247632484693836,0.11873010085139828,0.19100560937150543,0.08365827526394427,3.4894234427468134,0.16621242106175466,821.3333333333334,4.666666666666667,3,0.0,0.0,0.0,1.0,1.0,1.0,0.6666666666666666,0.0,1.0,4.666666666666667
846,0.48808776206036475,0.12540561320104607,0.22019462859251893,0.563566251290923,0.4122100478088508,0.02422370090022634,0.0,0.6499473494672916,0.09410434078340424,15.72166,0.42226709167007676,0.11188167138787386,0.22343231277133194,0.07631159648791562,3.840442811545947,0.1616660375412384,804.3333333333334,4.333333333333333,3,0.0,0.0,0.0,1.0,0.6666666666666666,1.0,0.6666666666666666,0.0,1.0,4.333333333333333
849,0.2152777777777778,0.0604391587237773,0.09186667970871952,0.21277385815076122,0.11474192350538433,0.005817551677187771,0.0,0.19590739357729647,0.03856211945951998,6.104327777777777,0.20375251709864436,0.04012795731776151,0.12032948008613487,0.02952999216544563,8.748947985662271,0.15719291597276033,356.0,3.0,3,0.0,0.3333333333333333,0.3333333333333333,0.3333333333333333,0.3333333333333333,1.0,0.3333333333333333,0.0,0.3333333333333333,3.0
850,0.18840579710144925,0.04767734475957288,0.07331837040059852,0.19722222222222222,0.12877777777777777,0.007333333333333333,0.0,0.18696186961869618,0.040475538478121194,5.103025,0.12824710761842392,0.03463563313937379,0.07596594629993451,0.023783134755703334,3.7027504911591356,0.17832474361177378,412.5,2.3333333333333335,3,0.0,0.0,0.0,0.3333333333333333,0.3333333333333333,1.0,0.3333333333333333,0.0,0.3333333333333333,2.3333333333333335
853,0.4027035056446821,0.09954351293215574,0.1464664315482117,0.3934815468494719,0.2575385183298924,0.015646601487302427,0.0,0.512589928057554,0.08657383457619128,11.219416666666667,0.2698562088157577,0.08896997343312989,0.17357649435427316,0.07117953984539724,3.0329335933565753,0.15074092904179118,926.5,3.3333333333333335,3,0.0,0.0,0.0,0.6666666666666666,0.6666666666666666,1.0,0.6666666666666666,0.0,0.3333333333333333,3.3333333333333335
855,0.5918936091783885,0.1396988886499054,0.2302030635020893,0.5663905618955017,0.4109373883000518,0.022672049804446485,0.0,0.7685510198802731,0.14809760129627003,21.75119166666667,0.42231052579299955,0.1365954304319771,0.23372036893017092,0.09952764666942894,3.091101275685381,0.15209981319463595,1016.3333333333334,5.0,3,0.0,0.0,0.0,1.0,1.0,1.0,1.0,0.0,1.0,5.0
862,0.3978213507625273,0.07770593390398363,0.14585329918520654,0.3697059226180775,0.28142946858328716,0.015531275465301997,0.0,0.48334827964159516,0.10203452382119484,12.505427222222224,0.27876547936546303,0.09714232309947961,0.11649592261731978,0.06653317433195155,1.9152171035541155,0.14316072389884452,690.3333333333334,3.0,3,0.0,0.0,0.0,0.6666666666666666,0.6666666666666666,1.0,0.6666666666666666,0.0,0.0,3.0
864,0.3659829523207132,0.1015800760892196,0.1453291212399645,0.3710541143629855,0.2795685619989527,0.016043990304728487,0.0,0.5282432361320976,0.08811445536126679,11.989092777777776,0.274784513770511,0.08545495213854722,0.19080615475228888,0.07067981979263388,3.981235967005213,0.16269332887308027,705.0,4.0,3,0.0,0.0,0.0,0.6666666666666666,0.6666666666666666,1.0,0.6666666666666666,0.0,1.0,4.0
869,0.14930703776430745,0.041354956563891265,0.099373889481833,0.19858959828736936,0.1269361541367586,0.0078075809092053895,0.0,0.24238377363377364,0.03814606640992059,8.140712222222222,0.2032596729814533,0.04577343222773874,0.071064199979596,0.027590454845356712,10.42664072868709,0.16685928527961372,486.0,3.0,3,0.0,0.3333333333333333,0.3333333333333333,0.3333333333333333,0.3333333333333333,1.0,0.3333333333333333,0.0,0.3333333333333333,3.0
877,0.4696193889742277,0.05965027738239565,0.12701017553480706,0.4215060277127436,0.2334658575142211,0.011694781439701952,0.0,0.4233158146201625,0.037150014208812136,4.166867222222222,0.2424316315587007,0.06471289568422826,0.095955292871918,0.04062382503436041,4.732635873670362,0.16552743647426454,460.0,3.3333333333333335,3,0.0,0.0,0.0,0.6666666666666666,0.6666666666666666,1.0,0.3333333333333333,0.0,0.6666666666666666,3.3333333333333335
881,0.0033500837520938024,0.029315342757078363,0.05466576691988331,0.0,0.0,0.0,0.0,0.01694915254237288,8.724181310026977e-05,0.0,0.1428331166854657,0.008935476432471116,0.07310623646378454,0.005087109181759795,37.07256393277481,0.16614480254167027,206.33333333333334,1.3333333333333333,3,0.0,0.3333333333333333,0.0,0.0,0.0,1.0,0.0,0.0,0.0,1.3333333333333333
886,0.22072072072072071,0.03907494197444417,0.0635171118452902,0.22022684310018903,0.10601764335223691,0.0070888468809073716,0.0,0.25836216839677045,0.037331915214294235,4.688027222222223,0.13798275215598052,0.0433826157106085,0.06992875890513686,0.03189404973825133,1.0656991125893187,0.10748047441245358,284.0,2.0,3,0.0,0.0,0.0,0.0,0.3333333333333333,1.0,0.3333333333333333,0.0,0.3333333333333333,2.0
890,0.0,0.0015104291322576467,0.01474858065887217,0.0,0.0,0.0,0.0,0.0021645021645021645,0.0,0.0,0.04729222729132609,0.0020445131225692603,0.005805176900487256,0.00020933288609387068,16.935273087786175,0.14429721978262533,120.66666666666667,1.0,3,0.0,0.0,0.0,0.0,0.0,1.0,0.0,0.0,0.0,1.0
913,0.39124579124579123,0.06716035242484165,0.13540365285561506,0.40800411113705226,0.243175171613602,0.015487383916012403,0.0,0.4691301363146024,0.043223411590977784,4.929305,0.291200135393974,0.07558707840887209,0.1271823734224368,0.050290687267448474,6.82344666013929,0.1495097706662737,443.6666666666667,3.3333333333333335,3,0.0,0.0,0.0,0.6666666666666666,0.6666666666666666,1.0,0.3333333333333333,0.0,0.6666666666666666,3.3333333333333335
923,0.45836625916112733,0.09134984674732516,0.1680200712990677,0.3946200723611167,0.25811022624553254,0.013936368060017487,0.0,0.41367042865574016,0.10442178534820849,12.886646111111112,0.3031450896840001,0.0875113396056173,0.14784450818632242,0.05919179705651987,4.1975487988708835,0.16490477859214425,689.6666666666666,4.0,3,0.0,0.0,0.0,0.6666666666666666,0.6666666666666666,1.0,0.6666666666666666,0.0,1.0,4.0
926,0.6360551013692584,0.1220063230573144,0.24369594207272782,0.5743315616333988,0.4047018916702208,0.020966546696380334,0.0,0.8335291243957564,0.14235979322585,19.94643388888889,0.43963164089132695,0.1445101444152455,0.18134678155865555,0.09692938386282679,3.042170406069308,0.1539460584426646,994.3333333333334,5.0,3,0.0,0.0,0.0,1.0,1.0,1.0,1.0,0.0,1.0,5.0
928,0.6569444444444444,0.15299925893718413,0.24065547215831906,0.5810643447255462,0.39849683154546794,0.020438823728985898,0.0,0.7115647750655428,0.1508598812312449,21.104567222222226,0.4478907262426377,0.1378569094099294,0.26149486053202137,0.09662294250239795,3.251326623555076,0.14776398500336188,780.6666666666666,5.0,3,0.0,0.0,0.0,1.0,1.0,1.0,1.0,0.0,1.0,5.0
947,0.3500872302499336,0.06387785672973698,0.1404979270051282,0.4225305958629955,0.2322092013731004,0.011926869430570761,0.0,0.3418967492198918,0.09052186403059093,14.216086666666667,0.2690600383390108,0.08029206652169713,0.09549649616814064,0.043815569299774905,4.349709598554333,0.1427517137985921,596.3333333333334,3.6666666666666665,3,0.0,0.0,0.0,0.6666666666666666,0.6666666666666666,1.0,0.6666666666666666,0.0,0.6666666666666666,3.6666666666666665
959,0.2983480176211454,0.07503862405188473,0.15179390447855814,0.3658279895368659,0.28460256723754573,0.016236109892255015,0.0,0.40627410547218085,0.09237555726223128,13.629781666666668,0.3063069699874212,0.08101580752532225,0.12533314263740514,0.0533898104704584,6.549228177759229,0.14445450096377324,682.3333333333334,4.0,3,0.3333333333333333,0.0,0.0,0.6666666666666666,0.6666666666666666,1.0,0.6666666666666666,0.0,0.6666666666666666,4.0
960,0.5632516712444867,0.09347329554699002,0.2192583868702771,0.5481387559718301,0.42813205770223495,0.023729186325934955,0.0,0.6747993395234498,0.08425061071721791,15.212563888888889,0.42289588128084077,0.1379860259921495,0.13802218935305213,0.08152471313138566,3.0862573166176106,0.12550907168445097,857.3333333333334,4.333333333333333,3,0.0,0.0,0.0,1.0,1.0,1.0,0.6666666666666666,0.0,0.6666666666666666,4.333333333333333
966,0.4897249643012354,0.07996238459589466,0.1592314758824501,0.3956662070628365,0.25549570354958134,0.015504756054248897,0.0,0.5586928433417537,0.09407914782691451,12.379962777777777,0.31497316176333834,0.09509867365939136,0.11912158428245147,0.06650753987641632,9.881671870638643,0.14788037292290282,742.0,3.0,3,0.0,0.0,0.0,0.6666666666666666,0.6666666666666666,1.0,0.6666666666666666,0.0,0.0,3.0
969,0.1923076923076923,0.032366957903097696,0.06526343658988616,0.19778002018163474,0.12731247897746384,0.00824083417423478,0.0,0.2647058823529412,0.03436833347446858,5.472180000000001,0.11882918304936653,0.03715802368313597,0.04980340760157274,0.02536182568848963,3.197941420746139,0.18015284982101445,361.5,2.3333333333333335,3,0.0,0.0,0.0,0.3333333333333333,0.3333333333333333,1.0,0.3333333333333333,0.0,0.3333333333333333,2.3333333333333335
980,0.3914996500604441,0.07047456743868807,0.14612995382080676,0.43208070782941893,0.22178370598401878,0.01280225285322893,0.0,0.41793713295303486,0.053783504255273555,5.175408333333334,0.2980090539166013,0.0866223247281735,0.10514535918608721,0.054123789293858394,4.742138913624917,0.1181850671550266,547.0,3.0,3,0.0,0.0,0.0,0.3333333333333333,0.6666666666666666,1.0,0.3333333333333333,0.0,0.6666666666666666,3.0
993,0.6863580246913581,0.14200881563351922,0.22565831050090687,0.6146163078448253,0.36547013788991695,0.019913554265257774,0.0,0.726903339486121,0.1275433296003223,19.830620555555555,0.4274689500364061,0.14364005167700908,0.24855873478400073,0.10379471980426284,2.987751516764541,0.1344964765264988,932.0,4.333333333333333,3,0.0,0.0,0.0,1.0,1.0,1.0,1.0,0.0,0.3333333333333333,4.333333333333333
1002,0.6811507936507937,0.11949205524265905,0.20480467068980224,0.6611597915742403,0.32132495885593143,0.01751524956982836,0.0,0.651403868913288,0.1099818263980578,15.813345555555557,0.3810718665051138,0.10917697586468948,0.1961506001663019,0.07365562880753442,3.5048128979419633,0.16337497537889475,793.3333333333334,4.0,3,0.0,0.0,0.0,0.0,1.0,1.0,1.0,0.0,1.0,4.0
1006,0.5971770892446213,0.12747131823171673,0.21612246761827744,0.5442364903278937,0.4324750444505488,0.02328846522155747,0.0,0.7016898157681992,0.1197993835070396,21.63055277777778,0.42913008578949624,0.11903898138580042,0.2437445425012439,0.08054108211415766,3.60764509275066,0.14963579100147606,938.6666666666666,5.0,3,0.0,0.0,0.0,1.0,1.0,1.0,1.0,0.0,1.0,5.0
1017,0.6877714002630725,0.14507191077306994,0.23021417188664792,0.5953529756681916,0.37988657761222,0.024760446719588384,0.0,0.7874385185214106,0.13775323947985857,19.029578333333333,0.4271302033264657,0.11821407360651626,0.2592254704058879,0.08581948109609334,3.6171348231349314,0.1715161698366703,958.6666666666666,5.0,3,0.0,0.0,0.0,1.0,1.0,1.0,1.0,0.0,1.0,5.0
1030,0.3623297491039426,0.09287438247712958,0.1522903950266096,0.39743110489528766,0.25502616350231544,0.01420939826906357,0.0,0.4734564458490839,0.10004548228871901,15.680642777777777,0.27741830600507594,0.08489602119418192,0.15609790693256656,0.06093240390051775,4.991850779653471,0.17225705022459734,694.6666666666666,3.6666666666666665,3,0.0,0.0,0.0,0.6666666666666666,0.6666666666666666,1.0,0.6666666666666666,0.0,0.6666666666666666,3.6666666666666665
1049,0.4915051512273734,0.16469710240424648,0.23910320293517354,0.5556269480490198,0.42091110351575906,0.023461948435221185,0.0,0.763653316357725,0.14688578062990162,20.983928333333335,0.44720992623826,0.15952376301617735,0.302274672616443,0.1246320399719348,2.806044545034441,0.12647531118265345,1076.6666666666667,4.0,3,0.0,0.0,0.0,1.0,1.0,1.0,1.0,0.0,0.0,4.0
1053,0.4552515220964419,0.10574284411116767,0.24383213702640993,0.5633779160050341,0.41457102613725993,0.022051057857705992,0.0,0.5222705314009662,0.10325276972284492,17.777346666666663,0.45368122935979954,0.15273527653635757,0.12918348901988058,0.08378232201550802,2.9906388462415214,0.11774815341871714,880.0,4.333333333333333,3,0.3333333333333333,0.0,0.0,1.0,1.0,1.0,0.6666666666666666,0.0,0.3333333333333333,4.333333333333333
1070,0.1610893814283645,0.05039332316033457,0.11102067720788601,0.37423520723714576,0.2771272962244992,0.015304163205021695,0.0,0.1612376588702995,0.03344249036326324,4.495005000000001,0.22801018668987164,0.046618931040137444,0.09012031488799273,0.025514527508797208,8.588900146881167,0.16584699676411216,435.6666666666667,3.6666666666666665,3,0.0,0.0,0.0,0.6666666666666666,0.6666666666666666,1.0,0.3333333333333333,0.3333333333333333,0.6666666666666666,3.6666666666666665
1079,0.6025622605363985,0.09635469863100361,0.23270991199711574,0.5925299379948427,0.3838247701715889,0.023645291833568362,0.0,0.78872982964704,0.12451891600186393,20.074311111111115,0.421245489883247,0.13644632735994175,0.1337833457417865,0.08140699709078517,3.089298569406697,0.15770214956424575,960.6666666666666,4.666666666666667,3,0.0,0.0,0.0,1.0,1.0,1.0,1.0,0.0,0.6666666666666666,4.666666666666667
1087,0.2769230769230769,0.11374729832278829,0.17785088943616656,0.3967514639784045,0.2519323528541414,0.017982849834120806,0.0,0.5450874093258563,0.046296804081717914,5.940258888888889,0.35515144839833773,0.08331054711036301,0.2269760648305991,0.0651834554897534,7.618105073458338,0.17923173637855072,529.3333333333334,4.333333333333333,3,0.3333333333333333,0.3333333333333333,0.3333333333333333,0.6666666666666666,0.6666666666666666,1.0,0.3333333333333333,0.0,0.6666666666666666,4.333333333333333
1097,0.15384615384615385,0.0411000576806863,0.09273632583691278,0.20006271558482283,0.1251175917215428,0.008153026026967701,0.0,0.20428736100701705,0.03279665255202557,7.122520000000001,0.2119038828276141,0.04744636177919326,0.07768742712513037,0.02598367793901751,13.417287447955268,0.12387658141738304,396.3333333333333,3.0,3,0.0,0.3333333333333333,0.0,0.3333333333333333,0.3333333333333333,1.0,0.3333333333333333,0.3333333333333333,0.3333333333333333,3.0
1113,0.39540305345482957,0.13383433524424593,0.22034964069905674,0.5393814072943744,0.4343832353785457,0.026235357327079937,0.0,0.5329780906116784,0.13175804457198664,21.567820555555556,0.4265470061864805,0.133218327648436,0.23595893213221908,0.09000596527165239,3.2025795161681843,0.12444469665414574,944.6666666666666,5.666666666666667,3,0.6666666666666666,0.0,0.0,1.0,1.0,1.0,1.0,0.0,1.0,5.666666666666667
1122,0.028925619834710745,0.028930742786249446,0.04997772887730204,0.1984732824427481,0.12595419847328246,0.008905852417302799,0.0,0.07919621749408984,0.0004235129056082856,0.0,0.11226087479456752,0.022207896953897133,0.06381363470312257,0.015939127460899535,17.552435899796574,0.15222298880808208,176.66666666666666,2.0,3,0.0,0.0,0.0,0.3333333333333333,0.3333333333333333,1.0,0.0,0.0,0.3333333333333333,2.0
1140,0.5918588445336365,0.12473387707746718,0.2102336028963693,0.6412903620708009,0.33936421307043124,0.019345424858767838,0.0,0.5762635276095158,0.11493696555046691,23.62109444444444,0.39793050770143457,0.12405337203053961,0.2269886244249093,0.07777144304503507,3.230073559042476,0.1408345364258432,854.6666666666666,4.666666666666667,3,0.0,0.0,0.0,1.0,1.0,1.0,1.0,0.0,0.6666666666666666,4.666666666666667
1147,0.4650665124349335,0.0890086820938477,0.16251480132451218,0.5426697614337584,0.4341516661438636,0.023178572422377947,0.0,0.6086784504347416,0.05774291562147765,9.096172222222222,0.34323190274472504,0.11300284859474485,0.16729115701719646,0.07418805885949602,3.048576040490689,0.09387330712102364,605.0,4.333333333333333,3,0.0,0.0,0.0,1.0,1.0,1.0,0.6666666666666666,0.0,0.6666666666666666,4.333333333333333
1152,0.0,0.0031804974633694682,0.015853032005945195,0.0,0.0,0.0,0.0,0.0,0.0,0.0,0.06777485175131673,0.004177195796859579,0.012773719630334203,0.001284495822982033,16.331340196752745,0.08709704588156175,105.66666666666667,1.3333333333333333,3,0.0,0.0,0.0,0.0,0.0,1.0,0.0,0.3333333333333333,0.0,1.3333333333333333
1173,0.2101449275362319,0.041140073723012115,0.07312600391876241,0.19768707482993197,0.1274829931972789,0.008163265306122448,0.0,0.2558425584255843,0.045056187811154697,6.3263033333333345,0.13973799126637554,0.04728118447776989,0.06603149397909223,0.03342128408091469,0.9885997088791848,0.1453928442185126,334.0,2.0,3,0.0,0.0,0.0,0.3333333333333333,0.3333333333333333,1.0,0.3333333333333333,0.0,0.0,2.0
1188,0.18809744064138142,0.050487682882530104,0.1188422486736536,0.43436862924083375,0.21985014453065568,0.01244789289517724,0.0,0.339552936165404,0.038382016308436594,5.238140555555556,0.2425015356056076,0.05923461579216832,0.0825702074710535,0.036280050023080164,4.360937537123938,0.15893761817238553,384.0,3.3333333333333335,3,0.0,0.0,0.0,0.3333333333333333,0.6666666666666666,1.0,0.3333333333333333,0.0,1.0,3.3333333333333335
1191,0.6368757613875089,0.14785249021885302,0.22275788761964485,0.5784415153712359,0.39952089368436905,0.022037590944395048,0.0,0.560219453659774,0.14029380615945533,23.206096666666667,0.4219186772465248,0.11669231649473329,0.27189965893010215,0.07953052540794946,3.6608994852300683,0.15852156391165753,939.0,5.0,3,0.0,0.0,0.0,1.0,1.0,1.0,1.0,0.0,1.0,5.0
1194,0.16,0.05110820212502123,0.10501544859847918,0.20854033593565177,0.11923349893541518,0.0055594984622663835,0.0,0.22127789303055315,0.03375594441446952,6.528976666666668,0.25770991400907345,0.052527341109105126,0.12427139239328115,0.03325798546630513,13.619102408560844,0.12033300474022847,456.0,2.6666666666666665,3,0.0,0.3333333333333333,0.3333333333333333,0.3333333333333333,0.3333333333333333,1.0,0.3333333333333333,0.0,0.0,2.6666666666666665
1195,0.11403508771929825,0.03414385355331139,0.07964872764650267,0.2014958205015398,0.12421176125531602,0.00762575157647749,0.0,0.16909094114743117,0.030982644751321623,5.472180000000001,0.16840652853689828,0.03426130982457209,0.06025633369683309,0.022077439849158723,12.864783690113837,0.16153426058048445,417.0,3.0,3,0.3333333333333333,0.0,0.0,0.3333333333333333,0.3333333333333333,1.0,0.3333333333333333,0.3333333333333333,0.3333333333333333,3.0
1198,0.17662088789524114,0.06886180421291245,0.12158496339911247,0.379806897976043,0.2614019688833815,0.025457799807242183,0.0,0.2587157227504478,0.0030342203993249106,0.0,0.25397697333258806,0.054026479810720424,0.1442208039032055,0.035296980859156425,6.760997430269785,0.16131121349088243,343.0,2.6666666666666665,3,0.0,0.0,0.0,0.6666666666666666,0.6666666666666666,1.0,0.0,0.0,0.3333333333333333,2.6666666666666665
1200,0.5317549882728848,0.10822438493270087,0.17363032616338572,0.40778281986714937,0.2432099497230266,0.015673897076490716,0.0,0.5187382273380451,0.08250222365660947,10.698256666666666,0.36359285527346125,0.08504296397057971,0.21378783113073427,0.06419644443589685,6.26217411690715,0.16107050752460939,709.0,3.6666666666666665,3,0.0,0.0,0.0,0.6666666666666666,0.6666666666666666,1.0,0.6666666666666666,0.0,0.6666666666666666,3.6666666666666665
1211,0.0,0.004887469002743317,0.012023652288760506,0.0,0.0,0.0,0.0,0.0,0.0,0.0,0.03655061586145134,0.003201253170977856,0.013059837451248134,0.001398064421400545,11.458653008807195,0.12869802010475817,87.66666666666667,1.3333333333333333,3,0.0,0.0,0.0,0.0,0.0,1.0,0.0,0.3333333333333333,0.0,1.3333333333333333
1214,0.15374677002583978,0.04798912301661118,0.07800341624918639,0.21623093681917213,0.11165577342047929,0.0054466230936819175,0.0,0.12442922374429223,0.03944564232510804,7.28658888888889,0.1535311241346621,0.03518715868222041,0.08551798145970883,0.022737134633053654,10.282669274880513,0.1598077312264006,336.0,3.0,3,0.0,0.3333333333333333,0.0,0.3333333333333333,0.3333333333333333,1.0,0.3333333333333333,0.3333333333333333,0.3333333333333333,3.0
1223,0.4254399195575666,0.09892680408058312,0.16705071671861507,0.4197808556705262,0.23121080556887996,0.015675005427260504,0.0,0.45554593346323163,0.08377999141569159,13.64667111111111,0.3109831481245777,0.09436817843474081,0.1792667232559162,0.0658648690311769,5.318485951069917,0.15574782654483396,722.6666666666666,4.0,3,0.0,0.0,0.0,0.6666666666666666,0.6666666666666666,1.0,0.6666666666666666,0.3333333333333333,0.6666666666666666,4.0
1253,0.011494252873563218,0.03768171384850803,0.06509493005603571,0.16353514265831595,0.15727209464161448,0.012526096033402922,0.0,0.13144058885383805,0.0006406438958213373,0.0,0.1259488028430696,0.04005174982254628,0.07720484643561566,0.02556567797528239,1.284811028212303,0.1339667281225738,143.33333333333334,1.6666666666666667,3,0.0,0.0,0.0,0.3333333333333333,0.0,1.0,0.0,0.0,0.3333333333333333,1.6666666666666667
1270,0.0024875621890547263,0.051481131736769624,0.09732179691769861,0.18995098039215685,0.13848039215686275,0.004901960784313725,0.0,0.0780538460256047,0.000895984680149146,0.0,0.24684620663187942,0.04052841842228701,0.12121867322130597,0.024465878621854852,11.603876404724852,0.13251210446183256,291.3333333333333,3.0,3,0.0,0.3333333333333333,0.3333333333333333,0.3333333333333333,0.3333333333333333,1.0,0.0,0.3333333333333333,0.3333333333333333,3.0
1275,0.007575757575757576,0.022487589538564046,0.06812239911790137,0.0,0.0,0.0,0.0,0.027552619793999103,4.626877391735605e-06,0.0,0.23312626791989746,0.015834100176844168,0.08320612201496885,0.005903393026359906,14.912066921443321,0.125872143930053,223.0,3.0,3,0.0,1.0,1.0,0.0,0.0,1.0,0.0,0.0,0.0,3.0
1284,0.3642258652094718,0.07450754701048286,0.13454378030858327,0.37869847967757897,0.2726046314000425,0.015363555589045138,0.0,0.42435851533595886,0.06955547849876138,11.344881111111112,0.25559787532462114,0.06252179973967432,0.13472279608214857,0.043231847863061446,4.947953238217038,0.17835578370973285,591.3333333333334,3.6666666666666665,3,0.0,0.0,0.0,0.6666666666666666,0.6666666666666666,1.0,0.6666666666666666,0.0,0.6666666666666666,3.6666666666666665
1293,0.4298186844268633,0.13194464741317488,0.23077436665177886,0.587365779856554,0.38713842529189785,0.025495794851548154,0.0,0.6472820754346716,0.1205771966636998,18.136850555555558,0.4323635059370268,0.1656988000931414,0.2105479621424302,0.11291109881341231,2.610982442896496,0.09690600454022759,944.3333333333334,4.333333333333333,3,0.3333333333333333,0.0,0.0,1.0,1.0,1.0,1.0,0.0,0.0,4.333333333333333
1297,0.5398498138448918,0.11364216519861221,0.2159254679202278,0.6271719265825461,0.3519087085865635,0.020919364830890495,0.0,0.7411843247624809,0.10119837102129985,17.499877222222224,0.38428971823180486,0.1155182374211029,0.19827345088453108,0.07858338329263184,3.3329527095183225,0.18087202429557425,856.6666666666666,5.0,3,0.0,0.0,0.0,1.0,1.0,1.0,1.0,0.0,1.0,5.0
1305,0.0676328502415459,0.02774615138058539,0.06339567227302537,0.1606965174129353,0.16666666666666666,0.005970149253731343,0.0,0.17052421854563307,0.0008918625083601402,0.0,0.15860125754186363,0.035490321093326206,0.057198674024238734,0.021861395657844118,6.41261361634551,0.11839943941331217,178.0,3.0,3,0.3333333333333333,0.3333333333333333,0.3333333333333333,0.3333333333333333,0.0,1.0,0.0,0.0,0.6666666666666666,3.0
1330,0.42578671481680463,0.13529407428305143,0.19497135319345152,0.597488555971702,0.373660312079487,0.028851131948810945,0.0,0.603707522306887,0.08429292513975405,10.070934444444445,0.39220655747440064,0.09072455079247665,0.26558375119800876,0.07586613626190568,4.559664540487696,0.16835401317070772,741.0,4.333333333333333,3,0.0,0.0,0.0,1.0,1.0,1.0,0.6666666666666666,0.0,0.6666666666666666,4.333333333333333
1338,0.3432790959813561,0.09755802143711922,0.20552264020693065,0.6415353569108353,0.33808909691229366,0.02037554617687097,0.0,0.5250690644791093,0.07665173611478791,13.45123611111111,0.40965258959542344,0.11867285870682508,0.15766820237216317,0.07122525457917307,3.4886140750033383,0.13811725387627685,729.0,4.0,3,0.0,0.0,0.0,0.3333333333333333,1.0,1.0,0.6666666666666666,0.0,1.0,4.0
1349,0.19607843137254902,0.03290650454655777,0.08318452678274701,0.20798158096699923,0.11831670503965208,0.0070350473266820165,0.0,0.28045977011494255,0.03709611391990094,5.1585188888888895,0.1626089730003686,0.043438122279409415,0.05450168858183054,0.027658204990515228,7.757128698048156,0.15665971969767198,293.3333333333333,2.3333333333333335,3,0.0,0.0,0.0,0.3333333333333333,0.3333333333333333,1.0,0.3333333333333333,0.0,0.3333333333333333,2.3333333333333335
1352,0.5437766994317946,0.12813894862022615,0.2154810572206276,0.5477359745385298,0.4270126578676727,0.025251367593797425,0.0,0.692917405101658,0.1131682346253106,18.573563333333336,0.39894265425105235,0.1441997662862223,0.20248889800294723,0.09660466908071276,2.772645696754816,0.11237432357782208,872.0,4.0,3,0.0,0.0,0.0,1.0,1.0,1.0,1.0,0.0,0.0,4.0
1364,0.03546099290780142,0.027992752950371725,0.07914877575486233,0.2283308568598316,0.10252600297176821,0.0024764735017335313,0.0,0.11696730088131126,0.0004327096389225406,0.0,0.1765622862475508,0.0231760455753444,0.06058876387814175,0.011381398167906913,17.06942133998764,0.17022392327303493,189.33333333333334,2.3333333333333335,3,0.0,0.3333333333333333,0.3333333333333333,0.0,0.3333333333333333,1.0,0.0,0.0,0.3333333333333333,2.3333333333333335
1368,0.0,0.002142530616447046,0.008314768635065833,0.0,0.0,0.0,0.0,0.0,0.0,0.0,0.023533945060295547,0.001981122429903955,0.008768168530839645,0.00040270478856183853,10.532327247673672,0.1328104657828071,76.0,1.0,3,0.0,0.0,0.0,0.0,0.0,1.0,0.0,0.0,0.0,1.0
1375,0.19133357859580025,0.09733715796762978,0.15631448478002818,0.3902195321309167,0.259452043665155,0.016995090870594955,0.0,0.35942707139899577,0.048096955332452423,6.046421111111113,0.29218408426325765,0.07862955011849515,0.17548097204612936,0.05927815886057435,6.468650166295865,0.1575474251014145,521.3333333333334,4.0,3,0.6666666666666666,0.0,0.0,0.6666666666666666,0.6666666666666666,1.0,0.3333333333333333,0.0,0.6666666666666666,4.0
1384,0.3492411584516848,0.0960283966407231,0.19701455275270427,0.6061449167241465,0.371453589243037,0.022401494032816577,0.0,0.6731546334279761,0.06702609028393855,13.424695555555559,0.36524613860463306,0.11051238324951539,0.16257645164686838,0.06867705486396249,3.305120337655016,0.1500614915385907,651.0,4.333333333333333,3,0.0,0.0,0.0,0.6666666666666666,1.0,1.0,0.6666666666666666,0.0,1.0,4.333333333333333
1393,0.203921568627451,0.03728327467083822,0.07847738234910702,0.19608615707906488,0.12962962962962962,0.007617546624638823,0.0,0.27704194260485654,0.039472552033489865,6.261158333333333,0.14634719285882078,0.04425502604502992,0.05344139065069298,0.03108183735847432,3.306905586495669,0.1634663112451474,323.0,2.3333333333333335,3,0.0,0.0,0.0,0.3333333333333333,0.3333333333333333,1.0,0.3333333333333333,0.0,0.3333333333333333,2.3333333333333335
1415,0.0,0.001374312843578211,0.0059962320071767035,0.0,0.0,0.0,0.0,0.0,0.0,0.0,0.021521100257040265,0.0013202050960881833,0.004232804232804233,0.00036679218744816784,10.358605052231189,0.1057350312277069,39.666666666666664,1.6666666666666667,3,0.0,0.0,0.0,0.0,0.0,1.0,0.0,0.3333333333333333,0.3333333333333333,1.6666666666666667
1426,0.37061092741300583,0.06069885773082109,0.14034952114612065,0.4072055026529208,0.24506376666072174,0.014397397353024088,0.0,0.3265098447557743,0.05206621405775328,6.625487777777779,0.31288471891834674,0.08405215526699979,0.1046176125229104,0.04957427106486747,10.714761305245247,0.10005503224525551,588.6666666666666,3.3333333333333335,3,0.0,0.0,0.0,0.6666666666666666,0.6666666666666666,1.0,0.6666666666666666,0.0,0.3333333333333333,3.3333333333333335
1427,0.4756944444444445,0.09431199834010841,0.1531511316104332,0.37276438700949915,0.28010204869296046,0.013800230964207072,0.0,0.4217406260749914,0.0851342553254324,14.271580555555554,0.2782375213139378,0.07671593897642232,0.16434351634633135,0.05178188437476048,7.822443137707403,0.17042503059850667,637.0,3.6666666666666665,3,0.0,0.0,0.0,0.6666666666666666,0.6666666666666666,1.0,0.6666666666666666,0.0,0.6666666666666666,3.6666666666666665
1438,0.6778096022340768,0.11374003469422277,0.20184908004604518,0.5529169491666331,0.4260858873928674,0.020997163440499397,0.0,0.6389492316045424,0.11188182018686504,18.387779444444444,0.3898659980252437,0.10085030208243558,0.20019337143157476,0.07058916107273489,3.9075645804585437,0.1690003306898248,886.0,5.0,3,0.0,0.0,0.0,1.0,1.0,1.0,1.0,0.0,1.0,5.0
1458,0.18736383442265794,0.04422999440045272,0.08155162043920529,0.1980805382408232,0.12763431285247848,0.007618482240031661,0.0,0.20495495495495497,0.042565662810648885,6.765428888888889,0.1458079787341924,0.041727609416858595,0.07176537557827553,0.02721738961540458,7.684656689286548,0.1750133725977512,368.0,2.3333333333333335,3,0.0,0.0,0.0,0.3333333333333333,0.3333333333333333,1.0,0.3333333333333333,0.0,0.3333333333333333,2.3333333333333335
1460,0.44368131868131866,0.10355289147476443,0.15576990226672346,0.3724044409298082,0.2782641214856137,0.015998104251244743,0.0,0.5096932662872917,0.09436264180706584,10.777878333333334,0.3043622247838966,0.08061448607161266,0.19592054349139507,0.06388158485787009,6.931991170856797,0.1687920515039583,722.0,4.0,3,0.0,0.0,0.0,0.6666666666666666,0.6666666666666666,1.0,0.6666666666666666,0.3333333333333333,0.6666666666666666,4.0
1463,0.20343137254901963,0.03199348096565697,0.07575120878091568,0.2061921076005583,0.11876665397792158,0.008374571754853444,0.0,0.24421296296296294,0.046727474160693803,7.0694388888888895,0.1510874132488385,0.04575448603852189,0.043806212458537545,0.027183604808475415,5.686920269508762,0.1339598227073262,374.0,2.6666666666666665,3,0.0,0.0,0.0,0.3333333333333333,0.3333333333333333,1.0,0.3333333333333333,0.0,0.6666666666666666,2.6666666666666665
1467,0.38721709698372103,0.13825170664097167,0.18898004249789493,0.4066716008654196,0.2427352215538162,0.01725984424743086,0.0,0.45602499396529533,0.09941448341887095,11.079475555555556,0.3870006447342312,0.08992222943564122,0.28747946725305434,0.07462848321377101,5.698281947744824,0.15784127693186575,765.0,3.6666666666666665,3,0.0,0.0,0.0,0.6666666666666666,0.6666666666666666,1.0,0.6666666666666666,0.0,0.6666666666666666,3.6666666666666665
1470,0.3930754323196184,0.11345199679282574,0.17608518271381846,0.39120685169846,0.2603433887624272,0.01511642620577946,0.0,0.43406871832900756,0.10100788452449738,16.50098722222222,0.33615087575752867,0.11981333171867627,0.201267968802006,0.08419298651336665,6.341226933491196,0.10256134900029097,745.6666666666666,3.3333333333333335,3,0.0,0.0,0.0,0.6666666666666666,0.6666666666666666,1.0,0.6666666666666666,0.3333333333333333,0.0,3.3333333333333335
1471,0.6618197278911565,0.11429470411286763,0.21700338672245964,0.6021158178810734,0.3770030223481318,0.020881159770794872,0.0,0.6587464111864239,0.12839305428635028,20.144281666666668,0.41147590965636544,0.12592427357112201,0.19036634144366169,0.0785888545096745,3.2755916378265657,0.14449078324485287,915.6666666666666,5.0,3,0.0,0.0,0.0,1.0,1.0,1.0,1.0,0.0,1.0,5.0
1477,0.6437845408433643,0.11250211356890764,0.22111013938025348,0.5979109731908027,0.3823396853194481,0.019749341489749214,0.0,0.7885327400235531,0.11499216978824471,17.852142777777775,0.4229727760929689,0.18200576815429417,0.14474719117127588,0.11194211647666368,2.334353558333549,0.06966461951220194,942.0,4.0,3,0.0,0.0,0.0,1.0,1.0,1.0,1.0,0.0,0.0,4.0
1483,0.41882609963401657,0.1257479552563648,0.22619952301592572,0.5400454167575621,0.4313829753881622,0.028571607854275632,0.0,0.49619265129596224,0.09188401266963114,15.64686388888889,0.4167789967815458,0.11651548755653708,0.22604103505645753,0.0756064957195493,3.619938319134546,0.16458953649774358,858.6666666666666,4.666666666666667,3,0.0,0.0,0.0,1.0,1.0,1.0,0.6666666666666666,0.0,1.0,4.666666666666667
1493,0.4271578187071145,0.11473744671810478,0.1615835669397079,0.3562766469251315,0.2945121060086471,0.0158779137328881,0.0,0.5115511911256592,0.07483193825923608,9.668000555555556,0.3394499271036464,0.08877416912467366,0.2371407341063961,0.07219743141145159,7.288460995199543,0.14358024244576367,698.6666666666666,4.0,3,0.0,0.3333333333333333,0.3333333333333333,0.6666666666666666,0.3333333333333333,1.0,0.6666666666666666,0.0,0.6666666666666666,4.0
