cell,care,pn,bp,poc,draw,hiv_new_inf,hiv_new_inf_f,hiv_new_inf_m,hiv_prev_end,hiv_new_treated,hiv_new_treated_f,hiv_new_treated_m,hiv_new_treated_success,hiv_new_treated_success_f,hiv_new_treated_success_m,hiv_new_treated_unnecessary,hiv_new_treated_unnecessary_f,hiv_new_treated_unnecessary_m,hiv_prop_treated,ng_new_inf,ng_new_inf_f,ng_new_inf_m,ng_prev_end,ng_new_treated,ng_new_treated_f,ng_new_treated_m,ng_new_treated_success,ng_new_treated_success_f,ng_new_treated_success_m,ng_new_treated_unnecessary,ng_new_treated_unnecessary_f,ng_new_treated_unnecessary_m,ng_prop_treated,ct_new_inf,ct_new_inf_f,ct_new_inf_m,ct_prev_end,ct_new_treated,ct_new_treated_f,ct_new_treated_m,ct_new_treated_success,ct_new_treated_success_f,ct_new_treated_success_m,ct_new_treated_unnecessary,ct_new_treated_unnecessary_f,ct_new_treated_unnecessary_m,ct_prop_treated,tv_new_inf,tv_new_inf_f,tv_new_inf_m,tv_prev_end,tv_new_treated,tv_new_treated_f,tv_new_treated_m,tv_new_treated_success,tv_new_treated_success_f,tv_new_treated_success_m,tv_new_treated_unnecessary,tv_new_treated_unnecessary_f,tv_new_treated_unnecessary_m,tv_prop_treated,syph_new_inf,syph_new_inf_f,syph_new_inf_m,syph_prev_end,syph_new_treated,syph_new_treated_f,syph_new_treated_m,syph_new_treated_success,syph_new_treated_success_f,syph_new_treated_success_m,syph_new_treated_unnecessary,syph_new_treated_unnecessary_f,syph_new_treated_unnecessary_m,syph_sti_prev_end,pn_new_notified,pn_new_attending,pn_new_notified_current,pn_new_notified_previous,pn_new_index_total,pn_new_index_no_sti,pn_new_notified_no_sti,pn_new_attended_no_sti,pn_new_index_total_f,pn_new_index_total_m,pn_new_index_no_sti_f,pn_new_index_no_sti_m,pn_new_notified_f,pn_new_notified_m,pn_new_notified_no_sti_f,pn_new_notified_no_sti_m,pn_new_attending_f,pn_new_attending_m,pn_new_attended_no_sti_f,pn_new_attended_no_sti_m,ng_treated_within_3mo,ng_treated_within_6mo,ct_treated_within_3mo,ct_treated_within_6mo,tv_treated_within_3mo,tv_treated_within_6mo,syph_treated_within_3mo,syph_treated_within_6mo,syph_prop_treated
POC_c-baseline_p-baseline_b-high,baseline,baseline,high,True,263,24708.0,14094.0,10614.0,0.014025734134728601,0.0,0.0,0.0,0.0,0.0,0.0,0.0,0.0,0.0,0.0,8763336.0,3641472.0,5124474.0,0.0091670268303714,4510254.0,1854144.0,2657850.0,2701524.0,531222.0,2170302.0,1696152.0,1300476.0,395676.0,0.3083321526920714,13751568.0,7923612.0,5833872.0,0.07444747618796481,10532046.0,4438566.0,6096786.0,8269698.0,2972790.0,5296908.0,1354938.0,1137612.0,217326.0,0.6016336437768184,48250722.0,14333946.0,33942528.0,0.112388747346396,10804008.0,5361984.0,5446200.0,8505990.0,3853230.0,4652760.0,1348152.0,1074624.0,273528.0,0.17625311359295662,358614.0,182874.0,175740.0,0.0174370397871418,720186.0,417600.0,303108.0,264480.0,160950.0,103530.0,445962.0,250560.0,195402.0,0.0032176226718642004,2958000.0,1833438.0,2958000.0,0.0,13133868.0,2493594.0,830154.0,482676.0,5714160.0,7419708.0,2201274.0,292320.0,1943754.0,1014246.0,402114.0,428040.0,1381386.0,452052.0,283794.0,198882.0,2510994.0,2653152.0,2111142.0,2991234.0,7256670.0,7594752.0,93960.0,135372.0,0.737506065016982
POC_c-baseline_p-baseline_b-low,baseline,baseline,low,True,263,24708.0,14094.0,10614.0,0.014025734134728601,0.0,0.0,0.0,0.0,0.0,0.0,0.0,0.0,0.0,0.0,10348302.0,4276398.0,6075036.0,0.0110112219179366,5182938.0,2006220.0,3179154.0,3300606.0,665202.0,2635404.0,1750962.0,1312656.0,438306.0,0.31923026111291924,15771882.0,9066444.0,6711006.0,0.0861236061099722,12261258.0,5129868.0,7135740.0,9809946.0,3590664.0,6219282.0,1380690.0,1143180.0,237510.0,0.6221650586406656,52086726.0,15658956.0,36455610.0,0.11959542265207601,12200880.0,5965068.0,6239814.0,9733212.0,4396980.0,5336232.0,1369032.0,1069578.0,299454.0,0.1867960293571182,435870.0,221850.0,214020.0,0.018971598292184803,790656.0,463188.0,327816.0,319464.0,191922.0,127542.0,462492.0,265524.0,196968.0,0.0041952849452384,3332622.0,2075472.0,3332622.0,0.0,15111552.0,2504904.0,822498.0,484242.0,6440784.0,8670768.0,2188920.0,315984.0,2225460.0,1107162.0,412902.0,409596.0,1580790.0,494682.0,295800.0,188442.0,3077364.0,3236400.0,2629314.0,3748308.0,8410116.0,8770818.0,120060.0,167040.0,0.7329341317365271
POC_c-baseline_p-baseline_b-moderate,baseline,baseline,moderate,True,263,24708.0,14094.0,10614.0,0.01402599629867,0.0,0.0,0.0,0.0,0.0,0.0,0.0,0.0,0.0,0.0,9578874.0,3988080.0,5593056.0,0.010696075206774201,4835982.0,1937142.0,2900754.0,2994018.0,602388.0,2391630.0,1721034.0,1308828.0,412206.0,0.3129066898590974,14564670.0,8369748.0,6199446.0,0.07862315603121701,11278854.0,4702350.0,6579984.0,8918370.0,3207516.0,5710854.0,1366596.0,1137264.0,229332.0,0.6125673290339966,49954878.0,14887962.0,35092494.0,0.11508848331777222,11446590.0,5630988.0,5819430.0,9069750.0,4093872.0,4975878.0,1362594.0,1076190.0,286404.0,0.18152336716177142,404898.0,205494.0,199404.0,0.0183652001732566,761250.0,442308.0,319290.0,297366.0,179046.0,118320.0,454314.0,257346.0,196968.0,0.0037621434317182006,3126432.0,1940100.0,3126432.0,0.0,14001606.0,2503164.0,824586.0,483546.0,6010830.0,7990776.0,2196576.0,306588.0,2069904.0,1056528.0,402810.0,421776.0,1471692.0,468408.0,287448.0,196098.0,2791134.0,2939556.0,2317332.0,3311742.0,7796070.0,8138154.0,117102.0,159036.0,0.734422002578427
POC_c-baseline_p-baseline_b-none,baseline,baseline,none,True,263,24708.0,14094.0,10614.0,0.014025646757825801,0.0,0.0,0.0,0.0,0.0,0.0,0.0,0.0,0.0,0.0,11631726.0,4852686.0,6782694.0,0.013623622212367601,5754702.0,2160732.0,3596580.0,3802770.0,807360.0,2995410.0,1804380.0,1320486.0,483894.0,0.3271453461398342,16920282.0,9702240.0,7223784.0,0.09303989577815801,13534764.0,5657262.0,7881852.0,10932072.0,4067424.0,6864648.0,1392348.0,1144572.0,247776.0,0.6461246111109185,55372542.0,16865298.0,38538216.0,0.12521492132190143,13313784.0,6458706.0,6859776.0,10754070.0,4868346.0,5885724.0,1370946.0,1052004.0,318942.0,0.1941874302617616,465450.0,234030.0,231420.0,0.0193552379184456,824238.0,486504.0,338082.0,342954.0,205146.0,137808.0,471540.0,274050.0,197490.0,0.0033042509745684007,3629640.0,2269656.0,3629640.0,0.0,16543398.0,2504382.0,837810.0,487026.0,7001238.0,9542160.0,2169954.0,334428.0,2423472.0,1206168.0,418470.0,419340.0,1728690.0,540966.0,294756.0,192270.0,3557256.0,3733866.0,3018030.0,4340778.0,9372684.0,9747480.0,139200.0,188268.0,0.736822429906542
POC_c-baseline_p-high_b-high,baseline,high,high,True,263,24708.0,14094.0,10614.0,0.014025472020633001,0.0,0.0,0.0,0.0,0.0,0.0,0.0,0.0,0.0,0.0,6390846.0,2688822.0,3703938.0,0.006540899313518001,4597776.0,2441916.0,2157948.0,2286360.0,662766.0,1623594.0,2217978.0,1750614.0,467364.0,0.3574257265376972,9611934.0,5540508.0,4074732.0,0.044855152236492404,10093218.0,5266806.0,4829370.0,7355502.0,3312612.0,4042890.0,1931400.0,1589664.0,341736.0,0.7662040011260934,32069592.0,11397348.0,20689818.0,0.053909425354336,10362918.0,6295146.0,4071252.0,7488786.0,4274136.0,3214650.0,2046240.0,1543728.0,502512.0,0.2335563685627852,536790.0,275964.0,260826.0,0.0146401831569828,1407138.0,777606.0,630228.0,488244.0,261870.0,226374.0,902712.0,506166.0,396546.0,0.0046160509869438,13252710.0,10960434.0,13252710.0,0.0,13114032.0,3568044.0,6453138.0,5276028.0,7039170.0,6074862.0,3039432.0,528612.0,7570218.0,5682492.0,3015420.0,3437718.0,6523434.0,4437000.0,2590164.0,2685864.0,2027448.0,2219718.0,2039628.0,2953824.0,5535114.0,5981076.0,167040.0,239772.0,0.909562398703403
POC_c-baseline_p-high_b-low,baseline,high,low,True,263,24708.0,14094.0,10614.0,0.014025297305587802,0.0,0.0,0.0,0.0,0.0,0.0,0.0,0.0,0.0,0.0,7328010.0,3065358.0,4265262.0,0.008180290986474801,5173368.0,2666376.0,2509254.0,2725884.0,810144.0,1915740.0,2339430.0,1823172.0,516258.0,0.3719244037978852,11085714.0,6414684.0,4675728.0,0.0502768047251948,11754396.0,6113664.0,5644386.0,8790306.0,4031754.0,4758552.0,1991952.0,1632642.0,359310.0,0.7934861483633611,35473206.0,13015374.0,22476276.0,0.05740599480024321,11879154.0,7112598.0,4771254.0,8766816.0,4975878.0,3790938.0,2136720.0,1586010.0,550710.0,0.24709854374391266,586554.0,306762.0,279792.0,0.0140585359816842,1534854.0,856428.0,679296.0,547578.0,300150.0,247428.0,969354.0,545490.0,423864.0,0.0038858981498668004,14938074.0,12375228.0,14938074.0,0.0,15012720.0,3665136.0,6764424.0,5554080.0,7974594.0,7038126.0,3108858.0,556278.0,8686428.0,6251646.0,3285468.0,3478956.0,7492614.0,4882614.0,2837244.0,2716836.0,2442612.0,2657328.0,2637318.0,3766230.0,6724578.0,7213692.0,201144.0,279270.0,0.933550875111242
POC_c-baseline_p-high_b-moderate,baseline,high,moderate,True,263,24708.0,14094.0,10614.0,0.014025734134728601,0.0,0.0,0.0,0.0,0.0,0.0,0.0,0.0,0.0,0.0,7147572.0,3017508.0,4131978.0,0.0074773701457472004,4948908.0,2579724.0,2371098.0,2578680.0,767514.0,1811166.0,2264610.0,1780020.0,484590.0,0.3605706362577442,10197966.0,5895990.0,4305630.0,0.0464165894059674,10806444.0,5626986.0,5183460.0,7973376.0,3618156.0,4355220.0,1954368.0,1604976.0,349392.0,0.7824903444956386,33300468.0,12018006.0,21300210.0,0.0538121000386524,10931550.0,6606084.0,4329990.0,7977900.0,4545228.0,3432672.0,2073036.0,1554516.0,518520.0,0.2395797094901034,571938.0,294060.0,277878.0,0.0140585359816842,1476738.0,816756.0,660852.0,533832.0,286926.0,246906.0,924984.0,519042.0,405942.0,0.0036631396571994005,13971504.0,11568216.0,13971504.0,0.0,13996560.0,3605454.0,6602256.0,5402352.0,7464948.0,6531612.0,3065184.0,540270.0,8041758.0,5929746.0,3134958.0,3467298.0,6942426.0,4625790.0,2699784.0,2702568.0,2299062.0,2509080.0,2318028.0,3315918.0,5994300.0,6454704.0,187398.0,266568.0,0.9333738971706721
POC_c-baseline_p-high_b-none,baseline,high,none,True,263,24708.0,14094.0,10614.0,0.01402599629867,0.0,0.0,0.0,0.0,0.0,0.0,0.0,0.0,0.0,0.0,8541486.0,3624420.0,4919850.0,0.008563407123962401,5766882.0,2882484.0,2887182.0,3228918.0,987450.0,2241468.0,2410422.0,1853448.0,556974.0,0.3781887482496412,11852358.0,6863778.0,4992582.0,0.05192230071806,12915672.0,6676206.0,6242946.0,9797592.0,4524522.0,5273070.0,2037366.0,1652652.0,384714.0,0.8270914671907554,37970976.0,14260692.0,23729946.0,0.059011093698559405,13048608.0,7772058.0,5280552.0,9787500.0,5553036.0,4234464.0,2192226.0,1608108.0,584118.0,0.25773002283141283,777432.0,404028.0,373404.0,0.0168553926118432,1745742.0,973704.0,772908.0,698262.0,374100.0,324162.0,1024686.0,587250.0,437436.0,0.006138234020172001,16173996.0,13455942.0,16173996.0,0.0,16455180.0,3715944.0,6869520.0,5662830.0,8627094.0,7828086.0,3127650.0,588294.0,9486480.0,6687516.0,3383604.0,3485916.0,8208798.0,5247144.0,2930856.0,2731974.0,2910672.0,3154272.0,3121386.0,4429344.0,7722642.0,8218020.0,281358.0,381930.0,0.89816472694718
POC_c-baseline_p-low_b-high,baseline,low,high,True,263,24708.0,14094.0,10614.0,0.01402582151717,0.0,0.0,0.0,0.0,0.0,0.0,0.0,0.0,0.0,0.0,7808598.0,3271896.0,4539312.0,0.008068169189121201,4451964.0,2033886.0,2420166.0,2515170.0,577680.0,1937490.0,1832742.0,1432542.0,400200.0,0.32207738331393304,12755766.0,7383690.0,5376426.0,0.0662323179126138,10601124.0,4843638.0,5760618.0,8190528.0,3210474.0,4980054.0,1506666.0,1275420.0,231246.0,0.6422617540968375,43948746.0,13960890.0,30010824.0,0.0948672724362026,10822800.0,5863278.0,4963350.0,8373576.0,4200882.0,4172694.0,1516236.0,1190160.0,326076.0,0.19049682396409462,401070.0,206364.0,194706.0,0.015456964296763801,902886.0,520782.0,382626.0,338082.0,193662.0,144420.0,554190.0,319812.0,234378.0,0.0025740981374914,5850228.0,3937620.0,5850228.0,0.0,13258452.0,2766600.0,1976292.0,1271244.0,6255126.0,7003326.0,2445396.0,321204.0,3615372.0,2234856.0,920634.0,1055658.0,2709354.0,1228266.0,683124.0,588120.0,2294712.0,2458098.0,2081214.0,2981316.0,6780606.0,7167060.0,114840.0,170520.0,0.8429501084598691
POC_c-baseline_p-low_b-low,baseline,low,low,True,263,24708.0,14094.0,10614.0,0.01402599629867,0.0,0.0,0.0,0.0,0.0,0.0,0.0,0.0,0.0,0.0,9471168.0,3976596.0,5497008.0,0.0107688232107058,5179284.0,2252256.0,2929290.0,3145920.0,754638.0,2391282.0,1904952.0,1466472.0,438480.0,0.3322444126849056,14571978.0,8430126.0,6147072.0,0.07497009300850702,12340602.0,5629248.0,6715182.0,9735996.0,3913608.0,5822388.0,1545294.0,1293342.0,251952.0,0.6684413885251659,47609706.0,15431016.0,32203920.0,0.100379853811876,12244380.0,6552492.0,5695542.0,9612804.0,4815450.0,4797354.0,1561302.0,1198164.0,363138.0,0.20187146296109462,504948.0,265176.0,239772.0,0.018191943567848402,991800.0,583596.0,408552.0,402984.0,238554.0,164430.0,578202.0,338430.0,239772.0,0.0043437906070168,6596166.0,4466058.0,6596166.0,0.0,15275286.0,2794614.0,2005350.0,1304130.0,7105638.0,8169648.0,2453226.0,341388.0,4130586.0,2465580.0,981360.0,1023990.0,3099462.0,1366596.0,730278.0,573852.0,2888052.0,3076146.0,2611218.0,3765186.0,7933878.0,8345562.0,149292.0,208104.0,0.798070296347346
POC_c-baseline_p-low_b-moderate,baseline,low,moderate,True,263,24708.0,14094.0,10614.0,0.0140255593864608,0.0,0.0,0.0,0.0,0.0,0.0,0.0,0.0,0.0,0.0,8716704.0,3640950.0,5078538.0,0.0091614030757814,4841376.0,2150640.0,2693694.0,2856906.0,666420.0,2190486.0,1863540.0,1454640.0,408900.0,0.327974398777993,13597404.0,7868454.0,5733126.0,0.0711158784622932,11356458.0,5174412.0,6185700.0,8857122.0,3513408.0,5343714.0,1522326.0,1277682.0,244644.0,0.6516056832001834,45522750.0,14575632.0,30969216.0,0.0969321372738766,11472864.0,6166560.0,5310306.0,8932638.0,4467102.0,4465536.0,1544772.0,1198164.0,346608.0,0.19613176779690822,456402.0,235770.0,220632.0,0.017511292618031003,940818.0,546012.0,395154.0,363312.0,211932.0,151380.0,563934.0,325554.0,238380.0,0.004294288719757401,6195096.0,4180002.0,6195096.0,0.0,14177172.0,2780694.0,1975596.0,1276638.0,6630270.0,7546902.0,2450442.0,330252.0,3850272.0,2344824.0,943950.0,1031646.0,2882832.0,1297170.0,695304.0,581334.0,2621136.0,2794788.0,2319420.0,3338364.0,7296168.0,7685928.0,136764.0,186702.0,0.7960350743423561
POC_c-baseline_p-low_b-none,baseline,low,none,True,263,24708.0,14094.0,10614.0,0.01402582151717,0.0,0.0,0.0,0.0,0.0,0.0,0.0,0.0,0.0,0.0,10700304.0,4496856.0,6206232.0,0.011789949695742801,5769666.0,2424168.0,3347760.0,3653826.0,896448.0,2757378.0,1974378.0,1495530.0,478848.0,0.34183627207876965,15823386.0,9136740.0,6692736.0,0.08132221412515661,13787760.0,6277398.0,7514538.0,11003760.0,4475280.0,6528480.0,1569828.0,1302216.0,267612.0,0.6957632137321195,51360798.0,16962564.0,34425900.0,0.10880546271517402,13510404.0,7199076.0,6315504.0,10760508.0,5414706.0,5345802.0,1578180.0,1196076.0,382104.0,0.20952335387202484,559584.0,284664.0,274920.0,0.018538456778664603,1063836.0,621354.0,443004.0,452226.0,258390.0,193836.0,599952.0,355482.0,244470.0,0.0042076604170534,7213344.0,4887834.0,7213344.0,0.0,16918890.0,2821584.0,2037366.0,1326750.0,7806684.0,9112206.0,2457750.0,363834.0,4537572.0,2675772.0,1006242.0,1031124.0,3400656.0,1487178.0,747504.0,579246.0,3366204.0,3574656.0,3057354.0,4453182.0,9001716.0,9427146.0,173130.0,240816.0,0.808146766169154
POC_c-baseline_p-moderate_b-high,baseline,moderate,high,True,263,24708.0,14094.0,10614.0,0.014025472020633001,0.0,0.0,0.0,0.0,0.0,0.0,0.0,0.0,0.0,0.0,7153140.0,3018900.0,4136676.0,0.0071938725745572,4555494.0,2284620.0,2273136.0,2423994.0,642234.0,1781760.0,2031798.0,1613502.0,418296.0,0.3389721985007652,11248926.0,6512646.0,4740456.0,0.053782690185354795,10491678.0,5210952.0,5282814.0,7882548.0,3364812.0,4517736.0,1736694.0,1466646.0,270048.0,0.7013937728929897,38206050.0,12992928.0,25234524.0,0.07394373333167441,10811316.0,6290274.0,4524348.0,8107182.0,4413162.0,3694020.0,1796724.0,1380168.0,416556.0,0.21216513635083842,415860.0,215586.0,200274.0,0.0135140152218302,1124040.0,642060.0,482502.0,383496.0,213846.0,169650.0,728190.0,420906.0,307284.0,0.0030072396510116,9797592.0,7361418.0,9797592.0,0.0,13365462.0,3196032.0,4069512.0,2988624.0,6840636.0,6524826.0,2800530.0,395502.0,5733822.0,4063770.0,1875894.0,2193618.0,4633968.0,2727450.0,1512930.0,1475694.0,2181612.0,2365008.0,2073732.0,2989668.0,6243120.0,6662286.0,127542.0,184092.0,0.9221757322175731
POC_c-baseline_p-moderate_b-low,baseline,moderate,low,True,263,24708.0,14094.0,10614.0,0.014025035274537,0.0,0.0,0.0,0.0,0.0,0.0,0.0,0.0,0.0,0.0,8924634.0,3757356.0,5170062.0,0.010021853820412801,5405658.0,2567892.0,2840376.0,3126954.0,853818.0,2273136.0,2149248.0,1677882.0,471366.0,0.35094616338107004,12971700.0,7516452.0,5459946.0,0.0619002587461948,12321636.0,6081648.0,6243120.0,9479346.0,4119276.0,5360070.0,1787676.0,1490310.0,297366.0,0.7312379362979127,41678742.0,14637576.0,27064482.0,0.07785170108485182,12286140.0,7092762.0,5197206.0,9359286.0,5104290.0,4254996.0,1879200.0,1413750.0,465450.0,0.22449777590860404,538008.0,273354.0,264654.0,0.015147577501392201,1275246.0,723492.0,552624.0,482502.0,265872.0,216630.0,779346.0,450660.0,328686.0,0.003923024565311401,11055090.0,8326770.0,11055090.0,0.0,15559254.0,3261978.0,4194792.0,3093024.0,7810860.0,7748394.0,2835678.0,426300.0,6565542.0,4489548.0,1987428.0,2207364.0,5307174.0,3019596.0,1604106.0,1488918.0,2831154.0,3056310.0,2673684.0,3844182.0,7376208.0,7840092.0,177132.0,247776.0,0.8968305304010341
POC_c-baseline_p-moderate_b-moderate,baseline,moderate,moderate,True,263,24708.0,14094.0,10614.0,0.0140255593864608,0.0,0.0,0.0,0.0,0.0,0.0,0.0,0.0,0.0,0.0,7819734.0,3305478.0,4516692.0,0.007484198829421601,4892880.0,2398242.0,2496726.0,2700132.0,726624.0,1973508.0,2081910.0,1642212.0,439698.0,0.345465453939138,12099264.0,7004196.0,5099244.0,0.06030109473149601,11281986.0,5587662.0,5696934.0,8572110.0,3692976.0,4879134.0,1759140.0,1476216.0,282924.0,0.7087578159646493,39341400.0,13530588.0,25829604.0,0.0743739305992082,11326704.0,6568848.0,4761336.0,8552796.0,4657806.0,3894990.0,1828566.0,1392696.0,435870.0,0.21729193756092685,558366.0,291450.0,266916.0,0.016162366190211,1248972.0,716184.0,533310.0,487374.0,275964.0,211410.0,746286.0,431520.0,314766.0,0.0044922962687952,10276440.0,7727340.0,10276440.0,0.0,14306280.0,3235704.0,4093524.0,3006024.0,7264500.0,7041780.0,2822628.0,413076.0,6065466.0,4210974.0,1922700.0,2170824.0,4898100.0,2829240.0,1550862.0,1455162.0,2436348.0,2634186.0,2344998.0,3380298.0,6643146.0,7080582.0,173130.0,244470.0,0.8728575880336551
POC_c-baseline_p-moderate_b-none,baseline,moderate,none,True,263,24708.0,14094.0,10614.0,0.01402617110233,0.0,0.0,0.0,0.0,0.0,0.0,0.0,0.0,0.0,0.0,9649344.0,4091088.0,5561040.0,0.009860929604035201,5809338.0,2720316.0,3091632.0,3452160.0,964830.0,2487330.0,2218848.0,1716858.0,501990.0,0.35778680138683344,13956888.0,8093610.0,5867454.0,0.0656851160751222,13625244.0,6717270.0,6911628.0,10637490.0,4697130.0,5940360.0,1813080.0,1495704.0,317376.0,0.7627559047603011,44864508.0,16016004.0,28871994.0,0.08261843551989181,13545030.0,7760052.0,5789328.0,10459314.0,5695542.0,4763772.0,1927224.0,1428888.0,498336.0,0.23308476499748002,689388.0,356874.0,332514.0,0.0172885341253634,1436544.0,823716.0,613698.0,601866.0,335298.0,266568.0,817800.0,478152.0,339648.0,0.004764556648722201,12051762.0,9124386.0,12051762.0,0.0,16999104.0,3299040.0,4260390.0,3152706.0,8509296.0,8489808.0,2848554.0,450486.0,7244142.0,4807620.0,2070426.0,2189964.0,5869542.0,3254844.0,1678404.0,1474302.0,3134610.0,3376296.0,3139482.0,4540356.0,8430300.0,8914020.0,239946.0,323988.0,0.873043917213528
POC_c-high_p-baseline_b-high,high,baseline,high,True,263,24708.0,14094.0,10614.0,0.014024773293294202,0.0,0.0,0.0,0.0,0.0,0.0,0.0,0.0,0.0,0.0,4948560.0,2075820.0,2874132.0,0.0036769409485936004,3859320.0,1922352.0,1939056.0,1851186.0,438828.0,1412358.0,1931400.0,1467864.0,463536.0,0.3752890656426434,11092500.0,6638622.0,4457184.0,0.055917133479138806,10614696.0,4986144.0,5631510.0,8153292.0,3315396.0,4837896.0,1566870.0,1307610.0,259260.0,0.7348603266218993,41737554.0,13186938.0,28572018.0,0.09124682810287561,12806922.0,6528480.0,6283488.0,10214844.0,4778736.0,5436108.0,1467342.0,1217826.0,249516.0,0.24479692962842123,321204.0,153120.0,168084.0,0.014219417115277402,1026078.0,555234.0,471192.0,274050.0,150858.0,123192.0,742632.0,398460.0,344172.0,0.0021038302085266,3272418.0,2005872.0,3272418.0,0.0,13066704.0,2949300.0,1037214.0,594558.0,6381276.0,6685428.0,2524218.0,425082.0,2072166.0,1200252.0,505470.0,531744.0,1462644.0,543228.0,350610.0,243948.0,1715466.0,1817256.0,2527524.0,3338364.0,8853816.0,9190158.0,121452.0,161646.0,0.8531960996749721
POC_c-high_p-baseline_b-low,high,baseline,low,True,263,24708.0,14094.0,10614.0,0.0140253846603422,0.0,0.0,0.0,0.0,0.0,0.0,0.0,0.0,0.0,0.0,6768774.0,2824542.0,3946146.0,0.006222903622401001,4729146.0,2181960.0,2549970.0,2589468.0,628488.0,1960980.0,2035278.0,1525632.0,509646.0,0.382745276749288,12916716.0,7740216.0,5180676.0,0.06262474757338361,12620394.0,5870064.0,6755376.0,9935226.0,4102572.0,5832654.0,1614198.0,1323444.0,290754.0,0.7690152218579849,46238238.0,15020028.0,31244484.0,0.09909349842933421,14633574.0,7398828.0,7240836.0,11807292.0,5552166.0,6255126.0,1523544.0,1225482.0,298062.0,0.2553068270606782,419514.0,205842.0,213672.0,0.016149990718396002,1115340.0,606564.0,509472.0,344520.0,189138.0,155382.0,758814.0,410814.0,348000.0,0.0028092321019738,3757530.0,2304978.0,3757530.0,0.0,15443544.0,3004632.0,1084194.0,619788.0,7340886.0,8102658.0,2548926.0,455706.0,2414424.0,1343106.0,550710.0,533484.0,1701198.0,603780.0,380016.0,239772.0,2419644.0,2548056.0,3164016.0,4259694.0,10319766.0,10697172.0,163212.0,215064.0,0.8212360016590621
POC_c-high_p-baseline_b-moderate,high,baseline,moderate,True,263,24708.0,14094.0,10614.0,0.014025646757825801,0.0,0.0,0.0,0.0,0.0,0.0,0.0,0.0,0.0,0.0,5841006.0,2417904.0,3425364.0,0.00537566943996,4279182.0,2039802.0,2241642.0,2206320.0,516954.0,1689366.0,1981338.0,1500402.0,480936.0,0.378306160450091,11984946.0,7165668.0,4823454.0,0.05999138787823401,11536026.0,5363202.0,6175956.0,8973006.0,3644256.0,5328750.0,1588272.0,1317006.0,271266.0,0.7486420890372608,43754388.0,13982640.0,29793846.0,0.09383708879622221,13668222.0,6926244.0,6746850.0,10966176.0,5138742.0,5827434.0,1502316.0,1227048.0,275268.0,0.2506374283843964,365052.0,174174.0,190878.0,0.015073324670503003,1069230.0,578376.0,491202.0,306414.0,167040.0,139374.0,750636.0,403854.0,346782.0,0.0024750943629724,3519672.0,2158818.0,3519672.0,0.0,14174910.0,2977836.0,1067142.0,610392.0,6800094.0,7374816.0,2546490.0,431346.0,2245470.0,1274202.0,531918.0,535224.0,1589316.0,569502.0,370446.0,239946.0,2050938.0,2167170.0,2794440.0,3750744.0,9535200.0,9895554.0,142854.0,188268.0,0.839370829361296
POC_c-high_p-baseline_b-none,high,baseline,none,True,263,24708.0,14094.0,10614.0,0.014025472020633001,0.0,0.0,0.0,0.0,0.0,0.0,0.0,0.0,0.0,0.0,8078820.0,3367422.0,4714704.0,0.008096250712515601,5416446.0,2382756.0,3036996.0,3166278.0,785436.0,2380842.0,2124540.0,1564956.0,559584.0,0.3925941972057002,14374488.0,8637882.0,5741652.0,0.06886775596333261,14348214.0,6666462.0,7687494.0,11425536.0,4774386.0,6651150.0,1671792.0,1359810.0,311982.0,0.7948162271077309,50264772.0,16636314.0,33655254.0,0.10638567961799342,16262040.0,8164776.0,8104224.0,13244184.0,6247122.0,6997062.0,1552776.0,1229658.0,323118.0,0.263451559106936,489462.0,233160.0,256302.0,0.017350411484437802,1187028.0,641190.0,546360.0,397938.0,208974.0,188964.0,777258.0,425778.0,351480.0,0.0033042509745684007,4181916.0,2583726.0,4181916.0,0.0,17444022.0,3072318.0,1104900.0,632490.0,8200968.0,9243054.0,2586510.0,485808.0,2688474.0,1493442.0,556626.0,548274.0,1906692.0,677034.0,385236.0,247254.0,2968788.0,3120168.0,3702198.0,5070882.0,11658174.0,12072294.0,201318.0,253344.0,0.813011020263064
POC_c-high_p-high_b-high,high,high,high,True,263,24708.0,14094.0,10614.0,0.014024249480175199,0.0,0.0,0.0,0.0,0.0,0.0,0.0,0.0,0.0,0.0,2650542.0,1111338.0,1540074.0,0.0017066208460096003,3539160.0,2220066.0,1320660.0,1138830.0,352176.0,786654.0,2353002.0,1853448.0,499554.0,0.43463553576477826,7331142.0,4324596.0,3008982.0,0.0303603303119764,9433236.0,5113338.0,4322508.0,6682470.0,3095286.0,3587184.0,2032320.0,1679274.0,353046.0,0.9126184173032946,25539720.0,9532590.0,16019484.0,0.03804339666581381,10960434.0,6625050.0,4339038.0,7992168.0,4517388.0,3474780.0,2088696.0,1616460.0,472236.0,0.3128179546508582,96918.0,48546.0,48372.0,0.0052100736340572,1370946.0,736020.0,636318.0,185658.0,94656.0,91002.0,1176588.0,636318.0,540270.0,0.0,13043736.0,10787826.0,13043736.0,0.0,11977638.0,3864540.0,6870564.0,5633772.0,6861168.0,5116470.0,3255366.0,609174.0,7197162.0,5846574.0,3153576.0,3716988.0,6216672.0,4571154.0,2728320.0,2905452.0,1012854.0,1105596.0,2101398.0,2896056.0,6062682.0,6487416.0,44892.0,60030.0,1.9156193895870732
POC_c-high_p-high_b-low,high,high,low,True,263,24708.0,14094.0,10614.0,0.014024336768535001,0.0,0.0,0.0,0.0,0.0,0.0,0.0,0.0,0.0,0.0,3254148.0,1378080.0,1877286.0,0.0025832523498246,3958326.0,2391630.0,1569132.0,1415142.0,444048.0,971094.0,2489244.0,1928094.0,561150.0,0.4413638652193798,8382972.0,4976052.0,3410052.0,0.0339951059583314,10845594.0,5832480.0,5016768.0,7880460.0,3697848.0,4182612.0,2114274.0,1728516.0,385758.0,0.9404868491434074,28689120.0,11122254.0,17583396.0,0.0408924603156056,12522258.0,7498878.0,5028948.0,9322746.0,5280204.0,4042542.0,2179176.0,1645866.0,533310.0,0.324946738023007,84564.0,42978.0,41586.0,0.0048759358950558,1414272.0,766644.0,648846.0,178176.0,89610.0,88566.0,1227744.0,672162.0,555582.0,0.0,14598948.0,12080298.0,14598948.0,0.0,13593054.0,4003566.0,7189158.0,5902950.0,7664004.0,5929050.0,3343758.0,659808.0,8202186.0,6396762.0,3427626.0,3761532.0,7067706.0,5012592.0,2950692.0,2952258.0,1274898.0,1379298.0,2623224.0,3579354.0,7328184.0,7792764.0,38454.0,50286.0,2.106995884773662
POC_c-high_p-high_b-moderate,high,high,moderate,True,263,24708.0,14094.0,10614.0,0.014024074920043799,0.0,0.0,0.0,0.0,0.0,0.0,0.0,0.0,0.0,0.0,2946168.0,1226874.0,1720338.0,0.0018535367534050003,3727428.0,2287404.0,1442460.0,1284120.0,396372.0,887748.0,2391456.0,1873806.0,517650.0,0.4374806716176146,7766490.0,4600386.0,3168192.0,0.032148265804555,10047804.0,5443068.0,4608390.0,7210560.0,3376818.0,3833742.0,2054244.0,1694412.0,359832.0,0.9288590224750516,27044298.0,10286532.0,16770468.0,0.041062110314514205,11631900.0,6997932.0,4638318.0,8579070.0,4859820.0,3719250.0,2110446.0,1617330.0,493116.0,0.3171758057802818,43848.0,22272.0,21576.0,0.0047398057050924,1348500.0,727668.0,622224.0,140418.0,70470.0,69948.0,1199904.0,652848.0,547056.0,0.0,13700238.0,11315220.0,13700238.0,0.0,12687036.0,3899688.0,6976530.0,5722860.0,7216302.0,5470734.0,3279552.0,620136.0,7638426.0,6061812.0,3275724.0,3700806.0,6585030.0,4730190.0,2825064.0,2897796.0,1151706.0,1249842.0,2355612.0,3221088.0,6620004.0,7066140.0,22098.0,29232.0,3.202380952380952
POC_c-high_p-high_b-none,high,high,none,True,263,24708.0,14094.0,10614.0,0.0140255593864608,0.0,0.0,0.0,0.0,0.0,0.0,0.0,0.0,0.0,0.0,3774060.0,1599234.0,2176218.0,0.0036142400649014,4324248.0,2560758.0,1765926.0,1663440.0,531396.0,1132044.0,2594862.0,2005176.0,589686.0,0.4481700830730272,9234006.0,5501184.0,3735954.0,0.0382850611078374,12040104.0,6446004.0,5598624.0,8891226.0,4204884.0,4686342.0,2177262.0,1773582.0,403680.0,0.9633641207851589,31264146.0,12383406.0,18897096.0,0.045249328436187404,13756266.0,8192790.0,5569392.0,10360656.0,5869368.0,4491288.0,2252430.0,1687626.0,564804.0,0.331503346521463,710964.0,342780.0,368184.0,0.0131180001237546,1977684.0,1047306.0,932118.0,688518.0,338256.0,350262.0,1270374.0,698436.0,571938.0,0.004479920796980201,15835740.0,13106202.0,15835740.0,0.0,14966088.0,4091610.0,7315830.0,5998128.0,8354088.0,6612000.0,3419796.0,671814.0,8997366.0,6838374.0,3552384.0,3763446.0,7749960.0,5356242.0,3058050.0,2940078.0,1504578.0,1623072.0,3078408.0,4209930.0,8342430.0,8817972.0,322596.0,417774.0,0.968428781204111
POC_c-high_p-low_b-high,high,low,high,True,263,24708.0,14094.0,10614.0,0.014025122612685802,0.0,0.0,0.0,0.0,0.0,0.0,0.0,0.0,0.0,0.0,3857406.0,1616460.0,2241816.0,0.0018228217377566,3647214.0,2032842.0,1615938.0,1500576.0,384714.0,1115862.0,2084868.0,1635774.0,449094.0,0.3916036356756278,10041540.0,6005436.0,4039584.0,0.0474169334362362,10407462.0,5192682.0,5217390.0,7831044.0,3366900.0,4464144.0,1721208.0,1453074.0,268134.0,0.7798527517349723,37404084.0,12682512.0,24741756.0,0.0752138190988194,12520866.0,6909888.0,5615154.0,9779670.0,4993104.0,4786566.0,1662744.0,1351980.0,310764.0,0.2613974515669306,354438.0,169128.0,185310.0,0.012932368046531601,1194336.0,651804.0,543054.0,328164.0,172086.0,156078.0,854166.0,472410.0,381756.0,0.0023884660602684,6301236.0,4237248.0,6301236.0,0.0,12826236.0,3252582.0,2378928.0,1531026.0,6716400.0,6109836.0,2810448.0,442134.0,3758748.0,2542488.0,1112730.0,1266198.0,2822976.0,1414272.0,825108.0,705918.0,1368858.0,1467168.0,2369358.0,3209082.0,8090304.0,8465448.0,140940.0,185484.0,0.925871379479626
POC_c-high_p-low_b-low,high,low,low,True,263,24708.0,14094.0,10614.0,0.014025297305587802,0.0,0.0,0.0,0.0,0.0,0.0,0.0,0.0,0.0,0.0,5904168.0,2477238.0,3428670.0,0.0056667818670762,4612740.0,2328816.0,2286708.0,2335254.0,619788.0,1715466.0,2182830.0,1684146.0,498684.0,0.39644132555998723,11612238.0,6954780.0,4661808.0,0.0544244585300232,12253428.0,6032406.0,6225198.0,9437934.0,4098570.0,5339364.0,1785762.0,1483176.0,302586.0,0.8126602198332062,41480382.0,14444436.0,27059436.0,0.08267123194297821,14286096.0,7790154.0,6501684.0,11329488.0,5781846.0,5547642.0,1719294.0,1366074.0,353220.0,0.2730834739312206,464406.0,228636.0,235770.0,0.01442980013613,1314396.0,722970.0,592296.0,416904.0,225156.0,191748.0,885138.0,489984.0,395154.0,0.0026731019120102,7202208.0,4861038.0,7202208.0,0.0,15123210.0,3322704.0,2472192.0,1605498.0,7661916.0,7461294.0,2851686.0,471018.0,4375230.0,2826978.0,1198338.0,1273854.0,3287730.0,1573308.0,890532.0,714966.0,2153250.0,2289144.0,2952606.0,4029840.0,9517452.0,9937836.0,195228.0,250038.0,0.897714499812663
POC_c-high_p-low_b-moderate,high,low,moderate,True,263,24708.0,14094.0,10614.0,0.014024162197345003,0.0,0.0,0.0,0.0,0.0,0.0,0.0,0.0,0.0,0.0,4995714.0,2091306.0,2905626.0,0.0038365101550290005,4184352.0,2200578.0,1986036.0,1972116.0,514344.0,1457772.0,2131152.0,1664484.0,466668.0,0.39686941427396344,10737888.0,6423036.0,4318680.0,0.05124676898503401,11211690.0,5543466.0,5671878.0,8521128.0,3677316.0,4843812.0,1759662.0,1464906.0,294756.0,0.7936727357158275,39197328.0,13489002.0,25727988.0,0.07816722550000761,13357458.0,7333056.0,6029622.0,10498986.0,5375556.0,5123430.0,1689018.0,1355982.0,333036.0,0.267845441918743,56376.0,25578.0,30798.0,0.00676938308273,998586.0,550884.0,448224.0,118842.0,66816.0,52026.0,872088.0,480066.0,392022.0,0.0,6755202.0,4542270.0,6755202.0,0.0,13899816.0,3300606.0,2460186.0,1596102.0,7136088.0,6763728.0,2835852.0,464754.0,4066206.0,2688996.0,1175022.0,1285164.0,3047088.0,1495182.0,872436.0,723666.0,1807512.0,1928268.0,2614350.0,3557256.0,8755158.0,9154836.0,25056.0,33060.0,2.108024691358024
POC_c-high_p-low_b-none,high,low,none,True,263,24708.0,14094.0,10614.0,0.0140252099563692,0.0,0.0,0.0,0.0,0.0,0.0,0.0,0.0,0.0,0.0,7017942.0,2951562.0,4068468.0,0.006688425005872601,5250624.0,2552406.0,2700828.0,2840898.0,775518.0,2065380.0,2295930.0,1746786.0,549144.0,0.4061760662001778,12876696.0,7729950.0,5152488.0,0.0593792591551602,13871976.0,6827760.0,7049436.0,10832544.0,4773168.0,6059376.0,1845618.0,1519194.0,326424.0,0.8410858231313245,45277236.0,16155552.0,29148654.0,0.08683701449674221,15914040.0,8664504.0,7255800.0,12737670.0,6549882.0,6187788.0,1769580.0,1386084.0,383496.0,0.28120346422309545,507732.0,244818.0,262914.0,0.01442980013613,1384170.0,754638.0,630228.0,460752.0,241164.0,219588.0,910542.0,505992.0,404550.0,0.0022028339830456,7986600.0,5390346.0,7986600.0,0.0,17022072.0,3411618.0,2530656.0,1643256.0,8548098.0,8473974.0,2906496.0,505122.0,4855296.0,3131304.0,1233138.0,1297518.0,3634512.0,1755834.0,911238.0,732018.0,2632272.0,2789916.0,3491136.0,4837374.0,10818102.0,11277636.0,218718.0,279270.0,0.907470870459218
POC_c-high_p-moderate_b-high,high,moderate,high,True,263,24708.0,14094.0,10614.0,0.014024074920043799,0.0,0.0,0.0,0.0,0.0,0.0,0.0,0.0,0.0,0.0,3022902.0,1275072.0,1748526.0,0.0006947002789326,3500532.0,2118450.0,1384344.0,1247232.0,355656.0,891576.0,2205972.0,1748526.0,457446.0,0.4131966671319976,8794308.0,5248362.0,3549252.0,0.0408874411662178,10041192.0,5278290.0,4765860.0,7352370.0,3324444.0,4027926.0,1892598.0,1589838.0,302760.0,0.8367021007670512,31269714.0,11264412.0,20020266.0,0.055607395777884205,11820168.0,6920676.0,4903320.0,8935074.0,4875132.0,4059942.0,1899036.0,1499706.0,399330.0,0.2857087043898542,41064.0,19836.0,21228.0,0.005581337788503,1145964.0,631272.0,515214.0,122322.0,65424.0,56898.0,1016160.0,561324.0,454836.0,0.0,10030578.0,7496442.0,10030578.0,0.0,12469188.0,3566826.0,4580724.0,3351762.0,6910236.0,5558952.0,3060312.0,506514.0,5686668.0,4343910.0,2101224.0,2479500.0,4592382.0,2904060.0,1690236.0,1661526.0,1121082.0,1219392.0,2243208.0,3066054.0,7050828.0,7457466.0,19140.0,26622.0,2.978813559322033
POC_c-high_p-moderate_b-low,high,moderate,low,True,263,24708.0,14094.0,10614.0,0.014024249480175199,0.0,0.0,0.0,0.0,0.0,0.0,0.0,0.0,0.0,0.0,3964590.0,1683450.0,2282184.0,0.002815804401612,4085346.0,2352132.0,1735650.0,1649346.0,481632.0,1167714.0,2369532.0,1848750.0,520782.0,0.4190191836118708,9993690.0,5959500.0,4037496.0,0.04491327837093641,11608236.0,6067380.0,5544684.0,8696346.0,3983904.0,4712442.0,1980990.0,1647954.0,333036.0,0.8706946796845084,35039598.0,13028772.0,22030140.0,0.0601738736985134,13587486.0,7903950.0,5688930.0,10431126.0,5709636.0,4721490.0,2010570.0,1560606.0,449964.0,0.29774778771118965,42978.0,23490.0,19488.0,0.005432832126724801,1203036.0,663114.0,540618.0,127368.0,70296.0,57072.0,1067142.0,587424.0,479718.0,0.0,11376816.0,8548968.0,11376816.0,0.0,14348040.0,3735780.0,4818234.0,3543510.0,7816428.0,6531612.0,3175500.0,560280.0,6533352.0,4843464.0,2264958.0,2553276.0,5292384.0,3256584.0,1830654.0,1712856.0,1500402.0,1613328.0,2781738.0,3798768.0,8422992.0,8872086.0,21402.0,26100.0,2.9635627530364372
POC_c-high_p-moderate_b-moderate,high,moderate,moderate,True,263,24708.0,14094.0,10614.0,0.014024249480175199,0.0,0.0,0.0,0.0,0.0,0.0,0.0,0.0,0.0,0.0,3204558.0,1356156.0,1849098.0,0.0016302848875956,3650868.0,2174478.0,1478826.0,1334058.0,384888.0,949170.0,2265654.0,1773930.0,491724.0,0.41691497455714643,9312828.0,5561214.0,3754572.0,0.0420266698410088,10668984.0,5602626.0,5069490.0,7903602.0,3616068.0,4287534.0,1914348.0,1594536.0,319812.0,0.8493368624765354,33052866.0,12086388.0,20981964.0,0.05721911456815341,12557058.0,7336362.0,5225046.0,9582006.0,5262456.0,4319550.0,1920438.0,1503360.0,417078.0,0.2898696661244478,57420.0,26796.0,30624.0,0.005593713260318001,1185984.0,650586.0,535920.0,139548.0,72558.0,66990.0,1038084.0,573504.0,464580.0,0.0,10598514.0,7944318.0,10598514.0,0.0,13171974.0,3607368.0,4717140.0,3469386.0,7253886.0,5918088.0,3070926.0,536442.0,6040236.0,4558278.0,2187006.0,2530134.0,4883484.0,3060834.0,1762620.0,1706766.0,1201470.0,1303956.0,2466102.0,3356808.0,7630770.0,8055156.0,27492.0,36714.0,2.43030303030303
POC_c-high_p-moderate_b-none,high,moderate,none,True,263,24708.0,14094.0,10614.0,0.0140255593864608,0.0,0.0,0.0,0.0,0.0,0.0,0.0,0.0,0.0,0.0,5865540.0,2505426.0,3361680.0,0.0060872312072028,5057832.0,2700828.0,2359962.0,2478630.0,746460.0,1732170.0,2478108.0,1922700.0,555408.0,0.4241903051960737,11090064.0,6648714.0,4444656.0,0.048186822921001404,13196160.0,6854382.0,6346128.0,10025184.0,4631706.0,5393478.0,2081910.0,1713378.0,368532.0,0.9041518160627431,37561554.0,14379708.0,23202552.0,0.061969839325438605,14957910.0,8656326.0,6308196.0,11593272.0,6370314.0,5222958.0,2076864.0,1573482.0,503382.0,0.30855225793033264,609174.0,291972.0,317202.0,0.013712022770868002,1709724.0,927246.0,783174.0,574896.0,287448.0,287448.0,1118472.0,630750.0,487722.0,0.0032547490873088003,12641274.0,9539898.0,12641274.0,0.0,16403154.0,3849576.0,5005632.0,3702894.0,8749416.0,7653738.0,3267198.0,582378.0,7378644.0,5262630.0,2429388.0,2576244.0,5963850.0,3576048.0,1961328.0,1741566.0,2274354.0,2433216.0,3332796.0,4579680.0,9512058.0,10001520.0,271266.0,345042.0,0.9437303627534991
POC_c-low_p-baseline_b-high,low,baseline,high,True,263,24708.0,14094.0,10614.0,0.014025472020633001,0.0,0.0,0.0,0.0,0.0,0.0,0.0,0.0,0.0,0.0,6614958.0,2689344.0,3927528.0,0.006070119803103601,4254300.0,1838136.0,2418600.0,2357526.0,455010.0,1902516.0,1796898.0,1363638.0,433260.0,0.3563828255270276,12068988.0,7075188.0,4998672.0,0.0643296934611428,10655412.0,4523130.0,6135588.0,8307630.0,2993148.0,5314482.0,1432542.0,1200078.0,232464.0,0.6885565564485254,45972714.0,13918782.0,32078466.0,0.10547882172234961,11605800.0,5768970.0,5841354.0,9183372.0,4172520.0,5010852.0,1394958.0,1123692.0,271266.0,0.1997352801201508,381234.0,195054.0,186180.0,0.0172142812944742,847032.0,477630.0,369750.0,290232.0,169128.0,121104.0,547578.0,303282.0,244296.0,0.0033537528618278003,3104856.0,1911738.0,3104856.0,0.0,13253580.0,2673162.0,920460.0,526698.0,5842572.0,7411008.0,2331774.0,341388.0,2042760.0,1062096.0,456054.0,464406.0,1442112.0,469626.0,318594.0,208104.0,2195358.0,2316462.0,2226504.0,3047262.0,7884462.0,8232462.0,120060.0,164082.0,0.761296211775445
POC_c-low_p-baseline_b-low,low,baseline,low,True,263,24708.0,14094.0,10614.0,0.0140262585124712,0.0,0.0,0.0,0.0,0.0,0.0,0.0,0.0,0.0,0.0,8396892.0,3417882.0,4981446.0,0.007965017989673601,5086716.0,2051460.0,3038040.0,3066750.0,618918.0,2447832.0,1892424.0,1405398.0,487026.0,0.3653099426848706,13965588.0,8197662.0,5772276.0,0.07240764527409041,12592380.0,5321094.0,7276158.0,10028316.0,3700458.0,6327858.0,1466820.0,1211040.0,255780.0,0.7179442579790575,49928430.0,15475212.0,34477752.0,0.11160998625018241,13235310.0,6504990.0,6734670.0,10616958.0,4840506.0,5776452.0,1432194.0,1121604.0,310590.0,0.21256065362815563,447354.0,223764.0,223590.0,0.0180186869624404,915762.0,517302.0,398808.0,345390.0,197838.0,147552.0,559236.0,312678.0,246558.0,0.0030072396510116,3554298.0,2207538.0,3554298.0,0.0,15526020.0,2707092.0,953346.0,550884.0,6706656.0,8819364.0,2344476.0,362616.0,2358744.0,1195554.0,486330.0,467016.0,1669008.0,538530.0,339648.0,211236.0,2875002.0,3016986.0,2798442.0,3906996.0,9214866.0,9598014.0,142158.0,197664.0,0.7720731232983271
POC_c-low_p-baseline_b-moderate,low,baseline,moderate,True,263,24708.0,14094.0,10614.0,0.014026083697729601,0.0,0.0,0.0,0.0,0.0,0.0,0.0,0.0,0.0,0.0,7391172.0,3016116.0,4376796.0,0.006182106441801801,4604388.0,1929660.0,2677164.0,2656632.0,527742.0,2128890.0,1838136.0,1380864.0,457272.0,0.3592552379712598,12896184.0,7558386.0,5342148.0,0.0680191852522384,11512710.0,4865736.0,6649932.0,9062790.0,3288426.0,5774364.0,1460556.0,1215390.0,245166.0,0.7029751031771952,47780922.0,14648538.0,33155700.0,0.10877113309708202,12366876.0,6112794.0,6257910.0,9854490.0,4484850.0,5369640.0,1416186.0,1125432.0,290754.0,0.206188549963499,432390.0,214194.0,218196.0,0.017486541674401203,902190.0,503904.0,398634.0,337212.0,190530.0,146682.0,552972.0,306066.0,246906.0,0.0027473547428994,3313830.0,2051982.0,3313830.0,0.0,14251992.0,2703786.0,929682.0,539226.0,6216150.0,8035842.0,2346564.0,357222.0,2182830.0,1131000.0,463884.0,465798.0,1543554.0,508428.0,326250.0,212976.0,2476020.0,2611218.0,2482458.0,3411096.0,8510340.0,8877306.0,137808.0,190704.0,0.779879275653923
POC_c-low_p-baseline_b-none,low,baseline,none,True,263,24708.0,14094.0,10614.0,0.014026345928154202,0.0,0.0,0.0,0.0,0.0,0.0,0.0,0.0,0.0,0.0,9589488.0,3911172.0,5681274.0,0.009102809787667001,5648736.0,2196750.0,3454944.0,3557604.0,745764.0,2811840.0,1945494.0,1416534.0,528960.0,0.37127347566776164,15263454.0,8932986.0,6334992.0,0.08118559845074921,14054850.0,5888508.0,8171736.0,11322876.0,4215150.0,7107726.0,1489962.0,1213302.0,276660.0,0.7418690849472096,53533710.0,16800396.0,36762198.0,0.1191819356221464,14542572.0,7058484.0,7489656.0,11782236.0,5354154.0,6428082.0,1446114.0,1109772.0,336342.0,0.2200224856749772,489984.0,244470.0,245514.0,0.018526081306849802,966744.0,551754.0,415512.0,380364.0,217326.0,163038.0,575418.0,327468.0,247950.0,0.0025988490811212003,3906822.0,2439132.0,3906822.0,0.0,17152224.0,2712486.0,949170.0,547578.0,7302258.0,9849966.0,2322552.0,389934.0,2616786.0,1290036.0,492768.0,456402.0,1858494.0,580638.0,341214.0,206364.0,3335754.0,3500184.0,3239358.0,4581246.0,10327248.0,10719270.0,161298.0,214194.0,0.7762784090909091
POC_c-low_p-high_b-high,low,high,high,True,263,24708.0,14094.0,10614.0,0.0140252099563692,0.0,0.0,0.0,0.0,0.0,0.0,0.0,0.0,0.0,0.0,3235008.0,1348152.0,1888074.0,0.0017693052584444,3675402.0,2178654.0,1498314.0,1340322.0,378624.0,961698.0,2280444.0,1782804.0,497640.0,0.42030531683537803,8046282.0,4681818.0,3367770.0,0.0366048746001862,9707982.0,5070186.0,4641276.0,6951126.0,3071274.0,3879852.0,1993170.0,1655088.0,338082.0,0.8657702310318678,30182388.0,10889094.0,19310694.0,0.048197272689241004,10776168.0,6536136.0,4243860.0,7849662.0,4456836.0,3392826.0,2058942.0,1581486.0,477456.0,0.25997903543509865,441612.0,224112.0,217500.0,0.012437349173937202,1433934.0,786654.0,647976.0,425604.0,225678.0,199926.0,992670.0,553320.0,439350.0,0.003514633995421,13101504.0,10835676.0,13101504.0,0.0,12284052.0,3724644.0,6598950.0,5410356.0,6765120.0,5518932.0,3159840.0,564804.0,7393434.0,5708070.0,3054744.0,3544206.0,6382842.0,4452834.0,2641494.0,2768862.0,1187028.0,1297866.0,1947060.0,2770428.0,5878068.0,6314982.0,154686.0,213150.0,0.96375098502758
POC_c-low_p-high_b-low,low,high,low,True,263,24708.0,14094.0,10614.0,0.014025297305587802,0.0,0.0,0.0,0.0,0.0,0.0,0.0,0.0,0.0,0.0,5154228.0,2154816.0,3000978.0,0.005310264713460801,4610304.0,2500206.0,2112360.0,2124018.0,619266.0,1504752.0,2400852.0,1852230.0,548622.0,0.41282180194695706,9115164.0,5318136.0,3800682.0,0.0393593064726538,11203164.0,5789502.0,5417316.0,8233854.0,3682362.0,4551492.0,2065554.0,1693716.0,371838.0,0.9045760094552691,32764200.0,12284400.0,20500158.0,0.05096730228505301,12171996.0,7316874.0,4859820.0,9021030.0,5133000.0,3888030.0,2158818.0,1618548.0,540270.0,0.27524003003335024,600822.0,303456.0,297366.0,0.012820988800198002,1634904.0,902712.0,733410.0,579768.0,305022.0,274746.0,1039824.0,588468.0,451356.0,0.0029206113483076003,14688906.0,12169038.0,14688906.0,0.0,14251818.0,3830088.0,6945384.0,5701980.0,7618068.0,6633750.0,3222132.0,607956.0,8447004.0,6241902.0,3343758.0,3601626.0,7296168.0,4872870.0,2891358.0,2810622.0,1912782.0,2072862.0,2460012.0,3476346.0,7005588.0,7481304.0,222894.0,307806.0,0.9649580075296841
POC_c-low_p-high_b-moderate,low,high,moderate,True,263,24708.0,14094.0,10614.0,0.0140244240624248,0.0,0.0,0.0,0.0,0.0,0.0,0.0,0.0,0.0,0.0,4113882.0,1723470.0,2391630.0,0.0034330193116596007,4098396.0,2332296.0,1768362.0,1695978.0,487374.0,1208604.0,2336646.0,1823172.0,513474.0,0.41631364247082986,8411508.0,4888530.0,3525936.0,0.036704451439781204,10315242.0,5357634.0,4960566.0,7463382.0,3309480.0,4153902.0,2021880.0,1669182.0,352698.0,0.8888056367750868,31263102.0,11526630.0,19752480.0,0.0495300052037166,11366724.0,6865692.0,4505730.0,8356350.0,4757160.0,3599190.0,2085390.0,1576092.0,509298.0,0.267253065467899,120930.0,62292.0,58638.0,0.005630839675762601,1238880.0,685212.0,554364.0,203406.0,107358.0,96048.0,1024512.0,571590.0,452922.0,0.0,13806552.0,11414748.0,13806552.0,0.0,13117512.0,3782238.0,6840810.0,5603496.0,7124082.0,5993430.0,3199860.0,582378.0,7851576.0,5954976.0,3232746.0,3608064.0,6777996.0,4636752.0,2788698.0,2814798.0,1518846.0,1650912.0,2144724.0,3039432.0,6365268.0,6820452.0,46284.0,66120.0,1.682014388489208
POC_c-low_p-high_b-none,low,high,none,True,263,24708.0,14094.0,10614.0,0.014026083697729601,0.0,0.0,0.0,0.0,0.0,0.0,0.0,0.0,0.0,0.0,4992060.0,2097744.0,2896056.0,0.004573316838829,4716096.0,2579550.0,2139504.0,2122278.0,629358.0,1492920.0,2508210.0,1922874.0,585336.0,0.42738811360777984,10243554.0,6021966.0,4225242.0,0.044771016805752205,12556536.0,6471930.0,6088608.0,9430452.0,4284924.0,5145528.0,2099310.0,1713204.0,386106.0,0.9222125833165574,35465376.0,13586964.0,21898422.0,0.0533084219049512,13439412.0,8015658.0,5428974.0,10086084.0,5717466.0,4368618.0,2230680.0,1654218.0,576462.0,0.2843511696342688,762816.0,386280.0,376536.0,0.015964358641173,1822302.0,1001718.0,821628.0,696522.0,359310.0,337212.0,1105596.0,631794.0,473802.0,0.005865973640245001,15994602.0,13265238.0,15994602.0,0.0,15630420.0,3896382.0,7092588.0,5829522.0,8342430.0,7287990.0,3273810.0,622572.0,9278898.0,6715704.0,3480174.0,3612414.0,8004348.0,5260890.0,3009504.0,2820018.0,1919916.0,2073384.0,2976792.0,4168518.0,8035494.0,8524782.0,303978.0,400722.0,0.9130930656934301
POC_c-low_p-low_b-high,low,low,high,True,263,24708.0,14094.0,10614.0,0.0140246859772792,0.0,0.0,0.0,0.0,0.0,0.0,0.0,0.0,0.0,0.0,5994822.0,2473236.0,3523152.0,0.005018565962898401,4271352.0,2038584.0,2235030.0,2219718.0,498162.0,1721556.0,1958022.0,1520760.0,437262.0,0.3699476814265684,11159490.0,6561018.0,4602822.0,0.0570711933378926,10700652.0,4910976.0,5792982.0,8195748.0,3200556.0,4995192.0,1599756.0,1347978.0,251778.0,0.7348569131505989,41745210.0,13575828.0,28193220.0,0.08827655776895481,11641470.0,6297060.0,5348586.0,9045912.0,4530786.0,4515126.0,1589664.0,1254018.0,335646.0,0.21661642248214102,128586.0,63510.0,65076.0,0.008266815172328402,837462.0,480936.0,356874.0,168258.0,97962.0,70296.0,659982.0,377928.0,282054.0,0.0,6163080.0,4154772.0,6163080.0,0.0,13384602.0,2983056.0,2195880.0,1423146.0,6386148.0,6998454.0,2606694.0,376362.0,3806946.0,2356134.0,1049394.0,1146486.0,2855514.0,1299258.0,781434.0,641712.0,2040324.0,2172042.0,2148552.0,3007068.0,7394478.0,7787196.0,40020.0,58638.0,1.3085250338294991
POC_c-low_p-low_b-low,low,low,low,True,263,24708.0,14094.0,10614.0,0.014025734134728601,0.0,0.0,0.0,0.0,0.0,0.0,0.0,0.0,0.0,0.0,7047174.0,2874480.0,4174260.0,0.005730860515352,4878090.0,2226330.0,2654196.0,2718576.0,631620.0,2086956.0,2049372.0,1568958.0,480414.0,0.38638278518590924,12806226.0,7544466.0,5266632.0,0.064682936188105,12456660.0,5719728.0,6740064.0,9746436.0,3911868.0,5834568.0,1638036.0,1366422.0,271614.0,0.761255909396265,45485340.0,15152790.0,30356388.0,0.0957410569944194,13173888.0,7070316.0,6108618.0,10393020.0,5222436.0,5170584.0,1631250.0,1263066.0,368184.0,0.22838864381718502,489984.0,244470.0,245514.0,0.0166326341191756,1107336.0,625182.0,482502.0,411684.0,224982.0,186702.0,682080.0,392892.0,289188.0,0.003960150980756001,6960870.0,4714530.0,6960870.0,0.0,15365244.0,3017682.0,2242860.0,1462296.0,7248318.0,8116926.0,2624268.0,393414.0,4345824.0,2615046.0,1100202.0,1142658.0,3257106.0,1457424.0,823368.0,638928.0,2511168.0,2663244.0,2686038.0,3790938.0,8660502.0,9075840.0,169650.0,231594.0,0.8401988636363631
POC_c-low_p-low_b-moderate,low,low,moderate,True,263,24708.0,14094.0,10614.0,0.014025472020633001,0.0,0.0,0.0,0.0,0.0,0.0,0.0,0.0,0.0,0.0,6536136.0,2701698.0,3836178.0,0.006045989369357201,4530786.0,2124540.0,2408508.0,2441568.0,565152.0,1876416.0,1987080.0,1537638.0,449442.0,0.3736791300561416,11857056.0,6981228.0,4880526.0,0.0586758851878714,11435976.0,5244534.0,6194400.0,8849118.0,3492702.0,5356416.0,1613850.0,1355634.0,258216.0,0.7466281616711086,43214814.0,14201010.0,29035032.0,0.090192066302789,12301278.0,6623484.0,5682144.0,9610020.0,4815798.0,4794222.0,1622202.0,1271244.0,350958.0,0.22229171392477082,459012.0,225330.0,233682.0,0.0159396076975434,1071318.0,600996.0,470670.0,388194.0,212976.0,175218.0,670422.0,380712.0,289710.0,0.0035641358826804005,6495594.0,4394892.0,6495594.0,0.0,14227632.0,2998368.0,2210496.0,1444722.0,6752592.0,7475040.0,2617482.0,380886.0,4014006.0,2481588.0,1061400.0,1149096.0,3013680.0,1381212.0,793614.0,651108.0,2243034.0,2389368.0,2379624.0,3343410.0,7924308.0,8330772.0,153990.0,208800.0,0.845716451857467
POC_c-low_p-low_b-none,low,low,none,True,263,24708.0,14094.0,10614.0,0.014025646757825801,0.0,0.0,0.0,0.0,0.0,0.0,0.0,0.0,0.0,0.0,8674248.0,3585096.0,5091240.0,0.008989339953549601,5594970.0,2437044.0,3160536.0,3344454.0,816234.0,2528220.0,2114274.0,1587750.0,526524.0,0.38616851287452747,13854576.0,8151030.0,5709462.0,0.06746659969758081,13964196.0,6397632.0,7571262.0,11069880.0,4511124.0,6558756.0,1676838.0,1385388.0,291450.0,0.7991794171651743,48839190.0,16582722.0,32285178.0,0.100399184249838,14478540.0,7712550.0,6771558.0,11539680.0,5807424.0,5732256.0,1674054.0,1267938.0,406116.0,0.2362014420480476,527046.0,264828.0,262218.0,0.016583132231916202,1165626.0,662418.0,503730.0,449964.0,247950.0,202014.0,701568.0,406464.0,295104.0,0.0034898830517912003,7610412.0,5163624.0,7610412.0,0.0,17170668.0,3046914.0,2285490.0,1492398.0,7994778.0,9175890.0,2626356.0,420558.0,4781694.0,2828718.0,1144572.0,1140918.0,3591708.0,1571916.0,850686.0,641712.0,3092850.0,3279030.0,3159840.0,4530960.0,9721902.0,10161252.0,193488.0,252822.0,0.8537471112578401
POC_c-low_p-moderate_b-high,low,moderate,high,True,263,24708.0,14094.0,10614.0,0.0140255593864608,0.0,0.0,0.0,0.0,0.0,0.0,0.0,0.0,0.0,0.0,5305260.0,2189964.0,3117036.0,0.0048782845788838,4253430.0,2209800.0,2046588.0,2046240.0,517998.0,1528242.0,2118102.0,1668834.0,449268.0,0.3857055964275826,9592446.0,5633250.0,3962676.0,0.0448801247824762,10366746.0,5121168.0,5248014.0,7694976.0,3233094.0,4461882.0,1818822.0,1527894.0,290928.0,0.803134508783638,35551158.0,12340602.0,23230044.0,0.06409502016053521,11324964.0,6556668.0,4773342.0,8525826.0,4605606.0,3920220.0,1856580.0,1437240.0,419340.0,0.23974193508764002,453444.0,230724.0,222720.0,0.0133283831446072,1262370.0,708354.0,554364.0,424212.0,231942.0,192270.0,824238.0,469452.0,354786.0,0.002883484932863,9986904.0,7520802.0,9986904.0,0.0,13164144.0,3367074.0,4335906.0,3184374.0,6750156.0,6413988.0,2917284.0,449790.0,5854926.0,4131978.0,2031102.0,2304804.0,4737324.0,2783478.0,1631250.0,1553124.0,1845966.0,1996998.0,2067990.0,2932944.0,6615654.0,7048392.0,153642.0,217848.0,0.935533384497313
POC_c-low_p-moderate_b-low,low,moderate,low,True,263,24708.0,14094.0,10614.0,0.014024074920043799,0.0,0.0,0.0,0.0,0.0,0.0,0.0,0.0,0.0,0.0,6552318.0,2719794.0,3834612.0,0.006339145864353001,4928550.0,2457054.0,2473932.0,2583378.0,690258.0,1893120.0,2237640.0,1736868.0,500772.0,0.3949796905953906,11073882.0,6514386.0,4563324.0,0.050567039573801396,12048630.0,5927832.0,6123582.0,9189114.0,3937794.0,5251320.0,1868064.0,1554168.0,313896.0,0.8301169350615247,39135906.0,14007696.0,25150830.0,0.06956661036546041,12934638.0,7452072.0,5487786.0,9881634.0,5368422.0,4513212.0,1944798.0,1468038.0,476760.0,0.2523962197060438,36366.0,19140.0,17226.0,0.0055318359012436,1012854.0,579420.0,434130.0,119886.0,66642.0,53244.0,884790.0,507732.0,377058.0,0.0,11249100.0,8494332.0,11249100.0,0.0,15148614.0,3458076.0,4561236.0,3366030.0,7658088.0,7490526.0,2976270.0,481806.0,6694302.0,4554798.0,2199012.0,2362224.0,5422536.0,3071796.0,1779324.0,1586706.0,2355612.0,2525958.0,2620614.0,3723426.0,7888986.0,8350608.0,17922.0,22794.0,3.296650717703349
POC_c-low_p-moderate_b-moderate,low,moderate,moderate,True,263,24708.0,14094.0,10614.0,0.014024162197345003,0.0,0.0,0.0,0.0,0.0,0.0,0.0,0.0,0.0,0.0,5850054.0,2416512.0,3435630.0,0.0048278044544334,4560018.0,2311590.0,2250864.0,2296452.0,593340.0,1703112.0,2170476.0,1694760.0,475716.0,0.39292746998673206,10298886.0,6051720.0,4250646.0,0.0489167196222684,11157750.0,5481870.0,5678316.0,8379840.0,3536028.0,4843812.0,1839702.0,1539030.0,300672.0,0.8138960245847684,37012932.0,12997626.0,24032706.0,0.06736673137657741,11955018.0,6894054.0,5065488.0,9083670.0,4918632.0,4165038.0,1878156.0,1433064.0,445092.0,0.245319649965524,53070.0,26970.0,26100.0,0.0058783491120598,985362.0,556104.0,429606.0,130326.0,71340.0,58986.0,847554.0,480936.0,366618.0,0.0,10547358.0,7935618.0,10547358.0,0.0,14079036.0,3401352.0,4463274.0,3270852.0,7145136.0,6933900.0,2939904.0,461448.0,6239640.0,4307718.0,2117232.0,2346042.0,5040606.0,2895012.0,1696326.0,1574526.0,2082606.0,2241120.0,2322204.0,3292602.0,7141482.0,7582746.0,21402.0,29058.0,2.455737704918033
POC_c-low_p-moderate_b-none,low,moderate,none,True,263,24708.0,14094.0,10614.0,0.014025297305587802,0.0,0.0,0.0,0.0,0.0,0.0,0.0,0.0,0.0,0.0,7376904.0,3083976.0,4295886.0,0.007518332981759801,5425146.0,2633316.0,2794440.0,2987928.0,816234.0,2171694.0,2315244.0,1782630.0,532614.0,0.4053002278711336,11989122.0,7061268.0,4931682.0,0.05377489017957441,13435758.0,6606606.0,6832980.0,10386930.0,4526088.0,5860842.0,1916784.0,1581486.0,335298.0,0.8672853222597683,42406236.0,15548814.0,26882130.0,0.0755371575474312,14272350.0,8171388.0,6106008.0,11064486.0,6021444.0,5043042.0,1973334.0,1464558.0,508776.0,0.26088589613301905,602040.0,305544.0,296496.0,0.0161376152465812,1468212.0,825108.0,643626.0,534180.0,286230.0,247950.0,917850.0,530004.0,387846.0,0.0053957057112802,12342168.0,9356850.0,12342168.0,0.0,16754982.0,3510624.0,4622136.0,3419796.0,8417772.0,8337210.0,3011766.0,498858.0,7401612.0,4940556.0,2266872.0,2355264.0,6008916.0,3347934.0,1835352.0,1584444.0,2733018.0,2926332.0,3103464.0,4431258.0,8984664.0,9482130.0,232290.0,303978.0,0.8872832369942191
POC_c-moderate_p-baseline_b-high,moderate,baseline,high,True,263,24708.0,14094.0,10614.0,0.0140255593864608,0.0,0.0,0.0,0.0,0.0,0.0,0.0,0.0,0.0,0.0,5760792.0,2375274.0,3386910.0,0.0046750817442390005,4046022.0,1887378.0,2160906.0,2096526.0,450486.0,1646040.0,1859712.0,1417230.0,442482.0,0.3640715195037286,11469036.0,6774342.0,4698348.0,0.0583166710122708,10583202.0,4716096.0,5870760.0,8167038.0,3103290.0,5063748.0,1506318.0,1255932.0,250386.0,0.7120248423347895,44271864.0,13687884.0,30608340.0,0.1005814551519866,12247512.0,6169170.0,6083736.0,9734778.0,4490940.0,5243838.0,1427148.0,1169628.0,257520.0,0.2199045221147112,338082.0,164430.0,173652.0,0.014949569952354403,930552.0,510864.0,420036.0,279966.0,157644.0,122322.0,640320.0,346782.0,293538.0,0.0021904585112306,3221958.0,1981860.0,3221958.0,0.0,13106028.0,2817930.0,990582.0,571242.0,6069294.0,7036734.0,2430432.0,387498.0,2074254.0,1147704.0,484068.0,506514.0,1463862.0,517998.0,338256.0,232986.0,1948974.0,2058420.0,2323422.0,3145572.0,8405592.0,8748546.0,116406.0,157122.0,0.8281008749356661
POC_c-moderate_p-baseline_b-low,moderate,baseline,low,True,263,24708.0,14094.0,10614.0,0.014025646757825801,0.0,0.0,0.0,0.0,0.0,0.0,0.0,0.0,0.0,0.0,7581876.0,3118602.0,4465362.0,0.0072077556382790006,4890444.0,2102094.0,2791482.0,2813928.0,615438.0,2198490.0,1961850.0,1458990.0,502860.0,0.3712477038504504,13482390.0,8007132.0,5479434.0,0.0691500928305456,12626658.0,5599494.0,7031862.0,9986208.0,3897948.0,6088260.0,1537290.0,1260804.0,276486.0,0.7405824612547727,48352338.0,15265368.0,33113244.0,0.10613078587992722,13920348.0,6941034.0,6985404.0,11208036.0,5191290.0,6016746.0,1477086.0,1172064.0,305022.0,0.23172973809589342,402810.0,199056.0,203754.0,0.0160386114720622,995628.0,552276.0,443874.0,328686.0,186876.0,141810.0,655980.0,358788.0,297192.0,0.002338964173009,3660960.0,2263566.0,3660960.0,0.0,15502182.0,2847336.0,1020858.0,585858.0,7021248.0,8480934.0,2434434.0,412902.0,2383974.0,1276986.0,511734.0,509124.0,1685886.0,577680.0,355308.0,230550.0,2633838.0,2764686.0,2966352.0,4059246.0,9754092.0,10138632.0,146334.0,195228.0,0.8159827213822891
POC_c-moderate_p-baseline_b-moderate,moderate,baseline,moderate,True,263,24708.0,14094.0,10614.0,0.014025646757825801,0.0,0.0,0.0,0.0,0.0,0.0,0.0,0.0,0.0,0.0,6479412.0,2648280.0,3833394.0,0.005530494816774201,4387410.0,1973508.0,2416512.0,2377188.0,511386.0,1865802.0,1912260.0,1443156.0,469104.0,0.3668899804842446,12386538.0,7333056.0,5057484.0,0.0634888750678772,11491656.0,5113860.0,6381102.0,8980314.0,3466080.0,5514234.0,1522500.0,1257846.0,264654.0,0.7252372337397558,46389096.0,14500638.0,31912644.0,0.10359437809327081,13099242.0,6561192.0,6543444.0,10484544.0,4845204.0,5639340.0,1450812.0,1169454.0,281358.0,0.225968664609539,392544.0,191748.0,200796.0,0.016347998267433803,973356.0,534180.0,439524.0,314766.0,177480.0,137286.0,647280.0,350610.0,296670.0,0.0027226037992698,3428496.0,2111142.0,3428496.0,0.0,14148288.0,2840724.0,991278.0,570546.0,6498726.0,7649562.0,2437914.0,402810.0,2213802.0,1214694.0,489636.0,501642.0,1564086.0,547056.0,339822.0,230724.0,2211888.0,2335080.0,2626356.0,3575874.0,9089760.0,9455682.0,138156.0,184266.0,0.8018617021276591
POC_c-moderate_p-baseline_b-none,moderate,baseline,none,True,263,24708.0,14094.0,10614.0,0.01402599629867,0.0,0.0,0.0,0.0,0.0,0.0,0.0,0.0,0.0,0.0,8901840.0,3630162.0,5274288.0,0.008351825049278401,5589054.0,2308284.0,3284076.0,3400134.0,767688.0,2632446.0,2050764.0,1507014.0,543750.0,0.38289576095503564,14941206.0,8860080.0,6086694.0,0.07574170379104181,14288532.0,6330642.0,7963458.0,11451462.0,4550970.0,6900492.0,1568436.0,1274724.0,293712.0,0.7664794080287907,51885234.0,16728360.0,35186802.0,0.11192102641482941,15362286.0,7610586.0,7758834.0,12475974.0,5791068.0,6684906.0,1504404.0,1174674.0,329730.0,0.2403778381573954,478848.0,237684.0,241164.0,0.0179320586597364,1058094.0,590556.0,467886.0,377928.0,212280.0,165648.0,669378.0,371316.0,298062.0,0.0031309943691602005,4048110.0,2524914.0,4048110.0,0.0,17409396.0,2879004.0,1031994.0,601344.0,7811034.0,9598362.0,2445744.0,433260.0,2654196.0,1393914.0,525654.0,506340.0,1890162.0,634752.0,369228.0,232116.0,3185418.0,3343932.0,3495834.0,4860864.0,10949472.0,11353326.0,170694.0,231246.0,0.789244186046511
POC_c-moderate_p-high_b-high,moderate,high,high,True,263,24708.0,14094.0,10614.0,0.014024773293294202,0.0,0.0,0.0,0.0,0.0,0.0,0.0,0.0,0.0,0.0,3189420.0,1339974.0,1850664.0,0.0016357052532612,3701502.0,2223894.0,1479696.0,1337364.0,399504.0,937860.0,2310198.0,1805598.0,504600.0,0.421693634499114,7729428.0,4519302.0,3212736.0,0.0344070735123552,9634554.0,5097852.0,4540008.0,6891966.0,3103812.0,3788154.0,1990212.0,1646562.0,343650.0,0.8935786567466678,27762570.0,10243554.0,17533632.0,0.0423305880116066,10909974.0,6603126.0,4310676.0,7966590.0,4520868.0,3445722.0,2064510.0,1583052.0,481458.0,0.28686566063576946,453618.0,223764.0,229854.0,0.012004207660417,1537464.0,828066.0,710442.0,445614.0,227766.0,217848.0,1078278.0,592122.0,486156.0,0.0032176226718642004,13102548.0,10845072.0,13102548.0,0.0,12251340.0,3761184.0,6694128.0,5493180.0,6829326.0,5422014.0,3174630.0,586554.0,7352022.0,5750526.0,3118428.0,3575700.0,6341430.0,4503642.0,2692998.0,2800182.0,1188420.0,1299606.0,2025882.0,2846118.0,5995866.0,6440088.0,167910.0,229680.0,0.9823551975450711
POC_c-moderate_p-high_b-low,moderate,high,low,True,263,24708.0,14094.0,10614.0,0.014025734134728601,0.0,0.0,0.0,0.0,0.0,0.0,0.0,0.0,0.0,0.0,3091980.0,1312308.0,1780716.0,0.0016266674907658,3811818.0,2312112.0,1502316.0,1327098.0,408204.0,918894.0,2436696.0,1885638.0,551058.0,0.43219716549472464,8911584.0,5236182.0,3678882.0,0.039557539035540004,11099460.0,5847270.0,5256018.0,8135718.0,3730560.0,4405158.0,2074776.0,1702416.0,372360.0,0.9147337483621293,31189326.0,11850618.0,19355934.0,0.048258384334062404,12393846.0,7459206.0,4939338.0,9215214.0,5245404.0,3969810.0,2158470.0,1626204.0,532266.0,0.29544978547806683,540444.0,264480.0,275964.0,0.0117814491677494,1682928.0,906192.0,778302.0,534876.0,269874.0,265002.0,1131870.0,626748.0,505122.0,0.0031681207846048004,14603646.0,12089868.0,14603646.0,0.0,13733994.0,3896034.0,6991842.0,5744958.0,7618590.0,6115404.0,3269460.0,626574.0,8277876.0,6325770.0,3335058.0,3656784.0,7131912.0,4957956.0,2874480.0,2870478.0,1188246.0,1291254.0,2560236.0,3556038.0,7202730.0,7674444.0,216978.0,288318.0,0.9896973599484861
POC_c-moderate_p-high_b-moderate,moderate,high,moderate,True,263,24708.0,14094.0,10614.0,0.0140252099563692,0.0,0.0,0.0,0.0,0.0,0.0,0.0,0.0,0.0,0.0,3217782.0,1354764.0,1864584.0,0.001373096311568,3801552.0,2298018.0,1505970.0,1365378.0,408900.0,956478.0,2383626.0,1871022.0,512604.0,0.42827378386714743,8085258.0,4743762.0,3344280.0,0.03467338858706,10199532.0,5413836.0,4789002.0,7350282.0,3352806.0,3997476.0,2050590.0,1688670.0,361920.0,0.9101126970257866,29261406.0,10974528.0,18301842.0,0.044815748073176606,11552034.0,6980706.0,4575330.0,8516604.0,4851120.0,3665484.0,2104356.0,1596450.0,507906.0,0.2908744103036882,478326.0,240816.0,237510.0,0.011311181238784601,1599408.0,868608.0,732018.0,479892.0,250560.0,229332.0,1104900.0,608652.0,496248.0,0.0024132170038982004,13790370.0,11419968.0,13790370.0,0.0,12867996.0,3861582.0,6837330.0,5614980.0,7186026.0,5681970.0,3257454.0,604128.0,7756920.0,6033450.0,3200904.0,3636426.0,6691344.0,4728624.0,2761902.0,2853078.0,1217826.0,1326228.0,2243034.0,3133566.0,6523782.0,6981924.0,195228.0,255432.0,1.003273917788286
POC_c-moderate_p-high_b-none,moderate,high,none,True,263,24708.0,14094.0,10614.0,0.0140252099563692,0.0,0.0,0.0,0.0,0.0,0.0,0.0,0.0,0.0,0.0,4727754.0,1988298.0,2740848.0,0.0041178341273644,4683210.0,2619744.0,2066598.0,2044500.0,625878.0,1418622.0,2558148.0,1965678.0,592470.0,0.43431791505785783,9670224.0,5733474.0,3940578.0,0.039179614476235206,12317112.0,6474192.0,5848140.0,9161796.0,4245078.0,4916718.0,2157948.0,1760010.0,397938.0,0.9494748369114028,33456372.0,13049478.0,20423946.0,0.049101502039957404,13664220.0,8157468.0,5512494.0,10279050.0,5837700.0,4441350.0,2248776.0,1673532.0,575244.0,0.3072992859424214,693390.0,340170.0,353220.0,0.013427386919126202,1875546.0,1009026.0,868260.0,664680.0,333384.0,331296.0,1191552.0,665202.0,526350.0,0.0045541736278694005,16044018.0,13282116.0,16044018.0,0.0,15420576.0,4013658.0,7283118.0,5972550.0,8392542.0,7028034.0,3364290.0,649368.0,9213648.0,6830370.0,3553080.0,3730038.0,7945188.0,5336928.0,3066054.0,2906496.0,1848402.0,1998912.0,3050916.0,4216542.0,8218542.0,8710614.0,294408.0,382626.0,0.958594730238394
POC_c-moderate_p-low_b-high,moderate,low,high,True,263,24708.0,14094.0,10614.0,0.0140249479419226,0.0,0.0,0.0,0.0,0.0,0.0,0.0,0.0,0.0,0.0,4744284.0,1962720.0,2782782.0,0.0031114113355916,3888552.0,2027274.0,1863192.0,1797768.0,437784.0,1359984.0,2013006.0,1571046.0,441960.0,0.37916463682512364,10613826.0,6278094.0,4339560.0,0.0528306228645366,10532742.0,5023902.0,5512494.0,8005392.0,3268938.0,4736454.0,1651260.0,1394262.0,256998.0,0.7545296015744827,39945876.0,13217214.0,26749020.0,0.08351652253364142,12072990.0,6606432.0,5471778.0,9396000.0,4767948.0,4628052.0,1630032.0,1300128.0,329904.0,0.23517487467481485,312156.0,150510.0,161646.0,0.0125239774766412,1055310.0,580464.0,475368.0,291624.0,154512.0,137112.0,752724.0,419340.0,333384.0,0.0016954396386362,6236508.0,4184526.0,6236508.0,0.0,13041822.0,3110250.0,2298018.0,1481436.0,6514212.0,6527610.0,2700306.0,409944.0,3783978.0,2452530.0,1082628.0,1215390.0,2823846.0,1360680.0,799008.0,682428.0,1647780.0,1758096.0,2241120.0,3085020.0,7724904.0,8108922.0,116232.0,157644.0,0.9342251950947601
POC_c-moderate_p-low_b-low,moderate,low,low,True,263,24708.0,14094.0,10614.0,0.014025646757825801,0.0,0.0,0.0,0.0,0.0,0.0,0.0,0.0,0.0,0.0,6224676.0,2575548.0,3650694.0,0.004804673135169411,4640754.0,2248254.0,2395110.0,2427648.0,604824.0,1822824.0,2115318.0,1619418.0,495900.0,0.3917019631693182,12312762.0,7312350.0,5004936.0,0.060359227786977596,12422556.0,5913564.0,6512994.0,9642732.0,4032972.0,5609760.0,1714074.0,1425756.0,288318.0,0.7830308532445088,43812330.0,14900838.0,28935156.0,0.0904059204452156,13744608.0,7468428.0,6282618.0,10867692.0,5538768.0,5328924.0,1682058.0,1313874.0,368184.0,0.24793310314895,482502.0,235074.0,247428.0,0.0152094548604664,1219044.0,674598.0,545142.0,422646.0,225852.0,196794.0,784218.0,441960.0,342258.0,0.0026731019120102,7104594.0,4799094.0,7104594.0,0.0,15255798.0,3169236.0,2359614.0,1534680.0,7475214.0,7780584.0,2729886.0,439350.0,4360092.0,2744502.0,1154664.0,1204950.0,3270330.0,1528764.0,857124.0,677556.0,2234334.0,2376318.0,2827848.0,3916740.0,9081756.0,9509796.0,180960.0,237858.0,0.8759466282005041
POC_c-moderate_p-low_b-moderate,moderate,low,moderate,True,263,24708.0,14094.0,10614.0,0.0140252099563692,0.0,0.0,0.0,0.0,0.0,0.0,0.0,0.0,0.0,0.0,5811252.0,2419992.0,3393000.0,0.0045881871660264,4352958.0,2157078.0,2198316.0,2214498.0,548796.0,1665702.0,2046066.0,1585314.0,460752.0,0.38185075358598664,11221086.0,6658632.0,4566456.0,0.055823247787933204,11298342.0,5365812.0,5936358.0,8663634.0,3566826.0,5096808.0,1677882.0,1397046.0,280836.0,0.7726703720096705,41438100.0,13904340.0,27554640.0,0.0841834183489956,12827454.0,6992886.0,5840658.0,10067466.0,5113164.0,4954302.0,1650216.0,1309698.0,340518.0,0.24291039197451303,432912.0,212454.0,220458.0,0.014565930326093601,1163016.0,643626.0,520086.0,383148.0,207756.0,175392.0,767166.0,428562.0,338604.0,0.0024874698347874,6616002.0,4451268.0,6616002.0,0.0,14020050.0,3125214.0,2308284.0,1502838.0,6903450.0,7116600.0,2697174.0,428040.0,4040976.0,2575026.0,1101942.0,1206342.0,3019422.0,1431846.0,815190.0,687648.0,2035800.0,2166126.0,2485764.0,3432150.0,8334948.0,8741238.0,158514.0,214368.0,0.8850482315112541
POC_c-moderate_p-low_b-none,moderate,low,none,True,263,24708.0,14094.0,10614.0,0.01402599629867,0.0,0.0,0.0,0.0,0.0,0.0,0.0,0.0,0.0,0.0,7724208.0,3211518.0,4514430.0,0.007596441230992601,5403222.0,2496900.0,2908410.0,3062922.0,794310.0,2268612.0,2215890.0,1671270.0,544620.0,0.39778940722527123,13597056.0,8085432.0,5517540.0,0.06595439452619001,14027358.0,6663330.0,7369248.0,11037342.0,4688430.0,6348912.0,1758618.0,1447506.0,311112.0,0.8120417045697643,46981740.0,16366266.0,30643662.0,0.0934831582245476,15147744.0,8195226.0,6958608.0,12107964.0,6186396.0,5921568.0,1713030.0,1319442.0,393588.0,0.2576024517925956,552450.0,269874.0,282576.0,0.016459377513767602,1304826.0,721578.0,583770.0,477282.0,254040.0,223242.0,812406.0,460404.0,352002.0,0.0035022585236062003,7850184.0,5324922.0,7850184.0,0.0,17185110.0,3229266.0,2425038.0,1576266.0,8315460.0,8869650.0,2759640.0,469626.0,4847814.0,3002370.0,1204080.0,1220958.0,3644778.0,1680144.0,889662.0,686604.0,2837766.0,3007590.0,3336972.0,4711050.0,10239552.0,10694040.0,211236.0,276486.0,0.8639370078740151
POC_c-moderate_p-moderate_b-high,moderate,moderate,high,True,263,24708.0,14094.0,10614.0,0.014025122612685802,0.0,0.0,0.0,0.0,0.0,0.0,0.0,0.0,0.0,0.0,3524544.0,1459338.0,2066250.0,0.0022991988307550005,3663918.0,2113926.0,1552602.0,1425060.0,378972.0,1046088.0,2180916.0,1717728.0,463188.0,0.4048959876145989,9302736.0,5509188.0,3796506.0,0.042600337042514,10281312.0,5249754.0,5033994.0,7597362.0,3328794.0,4268568.0,1844226.0,1547208.0,297018.0,0.8173721180126586,33786798.0,11918478.0,21886242.0,0.060286933031218404,11625462.0,6796614.0,4833024.0,8770644.0,4790046.0,3980598.0,1877982.0,1468038.0,409944.0,0.25974017908195723,389934.0,192618.0,197316.0,0.011917579357713001,1306044.0,717228.0,589164.0,381756.0,202014.0,179742.0,911238.0,507558.0,403680.0,0.0023760905884536,10038234.0,7526892.0,10038234.0,0.0,12771600.0,3472170.0,4446744.0,3266676.0,6863952.0,5907648.0,2985492.0,486678.0,5755920.0,4282314.0,2042586.0,2404158.0,4643712.0,2883180.0,1644300.0,1622376.0,1287426.0,1391130.0,2177262.0,3033690.0,6848988.0,7283988.0,151032.0,201492.0,0.9790272199910751
POC_c-moderate_p-moderate_b-low,moderate,moderate,low,True,263,24708.0,14094.0,10614.0,0.0140252099563692,0.0,0.0,0.0,0.0,0.0,0.0,0.0,0.0,0.0,0.0,5683362.0,2380146.0,3305652.0,0.0052593773278378,4696608.0,2465580.0,2233986.0,2283750.0,634578.0,1649172.0,2316288.0,1804206.0,512082.0,0.40217974194251405,10581636.0,6270612.0,4314678.0,0.0467343541935316,11952234.0,6032580.0,5922438.0,9055830.0,4000434.0,5055396.0,1926180.0,1594188.0,331992.0,0.8560664742521753,37198764.0,13543116.0,23678094.0,0.0643045852040076,13270806.0,7673400.0,5602104.0,10175520.0,5550948.0,4624572.0,1962198.0,1496922.0,465276.0,0.27351149365126465,467364.0,228810.0,238554.0,0.012066085019491201,1443678.0,788916.0,655458.0,457794.0,237162.0,220632.0,970398.0,542358.0,428040.0,0.0025617226656766004,11388474.0,8581332.0,11388474.0,0.0,14966784.0,3591708.0,4691736.0,3467472.0,7803378.0,7163406.0,3070230.0,521478.0,6671160.0,4717314.0,2249298.0,2442438.0,5395392.0,3185940.0,1816908.0,1650564.0,2089218.0,2235030.0,2731626.0,3814254.0,8161122.0,8619090.0,188790.0,252126.0,0.9795234549516001
POC_c-moderate_p-moderate_b-moderate,moderate,moderate,moderate,True,263,24708.0,14094.0,10614.0,0.014024249480175202,0.0,0.0,0.0,0.0,0.0,0.0,0.0,0.0,0.0,0.0,3878808.0,1617504.0,2262348.0,0.0027752962974888,3885072.0,2206146.0,1681536.0,1576614.0,433782.0,1142832.0,2243556.0,1752528.0,491028.0,0.40733887971178484,9867888.0,5843964.0,4027230.0,0.045866867972206606,10958694.0,5593404.0,5368422.0,8191572.0,3624420.0,4567152.0,1874850.0,1566870.0,307980.0,0.8306241798048133,35553594.0,12776298.0,22794348.0,0.064891568432708,12339036.0,7197162.0,5145354.0,9402786.0,5157012.0,4245774.0,1899210.0,1471692.0,427518.0,0.26457117925237283,63858.0,32016.0,31842.0,0.0058783491120598,1087848.0,603258.0,484938.0,142332.0,77256.0,65076.0,936294.0,520608.0,415686.0,0.0,10570674.0,7917870.0,10570674.0,0.0,13560516.0,3526632.0,4563498.0,3350370.0,7246056.0,6314460.0,3020814.0,505818.0,6095742.0,4474932.0,2119668.0,2443830.0,4913412.0,3004458.0,1703634.0,1646736.0,1429584.0,1539204.0,2410248.0,3360462.0,7443894.0,7883940.0,29754.0,38976.0,2.228882833787465
POC_c-moderate_p-moderate_b-none,moderate,moderate,none,True,263,24708.0,14094.0,10614.0,0.01402582151717,0.0,0.0,0.0,0.0,0.0,0.0,0.0,0.0,0.0,0.0,6576678.0,2763294.0,3815298.0,0.0068526710921062006,5212170.0,2642712.0,2572242.0,2691606.0,759510.0,1932096.0,2403636.0,1848054.0,555582.0,0.4101046710392044,11491308.0,6803052.0,4691562.0,0.049504082558096005,13270284.0,6662286.0,6611130.0,10196748.0,4548012.0,5648736.0,1969332.0,1614198.0,355134.0,0.8883873471155959,40552440.0,15141828.0,25433754.0,0.07096169444980341,14669418.0,8440566.0,6233724.0,11404134.0,6247644.0,5156490.0,2002740.0,1496748.0,505992.0,0.2811574349868524,604128.0,306936.0,297192.0,0.014343171833426002,1588794.0,883398.0,706092.0,561672.0,299280.0,262392.0,1009374.0,574026.0,435348.0,0.0038363962626074,12515124.0,9456900.0,12515124.0,0.0,16510164.0,3649128.0,4808316.0,3551862.0,8494506.0,8015658.0,3100158.0,548970.0,7409094.0,5106030.0,2352828.0,2455488.0,5993430.0,3463470.0,1892424.0,1659438.0,2466276.0,2639058.0,3204384.0,4494246.0,9312306.0,9802638.0,246732.0,323466.0,0.929723502304147
SOC,baseline,baseline,none,False,263,24708.0,14094.0,10614.0,0.014026345928154202,0.0,0.0,0.0,0.0,0.0,0.0,0.0,0.0,0.0,0.0,15296340.0,6379188.0,8922372.0,0.0197563313545226,17630550.0,5952366.0,11687058.0,4238814.0,619266.0,3619548.0,13221390.0,5306826.0,7914564.0,0.2772157391581326,18833934.0,10494984.0,8345214.0,0.10925367888709421,17630550.0,5952366.0,11687058.0,9940620.0,2669682.0,7270938.0,6585030.0,2987232.0,3597798.0,0.5279511571808555,63987978.0,18911364.0,45111066.0,0.1601401345345926,8320506.0,7035342.0,1288122.0,4229766.0,3576222.0,653544.0,3617982.0,3058398.0,559584.0,0.06608268969521061,490332.0,237684.0,252648.0,0.020271022832745404,7382124.0,3814776.0,3573786.0,354090.0,191400.0,162690.0,6991668.0,3601104.0,3390564.0,0.0024379679475278002,3262674.0,2082084.0,3262674.0,0.0,17639424.0,4734366.0,532962.0,310938.0,5952366.0,11687058.0,2812188.0,1922178.0,2314026.0,948648.0,276486.0,256476.0,1651608.0,430476.0,194010.0,116928.0,3982686.0,4162950.0,2443308.0,3649476.0,3356286.0,3527850.0,156078.0,216978.0,0.7221433640880051
