draw_idx,hiv.beta_m2f,log_syph.beta_m2f,syph.time_to_undetectable,syph.p_symp_primary_f,syph.p_symp_primary_m,log_syph.rel_init_prev,syph_symp_test.rel_test,log_ng.beta_m2f,log_ct.beta_m2f,log_tv.beta_m2f,structuredsexual.prop_f0,structuredsexual.m1_conc,structuredsexual.dur_sw
0,0.007167813185433212,-1.9888838786885017,29.752186944011815,0.16767543990313544,0.949717467956337,-0.051524533930940475,0.4059108823840772,-2.211115888729976,-2.903330518008194,-2.335009903803859,0.6984681379434573,0.225122058351919,11.130865022926343
1,0.04675317151601875,-1.1620982010215826,12.236368170428698,0.3081513840432806,0.7398085482316874,-0.5953481220284242,0.6149466848070235,-3.131347877484773,-3.358759791328956,-1.5985443738798435,0.6015827173835816,0.20870269417154375,8.396464645319497
2,0.012959983698881891,-1.4176651001617115,25.712761401057662,0.3610565034891918,0.8457657135322765,-3.0244504397033003,0.5453933971348948,-3.250725445699121,-3.7399635300823597,-3.258754374909579,0.6010301831542173,0.1808738251229568,13.59366785641559
3,0.04499905580159525,-2.064035237322074,10.955642907192289,0.46099911632665913,0.6610629000758539,-3.2295643277147534,0.35756188514002557,-3.4135157072374365,-2.1840762565882765,-3.700751859458108,0.6266739108715783,0.22133348632920813,11.09936193662158
4,0.04196392268674936,-2.1661579601159766,18.039311282849823,0.4107309032299268,0.8586232526733849,-0.9276382255512505,0.5548816240149788,-1.476845512360633,-3.0936214022574284,-0.5668568634071196,0.8380144490848773,0.10705833523763997,6.364991078933283
5,0.010233926179802602,-1.6057081907879682,27.159473320258318,0.1865639405514402,0.7416898478323029,-1.674726216827224,0.3047317708502029,-1.9415265803810928,-3.1038314109091054,-3.1197322772561535,0.7826767709186154,0.14451067707038887,13.98930056872367
6,0.011732890354297617,-1.640991767446105,21.77809152795635,0.19531204379519979,0.5395579388460019,-1.0475608141405885,1.403818303414929,-1.4041888465899808,-3.7084202252376413,-2.2672465171937666,0.7806236991822549,0.26083159204149436,2.506799617764859
7,0.019191103887476683,-1.563005252088134,19.949197169853804,0.5656616263695071,0.9241091522206433,-2.4870506984787517,0.8192988006454711,-1.350532587764512,-2.5031490139404693,-3.365758523592877,0.8097006833544416,0.12622355006423414,3.3893380472965307
8,0.014066374728810265,-1.9076882329519014,13.806751799714162,0.20909252812718282,0.9077108271135395,-2.9445171863199096,1.184353789681331,-3.7712470623742242,-3.8994929767378625,-3.7210847630703676,0.8435875301731418,0.20357230952651273,2.6275949740809486
9,0.011084161113214721,-1.9220131837166317,20.716358821239673,0.3913863401036243,0.9390504601953354,-2.1146947437777124,0.3286735407826351,-1.222777760812587,-3.271009303412934,-1.42529107948722,0.5753294435593126,0.11316099505379575,11.569070803744598
10,0.035248822109438936,-1.575357192981513,12.455858514706614,0.5555104339848839,0.5792272535255557,-3.364934513122079,1.0763315262940685,-2.6569735910431516,-3.384544207138137,-0.7621226388153564,0.884864463894711,0.21418215500940913,13.44538837390217
11,0.0051284815842871775,-1.3210326910284844,27.031069911587746,0.46889477000885815,0.7924379827925854,-2.045698841023032,0.35582710336095735,-2.5909691729609468,-1.8159228376244263,-2.577398800869582,0.583707248998409,0.06815237376477426,11.301739191936548
12,0.0319156298648483,-1.83204250001467,28.303067384761746,0.4841045083602745,0.6676767771621323,-3.518630280925297,0.8501582880728409,-2.4142439946867675,-3.687342443608072,-3.5803137999330845,0.8583971572660245,0.1369862475465595,5.439181295955365
13,0.02691413018147908,-2.1797384701078197,18.597992382769103,0.41581344969810796,0.9291918692898531,-2.6383884874499794,1.1556407150448613,-3.558804743153453,-1.6732305234817066,-2.889207610940244,0.7675865812879339,0.22851534584853578,12.842567957892852
14,0.02494434249188407,-1.8876359982742927,26.29706500905187,0.2877944624561075,0.7058790268133789,-1.6455133674711733,0.4620256831092078,-3.1043463201169916,-3.603969894900535,-1.3325769186233547,0.6710468981577066,0.2786148122131252,10.306715359225876
15,0.00824621950755268,-1.2970288621755868,13.083391727888339,0.4960118844476181,0.7300690289812997,-0.8287595918666875,1.0202253885915122,-1.3754960315253717,-1.766234390291873,-1.8489459276548605,0.8971308025966693,0.25478029630368915,2.721269581620219
16,0.040063450248611444,-1.129216645196234,16.97409834191428,0.5813962779692636,0.7634006730450198,-2.8115481015097705,0.8622767429630736,-1.6144948723570258,-3.607476722439634,-2.4636515300052686,0.7718356873809848,0.1760040363436251,12.113917780045652
17,0.03605342478639455,-2.0325133181843382,22.672583565727074,0.5957118459103932,0.8182255747120639,-0.44401094662989804,1.4475584156613854,-3.5804488894797446,-1.6933336770944902,-3.302989627862807,0.7613553999215953,0.2700562801464281,3.941676312053021
18,0.015820093033519937,-1.8081977293851315,29.404349119792627,0.5340507885024928,0.5989464896480691,-2.0892587617366907,0.5013645710809381,-3.041778744243295,-1.623407187215387,-1.0897268683217591,0.7772526297517,0.07022043507703998,4.547730713030644
19,0.019576228529217896,-1.5373488984034358,23.80988238848353,0.42116022991473345,0.710397528104743,-0.1422384671461021,1.290017283496389,-1.7318018002704232,-2.932539559168258,-1.0735326150992992,0.8764210178136738,0.13322240190507473,8.795149082474442
20,0.03735614802674219,-1.5578147036251444,17.825288710143457,0.25285376022342954,0.5542370885825376,-3.1078553436894527,0.3137222393412965,-1.658087789747917,-3.1739076363944374,-0.8967741842063073,0.5872040773786168,0.22804226421510693,7.975373565838978
21,0.026722656855166713,-1.4396879278458656,23.547515939089063,0.2389400296768265,0.5224864212889333,-1.7962706922199936,0.9411909469854223,-2.7573731372940475,-3.843085045429471,-1.3551557514808041,0.7034180956563916,0.23404794558042868,13.317257256439056
22,0.010985223764021723,-1.729434460533966,20.86349960683765,0.3363277603236543,0.9264996243386343,-3.0527331176807304,0.9726012650478553,-1.9640162163878034,-3.0787302311982474,-3.18422692486031,0.5687143350786313,0.283663290199544,10.425778613133152
23,0.03930725501720134,-1.0813833691059744,23.44872637221158,0.36487977321350784,0.6634573313894288,-2.760781716843847,0.7362976050752519,-1.9872328065576157,-2.136256335669296,-2.7616578579149658,0.8413405403744407,0.07587020454329377,4.997202921388443
24,0.029230229017841343,-1.0695949986532622,24.7511476733565,0.4822416814519582,0.5768616077608192,-1.217571346619584,1.3296249882034297,-3.6944556873276806,-1.5815896073968312,-2.2903527374939667,0.8782338238549892,0.26410760868361666,8.859791424306287
25,0.03480422379783197,-2.0921575937495978,17.26230369652457,0.14789027456910794,0.5531355331574526,-3.9051089784418895,1.2743807632549942,-2.137253527450503,-2.48326870114745,-2.101046454037264,0.8822331139387356,0.09317484041961678,5.663771312216476
26,0.03047465203435295,-1.6255580752207077,25.848345609328295,0.1568037325136364,0.8245973474717447,-0.9804489924014832,1.3417390071629636,-2.102957276016708,-3.06252619959351,-1.514255567717787,0.8729564895774973,0.17984158467072597,2.1199323059979096
27,0.044548612608772166,-1.3385000587248377,27.65700926479549,0.12844671615672926,0.8794321046734606,-2.288896582322261,0.36560604226790344,-2.8015807597353133,-2.622983769831718,-3.57034407302777,0.5660539549601641,0.07980482739016649,14.472398552301067
28,0.005702641014487842,-1.6964032281765329,26.69675714451442,0.5277625619556381,0.6249990867250153,-0.2320707642934039,0.5098997428234348,-3.754424141369593,-2.6909485827082604,-0.6313286860704674,0.7502989061532084,0.25975369437909634,6.252202286507435
29,0.039068628788840376,-1.8547918168628181,15.636041905509682,0.22815668978249035,0.6921915800394847,-3.045648173500056,0.6001650434870036,-2.9800269380316897,-2.738293235300814,-3.90562331778611,0.7577805457933244,0.1981358690379716,4.439620414470133
30,0.04350887783480264,-1.5018350529148439,17.921565600004104,0.37771301211631525,0.5089630919423342,-3.1936273932049195,0.6053968039104294,-3.429906283016284,-1.6455393113364871,-1.60923810357025,0.5516288360866343,0.25013593017414076,5.312287850262602
31,0.02446682347670117,-1.1583701492959428,26.01610666342563,0.35238697187378654,0.8994893102610171,-0.47221819836409606,1.492007162156206,-2.064513251894522,-3.003023078247565,-3.211159591643394,0.8512402554025745,0.1466183341613259,5.879128234969768
32,0.00705709343745001,-2.1002786389862416,18.373572769704946,0.5569645392428971,0.5580311928820175,-1.148469877294882,1.1719565613269702,-1.6201397833786708,-3.6341034893051223,-2.9778610574730418,0.7874433767518694,0.23191765192846153,9.361706565186719
33,0.0197597108439075,-2.059781217676699,28.963718880119416,0.5843395973867379,0.6204860593440338,-2.0092189615032883,1.3383857431142476,-3.0838096077225754,-2.8920725640056695,-1.9789000526812957,0.7048633056959884,0.1902481148337301,12.039881540655106
34,0.022179613672419454,-1.268579940578833,20.363898833157627,0.5376336510090624,0.8000593856453039,-0.7201132920130986,0.49956399748006963,-2.8399295625202843,-3.19064086793238,-1.8913522702875771,0.8633443173347652,0.2813781202559625,8.145384179495236
35,0.020244940031335906,-1.7177955662973345,21.27219191433887,0.33738639683886196,0.5370907749736766,-2.257821812520455,1.0748389579626796,-2.8639358044059806,-1.4802181642800383,-2.859420830113739,0.7280338561292922,0.20725127807459115,2.005148484493055
36,0.02835546830302399,-2.0729816421126404,21.412795414567896,0.2850861042350579,0.5296423474214068,-3.654718679724444,1.05777539563375,-2.473230600596909,-2.02411308721568,-1.8398092063100853,0.793519198726024,0.20264698183902408,10.891238797182845
37,0.013934711441990912,-1.7729862816502968,10.357727878491035,0.16321313388574213,0.7267447998675294,-3.767907538094873,0.34619525705436627,-2.911352562489414,-3.579217571346817,-1.9552461772661873,0.8564881202081972,0.2555792782391316,11.67926144017525
38,0.027263770333404217,-1.7225486926837466,13.00914424064268,0.3945799583968631,0.6309180279966493,-3.2733914893280383,1.4701063544921422,-2.122659028131004,-1.4372452812698593,-2.517614454250799,0.7377860247322721,0.15533354931539362,8.03941427338217
39,0.03534878529129648,-1.9976971764715103,11.584552436755297,0.4197598028430902,0.7884740203668816,-3.5744302314197296,1.1057551085109307,-1.8779907934203113,-1.9111890408931154,-1.6743501555810676,0.6602670506776415,0.08497552859406655,7.214978303208207
40,0.028743035592927634,-1.2867802487077344,16.512851613458583,0.5913305319735165,0.6016409823324053,-2.174169882574669,0.6203325665527922,-2.0524133177650823,-3.65515731069329,-1.6289343782645633,0.5950621148852792,0.26215765605752667,4.133053719752484
41,0.018607733409624152,-1.2085950284838558,19.838792312186367,0.19158303899010914,0.8775087460872251,-0.39552917710209146,1.061309565675598,-1.6551183153478508,-3.2179672406174324,-1.822306240608989,0.6993559161165721,0.21143067351905204,8.287818713517956
42,0.03458222818524743,-2.0025905324098674,12.832622643627367,0.511887403242258,0.5435920191974288,-2.5597846044787467,1.3865525867821529,-2.97155514868137,-3.1545750289486993,-0.5387801168561692,0.7966518615625995,0.14251633742933068,14.16917475167205
43,0.010552013007244801,-2.1529560472827045,18.234177672792573,0.10385470538412486,0.5040872338985646,-3.563830765042033,1.0466383739571892,-1.5607656942930928,-2.4507249680703627,-3.444168088521632,0.8007411026510561,0.2927692391945044,14.233478497648443
44,0.008455228247423813,-1.3318493654385826,26.819731264415843,0.3149840283903217,0.7942713432683859,-3.17101084012816,0.3171978056093302,-2.7266298300931417,-1.4115686281725273,-2.2007992243276613,0.836755047329576,0.06600241248883076,14.053830735045523
45,0.02341075032789058,-2.2121982997919933,22.888152581918717,0.5893613233011243,0.8749255306046042,-1.5368372064341678,1.3924143413739452,-2.148315676806136,-2.442426937351958,-3.8668395597365977,0.5936846150845981,0.14716161089050184,2.291739953000664
46,0.01670545821573724,-1.5227013738428163,24.336332550182966,0.5607952247893867,0.6502900163841079,-3.643937179186622,1.2602943102116049,-2.2652036104846607,-3.133310558499504,-3.3930933433609276,0.6392910351596812,0.06093318550078772,12.612064337124357
47,0.020703769277155296,-1.7594690432860554,26.402056255809118,0.15570590584837365,0.6567987395076862,-1.375727660909058,0.7852280571094956,-3.6976152931315127,-2.5948444837186457,-2.455796789441248,0.5908573672690939,0.14002409971750845,4.8197023004632165
48,0.014906624906277848,-1.3121638524828545,11.360842379925337,0.2497172690922939,0.8043336148695867,-2.2116507252958746,0.7246023866622409,-3.6380149593370423,-2.8655777182368385,-2.242549858657428,0.8158863702312678,0.2414845295148091,3.6748068455154845
49,0.04978602254110649,-1.6576102735051887,28.01793912692591,0.47086856177174496,0.9175973852236801,-0.49679989508263045,0.6581237187964696,-3.796874865311735,-2.1221485140517404,-2.6876939867841827,0.6164658648683952,0.2755378543343927,9.97076736827552
50,0.009079593332733985,-1.9175328176167652,25.510451625485885,0.5425411387887981,0.7734416566111042,-0.08731717300849562,1.1571732426308474,-3.2133269825717767,-2.532548014689804,-2.3564726866575594,0.7756920748815715,0.1618557373963802,11.950408547565244
51,0.025374556522629276,-2.1049987074117267,22.170981446981123,0.2106418946467457,0.8090037698897997,-1.6246986768100582,1.4807364643909497,-2.813219382909802,-2.586430119848547,-3.8439441859887356,0.7653646109763852,0.07734131193264439,3.0926613452801113
52,0.03832541037191434,-1.2627660773149916,22.115417744891595,0.4654487384560029,0.5867984999934567,-0.37038979145364515,0.5878586497520006,-2.457859261959845,-2.5694536841577755,-0.677332204404808,0.6493524425331544,0.2717346512119257,3.2348298627968406
53,0.02253774300891652,-2.196388717533536,29.48040042683027,0.13588300961039781,0.7450239718084499,-2.397002506409394,1.4317636635577193,-2.571399466691729,-1.3049062547535781,-3.4279972276294197,0.6309681056531321,0.0962643798972889,14.79871732991205
54,0.026553367530774977,-1.2325109978190951,24.228900408899985,0.524795035351952,0.6686240767245759,-1.4548506883109003,0.9204929099313264,-2.9998841283886923,-2.8648146081362116,-1.4104332041473309,0.6507658436327249,0.22349574338463463,6.091742214193458
55,0.04814444619651394,-1.8479337823937327,17.719747445691393,0.42782359291145333,0.8931339517154365,-0.1959332044610651,0.992536220057058,-3.4432747303716695,-2.3406276713695595,-3.778310659892111,0.6665708154489554,0.17292322231415844,12.394320695727075
56,0.017163464647276475,-2.1148050090641366,22.358324006796188,0.5698301317247504,0.5146651988952523,-0.32298977358348147,0.4595157723933877,-1.3068460298749796,-1.5507299765929394,-3.0118864038437145,0.826747039853251,0.24763898394488476,5.986522738668184
57,0.04396637888870039,-1.3493390804541612,27.866502258331746,0.24163944214729044,0.8135314939804783,-0.7650115945217575,0.4165493838388284,-1.2902798290650312,-1.3274816248085806,-3.6231558775786494,0.8199141889710753,0.06292919524495277,10.711745171952241
58,0.040195022492702355,-2.137456342193551,15.022568567726019,0.4502320512747028,0.8178542921304591,-2.8808338126199686,0.44630753566722575,-2.181587123497764,-2.6310678517357857,-2.9854961460948144,0.6715227458817618,0.1066512336969648,10.650345428849683
59,0.04639061494612951,-2.144825733652541,12.050646761782893,0.4925278703042031,0.942292363848708,-3.484052784246813,1.1252045173352818,-1.3304340799108965,-3.4219267501289776,-2.134764025857361,0.8249535985324218,0.12371177101977453,14.319190733044815
60,0.022023720954873757,-2.1348718153988435,16.33940567596018,0.1813219184855556,0.641046051399147,-3.530249621264857,1.293494725233439,-1.71522378049879,-2.8432316605847934,-1.7942274104659375,0.8994951700444741,0.2526432898436846,14.885804911688492
61,0.006776567482075891,-1.734915053243842,10.753802845945708,0.11993655284060839,0.7215035367272546,-3.7483748240703085,1.3183352701145314,-2.1741512938092242,-2.166542986774442,-1.1885713298685219,0.7842810620546004,0.29478995609708897,12.734211049340521
62,0.01229207137192109,-1.5857787094513711,29.66569430645573,0.40669408508023763,0.6169879771858,-2.8431691210541103,1.4040553233445559,-3.4712361806601058,-1.8742497111626468,-1.71025339535796,0.7112791126330353,0.17077299931148104,13.646111357412067
63,0.013618043842549738,-2.0441026742036326,20.187390985481215,0.42568414935599075,0.9150091368600188,-3.6208705674604715,1.011854715648685,-1.6841229912325666,-3.482910435331859,-2.435311272636365,0.8294081161513558,0.26564871644460764,8.452026460525566
64,0.018081150049982227,-1.389551570759585,18.969897382037942,0.30477687401560205,0.6837247332884457,-2.842304232076367,1.1126458208967935,-3.325542072766609,-1.2403052673770754,-3.0684360036834075,0.742452796510226,0.08265339761606573,9.271847096532252
65,0.022733103073497383,-1.5792815742174682,28.842322453572102,0.26616875281210617,0.8691153511113769,-1.3347416103614105,0.47440366405680406,-1.3278026037585362,-2.6827953788131023,-1.037152923667486,0.8032371312609254,0.24877750849239527,13.103874969736397
66,0.03788628419148881,-1.7473356528468842,23.234437811930704,0.44089621341115737,0.7346511196099217,-0.6147074888996302,0.7791630792255617,-2.0327078983376214,-1.5987265917414248,-0.7556686952702449,0.7924336542199584,0.10132600438819761,13.028887968357337
67,0.025693057971625417,-1.534050294919897,26.61638070928591,0.3976022915543639,0.5633372867345359,-1.914143203982182,0.9054469400912026,-1.7565728547899253,-2.947613922300795,-1.9939549279571303,0.7072625255696421,0.28177436438405584,9.846137844425694
68,0.03434097734577481,-1.0613242088676518,25.280785735654252,0.33289630435657924,0.8925113854983363,-1.3218611523411132,0.5212841779663288,-2.719666667483141,-3.5372937920422114,-1.3066814246054586,0.8305751560196661,0.2885316065801369,10.81589684240447
69,0.014539373569506357,-1.6610515753968702,17.5303983598178,0.2584386111958441,0.8352216804804364,-1.383426250403875,0.8001480692773897,-1.437936288127036,-2.2628659137709324,-2.5401048409055473,0.6290750518272643,0.12291260618241735,2.8411195910368727
70,0.04587055893421783,-1.416269580939971,14.813114419524474,0.27338477130583083,0.6170528999506864,-2.554629240387144,1.4594254228759769,-3.896457016171997,-1.209469541914285,-2.0652385440798318,0.6057737182596873,0.051923671736996434,3.5065477978132997
71,0.04173729067930934,-1.368569382545421,14.766232603413307,0.4061322932500592,0.7704442005266157,-2.701492549253804,1.4141189645798429,-1.498175971469748,-1.9508756644840513,-2.7421211907516687,0.7232266317325973,0.27704607835387574,11.515409494282117
72,0.04131753834297857,-1.192809611186158,24.413850389010182,0.24633201451450062,0.679206380566546,-3.2560153078652605,0.9305640634212311,-2.529356986992701,-2.0064558071004606,-1.4687220518105657,0.7700094278635494,0.10358110891766299,14.49087015454585
73,0.03369820335627904,-1.488546818348905,13.966879146151246,0.22251734499483283,0.8835162378114443,-1.8762067292081146,1.3728960893711553,-3.3844471413407415,-2.36875324604172,-3.5376783312241797,0.7540972601122409,0.05077238664403819,8.202337865992867
74,0.02386047355013238,-1.9695644815376285,28.139700037887245,0.37172656413471217,0.5181403834252845,-1.6994760790772503,0.33556466758368053,-2.2367819390761827,-1.5154560712744343,-0.6022056976409114,0.8063891089416062,0.13347191932061803,2.925467140738198
75,0.02461756123642563,-1.797011835701817,17.146606500633965,0.5082270463621797,0.7574382831661539,-1.5645119900968338,0.565453537050369,-1.867293716959193,-1.8984750133288104,-2.60035978630206,0.5618517796640284,0.15776435488769713,14.995657420226266
76,0.03669727889695681,-1.0982159991009637,23.116972167334907,0.10749720471751714,0.7646190938484128,-1.0226537901756756,1.2766097334712545,-1.7715438314355212,-2.2084610850060593,-2.0754287699390948,0.7623488068370406,0.0945318393567264,6.761287864099852
77,0.009962521387539046,-2.2535522014373006,24.91302310531232,0.17789239062323264,0.8648212178252892,-0.5456451206745303,1.0414467480431355,-3.239093836100296,-2.295517420797214,-2.022316635946842,0.7352673775009961,0.21921202671206835,3.5643280384658818
78,0.04479718590717352,-1.7862566265004123,10.04292079188269,0.3171799747956403,0.8508792387801802,-2.671902133165153,0.9648600984825013,-3.871395367084262,-1.835703283816545,-1.225789371073394,0.688460009989464,0.15282919953143678,6.164546914695615
79,0.02109009935343304,-1.690723221020937,13.412914639450788,0.5181272702331233,0.7828406523949354,-2.960330411488532,1.2287433093847238,-2.348923809620066,-1.757264863966976,-3.6476901629733045,0.8220476344407943,0.24593324981961073,6.929096725079602
80,0.0466724828962823,-1.431225726097702,14.045930968220926,0.26112363428596636,0.7789407006639719,-1.9384477410837648,0.6984175212219264,-2.3734560442382677,-2.2846767523033087,-3.237376920116575,0.6627750186293547,0.20645106199423618,2.236153447781185
81,0.025958403651129978,-1.9625311103866112,24.97670179368676,0.37363224363271585,0.6883924327762274,-1.2399047127374025,0.8063888711900524,-1.5280889063336343,-2.659280074336229,-3.1922186908459143,0.5602072176338675,0.059465848063869974,9.108735539473386
82,0.028580097159450913,-1.8823702068132844,11.330236322353766,0.26866646184621745,0.8393746771600324,-1.971926328055183,1.216448456908832,-2.68321701781157,-3.4580451876475204,-2.9216445675148277,0.6560627203952369,0.08918362623984591,4.285209116656712
83,0.032199766619912376,-2.2044035953922885,13.211643755299262,0.45358708500167166,0.6324700313427141,-1.486000310274259,0.47804006779376246,-1.2538851886211897,-3.149482829458166,-1.9048768350817196,0.8662682782128001,0.274599622873085,2.377449003155528
84,0.0457132039591693,-2.2963864920616883,25.38853848345386,0.1019667253725832,0.9463434301736161,-0.6732867003130587,0.8371154406456449,-3.0665282005360415,-2.377596754281452,-1.0172895355355092,0.6134724747167449,0.12693471022294278,9.008011480589943
85,0.030567699229645088,-1.4015620883180864,29.28132498797913,0.3100046349499603,0.5174222275303073,-1.9861070499305395,1.2086175973396256,-1.4498577782639241,-1.8707471335999508,-2.6644824250213803,0.6431708385146201,0.2997700041377535,6.004802708929014
86,0.012718810354318742,-2.293271627643824,10.178206232369455,0.44962718399206447,0.653502412145228,-1.0999658429581851,0.7046120368425628,-3.6511869486967963,-2.819789922784728,-1.5013940432557016,0.8891437309519717,0.14834659665745326,6.593383434533903
87,0.04954506217920931,-1.109079475633656,28.70295422680417,0.573411119739278,0.700045020837113,-3.2981277230376724,1.4886017846014763,-3.046375245421028,-3.0214764439151995,-1.7205938402420151,0.5668292509591932,0.29527979987453,11.202159998494853
88,0.0054750002005880365,-1.9795521913411898,26.16682389604439,0.28066203522052424,0.5915262276608259,-3.100748483556721,1.4428487304313715,-3.2960150410745515,-1.7834250519942376,-1.4439673787778498,0.5977543733023608,0.15488746919968766,13.435423384545324
89,0.03769984437675029,-2.1726010520465566,27.896716815827702,0.43655053883240025,0.7080432271806024,-1.8470780225473242,1.250655993211377,-3.355010726311141,-3.8372952803895526,-1.1417052142528052,0.6537424692120503,0.28530133353451004,11.43862780662321
90,0.006381655544618374,-1.5153304493238888,19.16567307209014,0.2541589036185548,0.5464874641868276,-0.3064487390983559,0.5762825628971413,-3.593699004112708,-3.5549068146262806,-2.624292928866402,0.6765798547753334,0.26813514941994343,3.032548196323718
91,0.04934711259049336,-1.101397094013188,19.356918983625746,0.385338311255086,0.6440288346279186,-1.0728647787975638,0.5907716813944508,-1.266235021896093,-1.9332131389360006,-0.8934622383869981,0.8673902768264004,0.1585452350687097,10.563333941150288
92,0.04843376062363732,-2.1911399163366605,12.76145552244824,0.17088424956406473,0.5943007380475711,-3.6916694102773007,1.2533716246012896,-1.8306252393451539,-2.08908236283163,-3.36895289294727,0.576596363610936,0.1175230132072962,12.29078399653694
93,0.04717440317380556,-1.4570361542888557,15.489785135378943,0.2947959231070332,0.8078438915574286,-1.180666714684869,0.671824652233846,-2.7442169700695223,-2.9653625873675087,-3.156427787662639,0.6758458151745215,0.16999822089162875,6.574935981300469
94,0.04283164655068437,-1.4811591946874585,19.710405286408395,0.30036578679392123,0.822590132179138,-0.9513020673348991,0.6845156644492587,-3.497862594250674,-3.8075857545165985,-0.7962035736147568,0.6358771981443087,0.2005341216513184,8.654778668257485
95,0.04277025290882036,-2.262555016331041,12.343635462097058,0.13941287233608973,0.8385959239252299,-3.1520546878761273,0.8574368223712214,-2.0048472142064186,-1.5299366620819668,-1.7660345612270527,0.845715449919583,0.16064919155443036,2.5888661742017245
96,0.04313349036408115,-2.235183660989218,11.720022525709762,0.15297532347903808,0.5896540206856671,-1.8156890437245599,0.563024248286323,-2.55533286425294,-3.4742986727625325,-2.502108983410725,0.8334391921039326,0.24333887131413473,8.582838157744838
97,0.030979620510744172,-1.3615424291474207,10.406847266838314,0.474743796805008,0.6955814271036658,-3.342702155754446,0.7881709268487964,-1.7004241133589737,-1.3392610721468614,-2.5735585234074545,0.5794449578238267,0.16767079162574167,9.575988099090239
98,0.021761584216835668,-1.4700914085470331,21.174238890340646,0.5996557217363098,0.530401566181007,-0.7456141415446305,0.6331306176677767,-3.8110789786478056,-3.324042462017093,-3.813006194976155,0.5875042047531924,0.11011203396723837,4.392737361774009
99,0.015401221262120672,-1.1788654503648912,16.0576087692762,0.47846060696183423,0.6390237397705498,-1.8922298541631668,0.8814342756264473,-3.52108401845364,-2.0593301891678752,-2.1682209397213796,0.6802791871910341,0.09046147699642436,7.599611618334753
100,0.032835638308231954,-1.5472748598359374,18.699261394336876,0.21914192545884875,0.6745196303542287,-0.7022734565975428,1.2392208437674093,-3.8518852923484803,-1.2229756618077343,-0.8723846937832276,0.7334175356200485,0.17346016599909095,8.709821947854978
101,0.012198614360347002,-1.2004755739813497,28.57594415924401,0.40145777328722687,0.7879204026883817,-0.6453132306812814,0.4851828373034465,-3.144677437533182,-1.4651327866289714,-1.5313089390875563,0.7511644840041817,0.08111547322208983,10.937173819618847
102,0.007588081823732584,-2.240490459212645,21.030621094906756,0.2261313722913836,0.758675276289856,-2.907848179866983,1.199708096609982,-1.582475463586054,-1.456066640255269,-0.8476720976809524,0.8085622449835483,0.17734287884283068,14.57722722319652
103,0.03638766081906532,-1.668696269360197,29.89187161303468,0.49839412149545936,0.8673068219589224,-2.2424275102882523,1.1351423085560473,-2.439294665564387,-1.2648133832930024,-3.3319514969047495,0.8623904021392498,0.1353420824026374,7.387397872290457
104,0.03311468085962798,-1.169283902581566,17.350088765822026,0.14658676548157348,0.5344386276686983,-3.8458752790721986,1.1184789858433724,-3.6622214728349274,-2.7867077422786384,-1.7437989926388142,0.7305563321842709,0.16659984165021205,11.753316976244008
105,0.027943324731805295,-1.494255041238158,23.048050179442786,0.206038418989959,0.64896757676581,-2.767021080710823,0.8684214416341631,-2.2945045130980133,-1.6157583691192872,-0.9637385252282944,0.6874782843466603,0.25724721755344165,12.41114454581576
106,0.04050972966980998,-2.1224296445304165,14.342523152314941,0.5232136703799755,0.8883961977461321,-3.8075339923159555,0.8203303397922246,-2.2157075670026973,-2.0832910934627513,-0.925811722062031,0.6085596919753857,0.11659147542381787,5.7322242444923726
107,0.04524875727686367,-1.8943305575437053,15.858690088357694,0.5472176411189102,0.6075327269870763,-2.6219655628187812,0.8286740411369702,-3.182067136980291,-2.222149730883681,-1.3825528767241835,0.5731860599350244,0.29005207946439737,4.919743303959639
108,0.019043190952498144,-1.2526531959044944,27.338083574014473,0.5063523798217067,0.7223980908784964,-2.078792793519826,1.3013598465667278,-3.893534199616439,-2.356557869350409,-3.2985236914050273,0.7410371510674879,0.2386736857247217,12.179374773179644
109,0.029436951321476047,-2.251630392213567,21.603759490847104,0.16431720558985607,0.5105511848315847,-1.2637504443495282,1.1929092683422144,-2.6367407657381174,-1.7165436430740582,-3.460565144331406,0.668819315801059,0.05703355026021281,9.414673682613582
110,0.016120794653436615,-1.1217492682057735,12.661976535708744,0.3594749221956084,0.853382540620961,-0.9121725597279622,1.034250366190787,-1.2132840860785463,-2.7193286764557953,-2.8004480472365207,0.6241151589841051,0.1399181372604166,9.786687841180061
111,0.007981001456389233,-1.9450893381820151,24.590857371372834,0.21362517067901454,0.753388343348917,-0.25104728397211895,1.0183850619871235,-3.4029201041148185,-3.255190645009049,-2.8432338427685773,0.6457860327503199,0.18275349870707236,9.532149814926928
112,0.035832221312624965,-2.281186578287783,14.540574179756737,0.27207230059208865,0.5816876803590039,-2.3613095182813524,0.44253752983655215,-2.0763392959808584,-1.9920730380791989,-1.1609725163712246,0.7099855605907789,0.19461892399556313,3.757434745775568
113,0.04784933808751618,-1.9345790364699724,20.508279522795135,0.5463089587905583,0.8315070568929038,-0.43083238711410976,0.679934456681774,-3.3060817430604375,-3.514748699063052,-0.9753448502980668,0.8125514579782738,0.21763038989547573,7.1942084345925394
114,0.024022113010655117,-1.8200873423961805,20.581652135969463,0.2931638884601717,0.8420558386962409,-0.11655233786981878,1.1408259570272743,-2.494368856386381,-1.4939206850126556,-1.2550578022548602,0.71415423796411,0.12036373825404342,12.536225278495898
115,0.03120861897672601,-1.3826915095641938,14.182524607617083,0.23217442121721368,0.9360124112169014,-1.008567888322807,0.708315304299947,-3.7201289852602653,-2.403189177917585,-1.6629726875812234,0.6584865545989337,0.12877237817814047,7.680158513080689
116,0.026235351457456195,-1.3984677610755214,14.515845977442039,0.38933805445489567,0.6271195250516474,-3.4620691557741887,0.39684249690505746,-3.0142607911883754,-3.029392252073225,-1.2807670703657665,0.6196396794612817,0.10967055502957561,13.241418114024935
117,0.04114118259379211,-2.276551221679292,15.898593863636016,0.14097280815385788,0.703474458296432,-1.7566986936457165,0.38417276059130656,-1.5316004076780971,-3.664208062390816,-0.7218888139054798,0.7177030222038989,0.19574960051348622,9.65223088963457
118,0.04097902051055694,-2.0226437081696056,21.495705173964296,0.32084003290349183,0.6025547807113437,-3.715071962931519,1.221435543338881,-3.158115425138979,-2.1492774947974125,-2.804963994916867,0.5559092027413334,0.1926798999626409,12.985786316577427
119,0.017374465787230765,-1.595307248272559,13.696959422647222,0.13289703223049837,0.5706835348945941,-2.3029548605034624,0.3770458172692722,-2.327560837011511,-2.9870100248972404,-2.9127512905958985,0.6118381590101593,0.287261669294432,6.431511736027418
120,0.017600351108799903,-1.764845078196926,27.481362737794687,0.12030463917814786,0.860625645536577,-0.27282269506722256,0.9553507679966087,-2.5943905891423253,-1.2848026981615153,-3.605786325120848,0.871049487761653,0.18738638774784772,7.758812565713615
121,0.042249016087690196,-1.9360154328702772,29.169976311185927,0.530689983403468,0.566456489398329,-2.1645177443676653,1.0850167038689031,-3.8378206066251583,-2.7983707223675993,-3.08216852127086,0.7897078014220854,0.16398950100301213,13.878636869302056
122,0.048996607734046516,-1.3551371783090795,28.493826715939534,0.36943400008742433,0.799414443410544,-2.426965486838055,0.9804056518159259,-1.8431246392820455,-2.248090822406975,-1.0024421639891026,0.5822188506233742,0.2697075629223682,10.076294355869086
123,0.01332058648681414,-1.6504241286386008,13.581325946041401,0.3810743046184851,0.6115565783719072,-0.34517751649481276,1.3617903410923475,-3.496148077008967,-2.7613652102803288,-3.7630495862328934,0.8476574636157679,0.11457827541678386,7.479431439175452
124,0.02756844519703126,-1.445514139950788,27.2219832278559,0.12595641688533665,0.9049870826729969,-2.7272320828322596,1.348047377820381,-3.6058083208432166,-3.717187785516218,-0.6586397265213653,0.7977768049482953,0.07485159665820824,5.5190796633408965
125,0.04407587725981103,-1.7043619052675187,15.174821810603248,0.44601501390867804,0.8857698536392551,-0.01250327083890479,0.7571054846574718,-2.3890562367453034,-3.400930920893499,-2.687206188112259,0.682039031972631,0.21599440932791814,4.693309929463763
126,0.018426237323898483,-1.2229524237274707,11.899390248237582,0.23634070667518187,0.6725953057829193,-0.05739100675127773,0.96251699781758,-3.34267942791178,-3.863087269256916,-3.8620494491956356,0.643548921920089,0.0636621323245194,10.210277324372788
127,0.01151775968189342,-1.2356881215050188,16.2486615871925,0.2768540054396543,0.7477938566055288,-1.414188217910806,0.6452266315959341,-1.8972191280694393,-2.7391685721997723,-3.7342977800375996,0.637175082539169,0.2370284912097138,13.768385686330978
128,0.009224781323220157,-1.8169389765745179,11.086882566125189,0.515907796177336,0.9108483920340498,-1.509191281008734,0.5295535981700914,-2.9302449758940186,-2.553664426684605,-2.713175601873737,0.8911780438394556,0.10176914756839822,9.996874169635312
129,0.03966763317545584,-1.6167113831433926,11.796338982656993,0.18751743024061082,0.6355384821684242,-2.418917347556929,0.3936971609916147,-1.8018713632320669,-3.302501177860774,-0.7036253302477133,0.7261543538479829,0.11902892608447578,5.6057578407458495
130,0.03386393258556499,-2.017900168364977,22.50043665953607,0.5775449226076604,0.9119660844423647,-0.1701232006644693,0.8904917581290066,-2.518193760040183,-1.97956968867443,-2.2277917002182788,0.8161916600078734,0.21169302455841998,7.8628222748992656
131,0.029708532934122102,-1.145649578076809,20.00178283375157,0.34968730725330754,0.5017628752571083,-0.883479253756466,1.425727589515788,-1.9583957432112038,-3.7925579695163467,-0.601070241025631,0.7206050970483447,0.222831132737229,4.6199165968267195
132,0.014798943036850018,-1.138403848476327,18.845535897547563,0.5705680153030477,0.7339266474773539,-2.5876769351493385,1.3103046575152915,-2.784815582399892,-2.3141940423187672,-1.555111353877031,0.8875206896052565,0.29689149961348227,14.737322620790211
133,0.03698106912939055,-1.1913438196350554,10.659882568727332,0.34416764749651785,0.5622271621514539,-3.334780769183113,0.742031456168325,-3.747476552461734,-3.33820386367401,-1.2938105737866468,0.6065150367983255,0.09792383376167504,5.186668653543508
134,0.03259184535995073,-1.6842088918465543,19.238664415992716,0.4578814654866328,0.8547680158319151,-1.1353111413421977,0.9361909294312767,-3.1979919909740664,-1.6849304494311927,-0.8101657983808304,0.7462611963782987,0.0853137460479679,5.2630378203408235
135,0.015626417210956246,-1.0509999496915063,16.670353833608853,0.29699035770789906,0.5482343074805024,-1.7299529856161775,0.6666469223409371,-1.3883327487318358,-2.415193416052384,-3.506602786032758,0.6221669560869021,0.1850169615513252,5.113581667441347
136,0.023260237375714577,-1.2488214724871254,10.855967971100942,0.4874186093181022,0.681107263976682,-0.805411862218576,1.366892259777882,-1.5925261055658249,-2.5167046471985026,-1.1105109769605641,0.8501925177465557,0.24255391257924963,13.858624777558125
137,0.0332610284810592,-1.0854064706119169,23.712862460488395,0.43917882586072254,0.7494737895446832,-2.4601461171669747,1.1745116010439527,-2.6998349160786317,-3.75094356976802,-3.4985513304429343,0.7452821139117822,0.19963896272635995,12.77362854078741
138,0.03862706101318003,-1.4615219551382959,18.457488825948758,0.32903388628716834,0.8973371432428207,-2.337351907021514,1.0951173168896786,-2.8761675601466754,-3.4270126549529447,-3.1114614206907962,0.6954255825017794,0.08719568646297186,7.366913885429312
139,0.016565948347275757,-1.8633583379006189,25.188438468847572,0.355925440240344,0.9216771121046058,-3.40979504853801,1.4661035033841228,-1.923045886019033,-3.777447322419081,-2.319365206405453,0.6935640360388806,0.23583467629096294,3.852957652920431
140,0.029921608817550256,-1.838994415352003,24.062845661585563,0.43132667678824155,0.6087874545881068,-2.5055685912431462,0.8958745004918243,-2.404209387477566,-1.8524909792959017,-2.404011596880471,0.8942405854190465,0.05339633335244216,4.040950039821257
141,0.04874573467090337,-1.6279047199126846,23.987308328221737,0.1166647729024702,0.7807041630169985,-3.827764356448686,0.9101322684576012,-1.4573045653867411,-3.5251325913778393,-0.5143239395139312,0.6318041553355491,0.18472105833392638,4.199024601132885
142,0.008802128491350784,-2.082445920472792,16.878365520471455,0.5008011898256454,0.5263079626240165,-1.614512545985646,0.9999983228054932,-3.2757412118350544,-2.049782279435325,-2.392794947450027,0.7571441267802808,0.1511885126440609,10.38496246581657
143,0.02142113860035207,-1.8731583652716206,25.86753033024722,0.19669907304302414,0.7684196803059131,-1.581475129822258,0.6371202356503871,-2.8998067999411727,-1.370136248477646,-1.9286383731502033,0.5527233802057898,0.07282799653894236,3.175216549651693
144,0.0203043136695464,-1.7846515130519283,15.345852425231309,0.11067183885057315,0.7151926084978315,-0.8429327269649654,0.767621737270361,-2.62228299744546,-3.885041849490901,-2.1578366422240483,0.5583805796138565,0.05541804307114078,7.084425673038543
145,0.03160079690091609,-1.3014372780223467,22.64150503866281,0.32383159707026216,0.8286611529842587,-2.979080310946662,0.5339252711998209,-3.542897368601671,-3.2263655647555156,-1.1982384851674381,0.8552536633740502,0.1305735452316953,9.082830643145378
146,0.009780515966237018,-1.2757782622954543,19.52243636027217,0.2032609218143197,0.7164536236605917,-3.8639154793925155,0.42314746931843655,-1.7897184305856229,-1.392504578740287,-3.029339661213358,0.6834602447495048,0.06851157919207791,11.879045222160034
147,0.04754641874729087,-2.042878177680306,21.92673418495999,0.17616653473917265,0.5743916286421725,-1.2951400575780059,0.718201465422025,-2.3160684053709746,-3.297352449583646,-3.673804583007248,0.7196326988716675,0.189204611816707,3.355495587882227
148,0.038232675232197595,-1.9521953355265762,16.619705000857984,0.3409619688409675,0.6919446865913744,-0.5591370637409496,0.750847924788401,-2.280159249896826,-1.362423501404682,-2.9553913395829126,0.6906726864178547,0.09982867050642542,6.985498054852956
149,0.006018978212753718,-2.221118468692625,15.327659757647096,0.5525880322637465,0.9336353167948019,-3.427295457612486,0.4345866641493827,-2.952008657539056,-1.7442412163352308,-2.0345926234121814,0.8791643298636764,0.2316368984013747,6.773169919032065
